avg_epoch_s,baseline_batch_size,baseline_device,baseline_eval_frac,baseline_graphs_total,baseline_seed,baseline_split_mode,bootstrap_graph_enabled_effective,bootstrap_loss_train,econ_ann_return_uplift,econ_avg_borrow_bps_applied,econ_avg_cost_bps_applied,econ_bh_ann_return,econ_bh_ann_vol,econ_bh_calmar,econ_bh_cvar_95_daily,econ_bh_hit_rate_daily,econ_bh_max_drawdown,econ_bh_max_drawdown_duration_days,econ_bh_sharpe,econ_bh_sortino,econ_bh_total_return,econ_bh_var_95_daily,econ_calmar_uplift,econ_cvar_95_daily_delta,econ_eval_s,econ_exposure_adjusted_ann_return_uplift,econ_exposure_adjusted_calmar_uplift,econ_exposure_adjusted_cvar_95_daily_delta,econ_exposure_adjusted_hit_rate_delta,econ_exposure_adjusted_max_drawdown_delta,econ_exposure_adjusted_max_drawdown_duration_delta,econ_exposure_adjusted_sharpe_uplift,econ_exposure_adjusted_sortino_uplift,econ_exposure_adjusted_total_return_uplift,econ_exposure_adjusted_var_95_daily_delta,econ_exposure_benchmark_ann_return,econ_exposure_benchmark_ann_vol,econ_exposure_benchmark_calmar,econ_exposure_benchmark_cvar_95_daily,econ_exposure_benchmark_exposure,econ_exposure_benchmark_hit_rate_daily,econ_exposure_benchmark_max_drawdown,econ_exposure_benchmark_max_drawdown_duration_days,econ_exposure_benchmark_sharpe,econ_exposure_benchmark_sortino,econ_exposure_benchmark_total_return,econ_exposure_benchmark_var_95_daily,econ_hit_rate_delta,econ_max_abs_exposure,econ_max_drawdown_delta,econ_max_drawdown_duration_delta,econ_num_days,econ_oos_ann_return_uplift_mean,econ_oos_ann_return_uplift_min,econ_oos_folds_requested,econ_oos_folds_used,econ_oos_min_fold_days,econ_oos_sharpe_uplift_mean,econ_oos_sharpe_uplift_min,econ_regime_confidence_mean,econ_regime_confidence_temp,econ_regime_exposure_mean,econ_regime_gate_enabled,econ_regime_high_count,econ_regime_low_count,econ_regime_mid_count,econ_regime_min_confidence,econ_regime_neutral_exposure,econ_regime_threshold_quantile,econ_regime_threshold_window,econ_regime_thresholding_enabled,econ_regime_vol_window,econ_sharpe_uplift,econ_short_borrow_bps,econ_signal_polarity_effective,econ_signal_polarity_requested,econ_signal_quantile,econ_signal_window,econ_slippage_bps,econ_slippage_vol_lookback,econ_slippage_vol_scale,econ_sortino_uplift,econ_strategy_ann_return,econ_strategy_ann_vol,econ_strategy_calmar,econ_strategy_cvar_95_daily,econ_strategy_hit_rate_daily,econ_strategy_max_drawdown,econ_strategy_max_drawdown_duration_days,econ_strategy_sharpe,econ_strategy_sortino,econ_strategy_total_return,econ_strategy_var_95_daily,econ_ticker_effective,econ_ticker_requested,econ_ticker_rows,econ_ticker_source,econ_turnover_cost_bps,econ_turnover_mean_daily,econ_var_95_daily_delta,energy_penalty_train,error_message,error_type,eval_acc,eval_auprc,eval_auroc,eval_brier,eval_ece,eval_finite_goodness_rate_neg,eval_finite_goodness_rate_pos,eval_g_neg,eval_g_pos,eval_neg_mode_effective,eval_objective,eval_return_corr,eval_return_mae,eval_return_mse,eval_return_rank_corr,eval_sep,finite_goodness_rate_train,fold_eval_end_date,fold_eval_end_idx,fold_eval_start_date,fold_eval_start_idx,fold_id,fold_train_end_idx,fold_train_start_idx,goodness_target_eval,graphs_per_s,mode,neg_mode_effective,objective_track,peak_cuda_mem_mb,portfolio_head_enabled_effective,portfolio_loss_train,portfolio_ticker_effective,primary_eval_metric,primary_eval_metric_name,primary_eval_metric_robust,primary_eval_metric_robust_name,primary_metric_family,rank_aux_loss_train,rank_corr_loss_train,retry_applied,risk_head_enabled_effective,risk_horizons_effective,risk_loss_train,risk_ticker_effective,row_type,safe_mode_applied,seed_run,signal_family,split_mode_effective,status,target_cal_acc,target_calibration_num_neg,target_calibration_num_pos,target_calibration_reason,target_calibration_valid,task_family,time_econ_eval_s,time_forward_neg_s,time_forward_pos_s,time_hallucinate_s,time_loss_terms_s,time_neg_gen_s,time_optimizer_s,time_to_target_metric,vicreg_loss_train
176.97413841267362,128,cuda,0.2,10400,7,walk_forward,False,0.0,-0.0440697765916549,0.0,0.2568916693343283,0.13941378326316722,0.14799795910465546,0.7488916640062616,-0.022682912633009863,0.5536315536315536,-0.18616014834156513,192.0,0.941998012044085,1.3336207166901124,1.9350946918800895,-0.015096171332346241,-0.017127023512170547,0.004814604997228345,8.662072444334626,0.01031565732909856,-0.015328236544869367,-0.004142908841973722,-0.22174122174122168,-0.016480980805683054,138.0,-0.10022540433813398,-0.1028694326051991,0.1591857303778157,-0.0025081407603922256,0.08502834934241377,0.08955335861166742,0.7470928770389604,-0.013725398793807795,0.6050986050986051,0.5536315536315536,-0.11381228754236883,192.0,0.9494713616618716,1.3442010085229172,0.9605998050026205,-0.009134672215532262,-0.22174122174122168,1.0,0.05586687999351325,138.0,2079.0,-0.04428954467785945,-0.10751284033293729,4.0,4.0,63.0,-0.1829878227472822,-0.9187150240740761,nan,1.0,0.6050986050986051,0.0,686.0,686.0,707.0,0.05,0.2,0.6,252.0,1.0,21.0,-0.09275205472034731,0.0,low,auto,0.6,252.0,0.5,21.0,0.2,-0.09228914077239425,0.09534400667151233,0.11226901447017029,0.7317646404940911,-0.017868307635781518,0.3318903318903319,-0.13029326834805188,330.0,0.8492459573237376,1.2413315759177181,1.1197855353804362,-0.011642812975924488,SPY,SPY,5282.0,requested,1.0,0.15343915343915343,0.0034533583564217533,5.0203433508775674,,,0.5,0.5003325597676735,0.5001020478920118,0.25119183757805025,0.03348569718216754,1.0,1.0,0.6262407933964449,0.6262552177204805,factor_hard,ff,,,,,1.4424324035644531e-05,1.0,2017-11-13,8319,2009-08-12,6240,0,6239,0,0.493164986371994,35.26243091416439,ff_accurate,shuffle+noise,,9294.861328125,True,0.2231345635739616,SPY,,,,,,0.7533508531901301,1.2128167109221828,False,True,21,1.8305603161150095,SPY,fold,False,7,goodness_rank,walk_forward,ok,0.509765625,1024,1024,ok,1,financial_value,8.662072444334626,0.0016795825441272892,0.0016795825441272892,0.0,0.037987062450004175,0.018347149986621677,0.043713139554447666,nan,10.458859204272835
241.87297253202843,128,cuda,0.2,10400,7,walk_forward,False,0.0,-0.10249413462786139,0.0,0.17644472435987288,0.15652228416772518,0.1682622493473365,0.4642458638906082,-0.026219077362405703,0.5576923076923077,-0.3371538582077859,187.0,0.9302281692705949,1.29287037673283,2.3210174283049314,-0.015198012026585783,-0.07145479286361744,0.012917540878339944,11.26626040879637,-0.007687825643029278,-0.04322091939128314,-0.0031164333548235456,-0.3451923076923077,0.003997176864695362,490.0,-0.25285104433762384,-0.35379065568307244,-0.0954436308749671,-0.0006475348852750607,0.06171597518289307,0.06536341224646533,0.4360119904182739,-0.010185103129242213,0.38846153846153847,0.5576923076923077,-0.14154650913083344,134.0,0.9441975726447864,1.3122856432230778,0.6393516122975351,-0.005903843133404477,-0.3451923076923077,1.0,0.1996045259416478,437.0,2080.0,-0.10313253222366375,-0.13714086989349683,4.0,4.0,63.0,-0.2972150457571433,-0.4727621113901168,nan,1.0,0.38846153846153847,0.0,687.0,687.0,706.0,0.05,0.2,0.6,252.0,1.0,21.0,-0.23888164096343234,0.0,high,auto,0.6,252.0,0.5,21.0,0.2,-0.3343753891928246,0.05402814953986379,0.07814915867467738,0.39279107102699073,-0.013301536484065759,0.2125,-0.13754933226613808,624.0,0.6913465283071626,0.9584949875400054,0.543907981422568,-0.006551378018679538,SPY,SPY,5282.0,requested,1.0,0.10625,0.008646634007906245,15.87417063880385,,,0.5,0.4991401737661082,0.49807472725591717,0.25194706483386603,0.0439166915691076,1.0,1.0,0.8067595047109267,0.806697294992559,factor_hard,ff,,,,,-6.220971836767841e-05,1.0,2021-12-31,9359,2013-09-30,7280,1,7279,0,0.6304640769958496,30.101423324795494,ff_accurate,shuffle+noise,,14510.11962890625,True,-0.0655039502942951,SPY,,,,,,0.7447854574312244,1.0374600197139539,False,True,21,1.5409354853002648,SPY,fold,False,7,goodness_rank,walk_forward,ok,0.5166015625,1024,1024,ok,1,financial_value,11.26626040879637,0.0009476445153715057,0.0009476445153715057,0.0,0.056123885411867185,0.02086103206435055,0.06547600718362159,nan,86.72639433542888
308.241701014438,128,cuda,0.2,10400,7,walk_forward,False,0.0,-0.055186718879251195,0.0,0.27813779330780725,0.1440889014795741,0.19216395424648355,0.4273683897479617,-0.029406735770725837,0.5536315536315536,-0.337153858207786,488.0,0.749822733636898,1.0536770507662043,2.035939580850879,-0.017749699786558538,0.029350545069037892,0.00938574578944269,16.182073790580034,0.018661271259221124,0.042390235171679835,-0.006201662974068555,-0.29148629148629146,-0.025124595600079846,70.0,-0.11980477560682279,-0.12462019577781791,0.2683570410129368,-0.0018848117463191212,0.07024091134110177,0.09030504247177222,0.41432869964531976,-0.013819327007214593,0.46993746993746993,0.5536315536315536,-0.16952943737962278,479.0,0.7778182637260578,1.093017345819551,0.7507445153708272,-0.008341249009844969,-0.29148629148629146,1.0,0.14249982522808335,61.0,2079.0,-0.054723450229471504,-0.11672677332607972,4.0,4.0,63.0,-0.1614041692133637,-0.7562224417262503,nan,1.0,0.46993746993746993,0.0,686.0,686.0,707.0,0.05,0.2,0.6,252.0,1.0,21.0,-0.09180924551766301,0.0,high,auto,0.6,252.0,0.5,21.0,0.2,-0.08527990072447134,0.0889021826003229,0.1351069304892629,0.4567189348169996,-0.020020989981283148,0.2621452621452621,-0.19465403297970263,549.0,0.658013488119235,0.968397150041733,1.019101556383764,-0.01022606075616409,SPY,SPY,5282.0,requested,1.0,0.16498316498316498,0.007523639030394448,22.21118655865009,,,0.5,0.5020775947648155,0.5025094767011834,0.25004966107181514,0.007259415603992736,1.0,1.0,0.6359170219477486,0.6359419331831091,factor_hard,ff,,,,,2.4911235360525197e-05,1.0,2026-02-25,10399,2017-11-14,8320,2,8319,0,0.6646875739097595,26.99374522637851,ff_accurate,shuffle+noise,,20120.02880859375,True,0.03580222555778723,SPY,,,,,,0.7445724828885152,0.9838637347404774,False,True,21,2.2548422453036676,SPY,fold,False,7,goodness_rank,walk_forward,ok,0.53515625,1024,1024,ok,1,financial_value,16.182073790580034,0.0010086929959316666,0.0010086929959316666,0.0,0.07697500526761779,0.024824143742712645,0.08941836254742856,nan,124.72054108839768
184.22199183261316,128,cuda,0.2,10400,7,walk_forward,False,0.0,-0.04679473420312941,0.0,0.23510410167831725,0.13941378326316722,0.14799795910465546,0.7488916640062616,-0.022682912633009863,0.5536315536315536,-0.18616014834156513,192.0,0.941998012044085,1.3336207166901124,1.9350946918800895,-0.015096171332346241,-0.24926533158574654,0.0037049977895582294,7.806615622714162,0.021604286862797473,-0.24700107441500813,-0.007532808854020492,-0.2727272727272727,-0.09026257897448653,280.0,-0.14803468045944235,-0.19504597014754688,0.31545367933892376,-0.0032392458702043755,0.07101476219724034,0.0746752569027338,0.7466274068355232,-0.011445105989431142,0.5045695045695046,0.5536315536315536,-0.09511405762377056,185.0,0.9509811568474236,1.3463384802709115,0.7612155837172019,-0.0076170676900583,-0.2727272727272727,1.0,0.0007835117433080407,273.0,2079.0,-0.047178562499716914,-0.11064169333791574,4.0,4.0,63.0,-0.06806841402662013,-0.5089484735270313,nan,1.0,0.5045695045695046,0.0,686.0,686.0,707.0,0.05,0.2,0.6,252.0,1.0,21.0,-0.13905153565610373,0.0,low,auto,0.6,252.0,0.5,21.0,0.2,-0.18232820656674775,0.09261904906003782,0.11534897005424379,0.4996263324205151,-0.018977914843451633,0.2809042809042809,-0.1853766365982571,465.0,0.8029464763879812,1.1512925101233646,1.0766692630561256,-0.010856313560262676,SPY,SPY,5282.0,requested,1.0,0.14093314093314094,0.004239857772083565,18.3766725773714,,,0.5004807692307692,0.4996573449928942,0.49882696930473375,0.2500069295913984,0.001310677980677678,1.0,1.0,0.6721054771367241,0.6720907372586867,factor_hard,ff,,,,,-1.4739878037350884e-05,1.0,2017-11-13,8319,2009-08-12,6240,0,6239,0,0.6725623607635498,33.87751996114382,ff_accurate,shuffle+noise,,9331.08935546875,True,-0.18649831341409684,SPY,,,,,,0.7427773808946415,0.923446430296314,False,True,21,4.982324748379844,SPY,fold,False,27,goodness_rank,walk_forward,ok,0.5107421875,1024,1024,ok,1,financial_value,7.806615622714162,0.0009219151313359641,0.0009219151313359641,0.0,0.03745580250872489,0.018036437844287375,0.04364948484343382,nan,152.43025216861648
243.6004496546168,128,cuda,0.2,10400,7,walk_forward,False,0.0,-0.08787907452962451,0.0,0.2988032611039191,0.15652228416772518,0.1682622493473365,0.4642458638906082,-0.026219077362405703,0.5576923076923077,-0.3371538582077859,187.0,0.9302281692705949,1.29287037673283,2.3210174283049314,-0.015198012026585783,-0.00010135049134518681,0.008971585968681695,10.494320651516318,-0.028158922589011093,0.017865940603881858,-0.0012009118349055152,-0.22403846153846158,0.0690177664835443,646.0,-0.2712513749484097,-0.3845797973253443,-0.4142101525871269,-0.0007242959486178785,0.09680213222711176,0.1029797324130574,0.44627857279538113,-0.016046579558818493,0.6120192307692308,0.5576923076923077,-0.216909657169437,187.0,0.9400114950661657,1.306467655900303,1.1439645459485535,-0.009301475629732549,-0.22403846153846158,1.0,0.18926196752189317,646.0,2080.0,-0.08797517014381223,-0.1313277371444166,4.0,4.0,63.0,-0.35999849946837587,-1.1652956600126188,nan,1.0,0.6120192307692308,0.0,687.0,687.0,706.0,0.05,0.2,0.6,252.0,1.0,21.0,-0.26146804915283894,0.0,low,auto,0.6,252.0,0.5,21.0,0.2,-0.3709825181578713,0.06864320963810067,0.10264249851802451,0.464144513399263,-0.01724749139372401,0.33365384615384613,-0.1478918906858927,833.0,0.668760120117756,0.9218878585749587,0.7297543933614266,-0.010025771578350428,SPY,SPY,5282.0,requested,1.0,0.18076923076923077,0.005172240448235355,11.762210972267285,,,0.4997596153846154,0.5042809515279243,0.5062012296597633,0.25007782129781303,0.009688636869776578,1.0,1.0,0.5422993477653054,0.5424064783489003,factor_hard,ff,,,,,0.00010713058359490546,1.0,2021-12-31,9359,2013-09-30,7280,1,7279,0,0.5797023773193359,29.886818372178908,ff_accurate,shuffle+noise,,14507.97265625,True,-0.06486704301643298,SPY,,,,,,0.744251754984521,1.0079724638608465,False,True,21,2.693328242762047,SPY,fold,False,27,goodness_rank,walk_forward,ok,0.5263671875,1024,1024,ok,1,financial_value,10.494320651516318,0.000962429069260364,0.000962429069260364,0.0,0.056182199183916835,0.020742537122906038,0.06563062287720019,nan,43.72780746158801
310.24270122473763,128,cuda,0.2,10400,7,walk_forward,False,0.0,0.005189579544959244,0.0,0.13902734238640213,0.1440889014795741,0.19216395424648355,0.4273683897479617,-0.029406735770725837,0.5536315536315536,-0.337153858207786,488.0,0.749822733636898,1.0536770507662043,2.035939580850879,-0.017749699786558538,0.028128706192811603,0.0038512599919227446,16.400486322119832,0.057058796984387206,0.03719596083153215,-0.007238148783569827,-0.20394420394420387,-0.10726409799088221,-283.0,0.12907237781674108,0.21972989782216445,1.081020783685151,-0.003163386264491074,0.09221968404014613,0.11969808597844936,0.41830113510924116,-0.018317326995233266,0.622895622895623,0.5536315536315536,-0.22046242837964702,480.0,0.7704357449520916,1.082643173018402,1.0704154173266254,-0.011056210304758686,-0.20394420394420387,1.0,0.009427331837256747,-291.0,2079.0,0.0026626898689008915,-0.13652316573159617,4.0,4.0,63.0,0.19687437733656518,-0.491578219124705,nan,1.0,0.622895622895623,0.0,686.0,686.0,707.0,0.05,0.2,0.6,252.0,1.0,21.0,0.14968538913193463,0.0,low,auto,0.6,252.0,0.5,21.0,0.2,0.2486960200743622,0.14927848102453334,0.1659556787158629,0.4554970959407733,-0.025555475778803093,0.3496873496873497,-0.32772652637052924,197.0,0.8995081227688326,1.3023730708405665,2.1514362010117765,-0.01421959656924976,SPY,SPY,5282.0,requested,1.0,0.08321308321308321,0.0035301032173087783,14.391215998576238,,,0.5,0.5025942461160715,0.5029732572115385,0.25032687932105946,0.018248043730198837,1.0,1.0,0.6493428840356714,0.6494279012960547,factor_hard,ff,,,,,8.501726038323554e-05,1.0,2026-02-25,10399,2017-11-14,8320,2,8319,0,0.5765674710273743,26.820230368523262,ff_accurate,shuffle+noise,,20099.04638671875,True,-0.03757076380337262,SPY,,,,,,0.745929322380286,1.0787574047308701,False,True,21,4.521276493989505,SPY,fold,False,27,goodness_rank,walk_forward,ok,0.5068359375,1024,1024,ok,1,financial_value,16.400486322119832,0.0009782398907611004,0.0009782398907611004,0.0,0.07712314837683852,0.02466331598420556,0.08933951218684132,nan,54.31503935300387
183.9883483924756,128,cuda,0.2,10400,7,walk_forward,False,0.0,-0.048437333810741556,0.0,0.3195155723240782,0.13941378326316722,0.14799795910465546,0.7488916640062616,-0.022682912633009863,0.5536315536315536,-0.18616014834156513,192.0,0.941998012044085,1.3336207166901124,1.9350946918800895,-0.015096171332346241,-0.26305897212178836,0.0037520059317595715,7.718138033524156,-0.0016034880309345745,-0.26151210324149093,-0.003972622324214928,-0.188071188071188,-0.06338032498452006,200.0,-0.18290134510342182,-0.229691635054877,-0.025003220662902947,-0.002146709079151649,0.09257993748336024,0.09759749972702386,0.7473447951259642,-0.014958284377035364,0.6594516594516594,0.5536315536315536,-0.123878480304069,192.0,0.9485892337642098,1.342952148096408,1.076056063989213,-0.009955195236482297,-0.188071188071188,1.0,-0.001098656947023935,200.0,2079.0,-0.048234164907503096,-0.08294272312945727,4.0,4.0,63.0,-0.22330645833057683,-0.6103837544399866,nan,1.0,0.6594516594516594,0.0,686.0,686.0,707.0,0.05,0.2,0.6,252.0,1.0,21.0,-0.176310123383297,0.0,low,auto,0.6,252.0,0.5,21.0,0.2,-0.22036020364858144,0.09097644945242567,0.1188166233261784,0.48583269188447326,-0.01893090670125029,0.3655603655603656,-0.18725880528858907,392.0,0.765687888660788,1.113260513041531,1.05105284332631,-0.012101904315633946,SPY,SPY,5282.0,requested,1.0,0.19047619047619047,0.002994267016712295,13.816239403218638,,,0.5,0.5014399739176301,0.5001556721523669,0.253059180580834,0.05525508723118877,1.0,1.0,0.7500275513705086,0.750033462748808,factor_hard,ff,,,,,5.911378299416903e-06,1.0,2017-11-13,8319,2009-08-12,6240,0,6239,0,0.5287731885910034,33.9196978859499,ff_accurate,shuffle+noise,,9301.10693359375,True,-0.18467773660533046,SPY,,,,,,0.7467008976912012,1.1994789888664168,False,True,21,1.6121019871867432,SPY,fold,False,47,goodness_rank,walk_forward,ok,0.51318359375,1024,1024,ok,1,financial_value,7.718138033524156,0.0009357068953769548,0.0009357068953769548,0.0,0.037556074237526986,0.018097222805479353,0.04370613330214911,nan,88.80982891783422
244.08139091465426,128,cuda,0.2,10400,7,walk_forward,False,0.0,-0.08356950501744964,0.0,0.26777547941427393,0.15652228416772518,0.1682622493473365,0.4642458638906082,-0.026219077362405703,0.5576923076923077,-0.3371538582077859,187.0,0.9302281692705949,1.29287037673283,2.3210174283049314,-0.015198012026585783,-0.10932306203255288,0.00887168854594414,11.049176304601133,0.00956814656853644,-0.08157249668856298,-0.006884968522809287,-0.33461538461538465,-0.06033284890556434,118.0,-0.2929275276435862,-0.419949677750988,0.127440962781304,-0.001784457918452875,0.0633846325817391,0.06714310911456216,0.4364952985466183,-0.010462420293652276,0.39903846153846156,0.5576923076923077,-0.145212635262713,134.0,0.9440229000058635,1.3120428758161669,0.6607396249600903,-0.006064591337531827,-0.33461538461538465,1.0,0.13160837403950854,65.0,2080.0,-0.08376308834983079,-0.1393563831343143,4.0,4.0,63.0,-0.2340759277815379,-1.02221950513718,nan,1.0,0.39903846153846156,0.0,687.0,687.0,706.0,0.05,0.2,0.6,252.0,1.0,21.0,-0.2791327969083176,0.0,high,auto,0.6,252.0,0.5,21.0,0.2,-0.40077717866765117,0.07295277915027554,0.11204622586333439,0.3549228018580553,-0.017347388816461563,0.2230769230769231,-0.20554548416827734,252.0,0.6510953723622773,0.8920931980651788,0.7881805877413943,-0.007849049255984702,SPY,SPY,5282.0,requested,1.0,0.1596153846153846,0.00734896277060108,14.796603827727468,,,0.5009615384615385,0.5003656832801624,0.4997349990754438,0.2500262105296275,0.004119872296493769,1.0,1.0,0.8136988738003899,0.8136948943138123,factor_hard,ff,,,,,-3.979486577598834e-06,1.0,2021-12-31,9359,2013-09-30,7280,1,7279,0,0.796364426612854,29.828729807291918,ff_accurate,shuffle+noise,,14436.1416015625,True,-0.06843316600225878,SPY,,,,,,0.7442640612522761,0.9943401403594435,False,True,21,3.4926017382688688,SPY,fold,False,47,goodness_rank,walk_forward,ok,0.53515625,1024,1024,ok,1,financial_value,11.049176304601133,0.0009559767316667395,0.0009559767316667395,0.0,0.05584165583642428,0.02062933833518049,0.06524428379101058,nan,72.87343773758202
309.0576483668563,128,cuda,0.2,10400,7,walk_forward,False,0.0,-0.06930027851901333,0.0,0.43404397588455684,0.1440889014795741,0.19216395424648355,0.4273683897479617,-0.029406735770725837,0.5536315536315536,-0.337153858207786,488.0,0.749822733636898,1.0536770507662043,2.035939580850879,-0.017749699786558538,-0.14400851696898642,0.006346267766751644,16.121159333735704,0.017764869649060433,-0.12855507218954487,-0.011900335958229756,-0.34439634439634437,-0.12549937580528125,-101.0,-0.274908683023562,-0.37783132931242824,0.23291975361296968,-0.00402141418840324,0.057023753311500336,0.07292802304015177,0.41191494496852016,-0.011160132045744437,0.3795093795093795,0.5536315536315536,-0.13843574749602316,392.0,0.7819182659058911,1.098778811845031,0.5801530776339034,-0.006736177552474597,-0.34439634439634437,1.0,0.07321873490648156,-197.0,2079.0,-0.071758337824256,-0.22370605847438663,4.0,4.0,63.0,-0.17245997732793955,-0.876614978279984,nan,1.0,0.3795093795093795,0.0,686.0,686.0,707.0,0.05,0.2,0.6,252.0,1.0,21.0,-0.24281315075456888,0.0,high,auto,0.6,252.0,0.5,21.0,0.2,-0.33272956823360156,0.07478862296056077,0.1475092887503042,0.2833598727789753,-0.023060468003974193,0.20923520923520925,-0.2639351233013044,291.0,0.5070095828823291,0.7209474825326028,0.8130728312468731,-0.010757591740877837,SPY,SPY,5282.0,requested,1.0,0.25396825396825395,0.006992108045680701,13.719448831264788,,,0.5,0.49961103486162933,0.4984964404585799,0.25423462150528525,0.06502313910505364,1.0,1.0,0.9619000308653888,0.96185622846379,factor_hard,ff,,,,,-4.380240159873594e-05,1.0,2026-02-25,10399,2017-11-14,8320,2,8319,0,0.7003908753395081,26.921300213762642,ff_accurate,shuffle+noise,,20164.06982421875,True,-0.03628131984266265,SPY,,,,,,0.7430904835462571,0.9047664125149066,False,True,21,0.7701733670784877,SPY,fold,False,47,goodness_rank,walk_forward,ok,0.515625,1024,1024,ok,1,financial_value,16.121159333735704,0.0009884433792187617,0.0009884433792187617,0.0,0.07646352468416667,0.02505335476106176,0.0888200141596966,nan,46.48237139481765
184.09274031099324,128,cuda,0.2,10400,7,walk_forward,False,0.0,-0.030659417304883085,0.0,0.24558080953675288,0.13941378326316722,0.14799795910465546,0.7488916640062616,-0.022682912633009863,0.5536315536315536,-0.18616014834156513,192.0,0.941998012044085,1.3336207166901124,1.9350946918800895,-0.015096171332346241,0.07166670755819271,0.003927338556631691,8.291663547977805,0.017509634288049192,0.07325814349083593,-0.0040154995370822,-0.1991341991341991,-0.010437863592723251,26.0,-0.04524789181836264,-0.012028367805735796,0.2884260112717061,-0.002692835099390783,0.09124473167023495,0.09617375793669529,0.7473002280736184,-0.014740074539295971,0.6498316498316499,0.5536315536315536,-0.12209916208033889,192.0,0.9487487400699806,1.3431779669528163,1.0552176464534084,-0.009809969923039813,-0.1991341991341991,1.0,0.053623122668503,26.0,2079.0,-0.03008270402720631,-0.07440557181840224,4.0,4.0,63.0,-0.11521068411922718,-0.5568551893127204,nan,1.0,0.6498316498316499,0.0,686.0,686.0,707.0,0.05,0.2,0.6,252.0,1.0,21.0,-0.03849716379246704,0.0,low,auto,0.6,252.0,0.5,21.0,0.2,-0.0024711175430318644,0.10875436595828414,0.12036996552768803,0.8205583715644543,-0.01875557407637817,0.3544973544973545,-0.13253702567306214,218.0,0.9035008482516179,1.3311495991470805,1.3436436577251145,-0.012502805022430596,SPY,SPY,5282.0,requested,1.0,0.14766714766714767,0.002593366309915645,9.100119559132324,,,0.5,0.498098425131322,0.4991776072485207,0.25045150042513176,0.020823758132764936,1.0,1.0,0.6881485371028676,0.6881322545163772,factor_hard,ff,,,,,-1.6282586490445894e-05,1.0,2017-11-13,8319,2009-08-12,6240,0,6239,0,0.6054478883743286,33.90000865429181,ff_financial,shuffle+noise,,9317.24658203125,True,0.185864329350725,SPY,,,,,,0.7457037288315442,1.08307568625528,False,True,21,2.425003949720032,SPY,fold,False,7,goodness_rank,walk_forward,ok,0.52392578125,1024,1024,ok,1,financial_value,8.291663547977805,0.0009290082327907486,0.0009290082327907486,0.0,0.037553606248859846,0.010693462158800389,0.04373258681473683,nan,29.211853785417517
243.43169635308809,128,cuda,0.2,10400,7,walk_forward,False,0.0,-0.04037773669533107,0.0,0.15866519078148894,0.15652228416772518,0.1682622493473365,0.4642458638906082,-0.026219077362405703,0.5576923076923077,-0.3371538582077859,187.0,0.9302281692705949,1.29287037673283,2.3210174283049314,-0.015198012026585783,0.6856464603570587,0.009473967636127512,11.154475398361683,0.018142695822671362,0.703258856077728,-0.0004968449569796585,-0.20528846153846153,0.11841872335140713,229.0,0.2139559702856011,0.29279465524045123,0.31335656341633333,0.0005842780906851371,0.09800185164972275,0.1042740574080369,0.44663346816993893,-0.016248264769298533,0.6197115384615385,0.5576923076923077,-0.21942343920459217,187.0,0.9398488376282295,1.3062415877269127,1.1633982368954623,-0.00941838341455244,-0.20528846153846153,1.0,0.23614914235460083,229.0,2080.0,-0.03965205624071827,-0.06252343219035139,4.0,4.0,63.0,0.21006571211928365,-0.29380286449369475,nan,1.0,0.6197115384615385,0.0,687.0,687.0,706.0,0.05,0.2,0.6,252.0,1.0,21.0,0.22357663864323563,0.0,low,auto,0.6,252.0,0.5,21.0,0.2,0.3061658662345339,0.11614454747239411,0.10066221485278133,1.1498923242476669,-0.01674510972627819,0.3524038461538462,-0.10100471585318505,416.0,1.1538048079138306,1.599036242967364,1.4767548003117956,-0.008834105323867303,SPY,SPY,5282.0,requested,1.0,0.09711538461538462,0.00636390670271848,13.934109905309844,,,0.5,0.4984158795917012,0.4968666789940828,0.2503962560774597,0.01923823638746114,1.0,1.0,0.6944675690987531,0.6943863314740798,factor_hard,ff,,,,,-8.123762467326934e-05,1.0,2021-12-31,9359,2013-09-30,7280,1,7279,0,0.6176833510398865,29.909173491129824,ff_financial,shuffle+noise,,14461.6650390625,True,0.06735092251691273,SPY,,,,,,0.7419701173640134,0.8475521225678293,False,True,21,6.596036991738437,SPY,fold,False,7,goodness_rank,walk_forward,ok,0.529296875,1024,1024,ok,1,financial_value,11.154475398361683,0.0009652500314507307,0.0009652500314507307,0.0,0.0559394153815351,0.011975302641982571,0.06539891691257556,nan,52.09488747914632
308.575635161692,128,cuda,0.2,10400,7,walk_forward,False,0.0,-0.05898412043484047,0.0,0.31807035413721674,0.1440889014795741,0.19216395424648355,0.4273683897479617,-0.029406735770725837,0.5536315536315536,-0.337153858207786,488.0,0.749822733636898,1.0536770507662043,2.035939580850879,-0.017749699786558538,-0.17308510698292345,0.0023322703521401165,17.362996270880103,0.007830080001347106,-0.16132287189461564,-0.011826528352283436,-0.2645502645502645,-0.1487524001999332,-174.0,-0.2636223686615571,-0.36437769203545833,0.11377636223314913,-0.005394413963943625,0.07727470104338652,0.09964056886854704,0.4156061546596539,-0.015247937066302284,0.5185185185185185,0.5536315536315536,-0.18593252332046895,480.0,0.7755345229444929,1.0898081536418716,0.8479631314925424,-0.009203548037474796,-0.2645502645502645,1.0,0.0024689346873838502,-182.0,2079.0,-0.06173951153554502,-0.16358106492839553,4.0,4.0,63.0,-0.24462930714361852,-0.7343620016104615,nan,1.0,0.5185185185185185,0.0,686.0,686.0,707.0,0.05,0.2,0.6,252.0,1.0,21.0,-0.2379105793539622,0.0,low,auto,0.6,252.0,0.5,21.0,0.2,-0.3282465891597911,0.08510478104473362,0.16624879939399895,0.25428328276503825,-0.02707446541858572,0.2890812890812891,-0.33468492352040213,306.0,0.5119121542829358,0.7254304616064132,0.9617394937256916,-0.014597962001418422,SPY,SPY,5282.0,requested,1.0,0.18759018759018758,0.003151737785140116,14.451917641713068,,,0.5002403846153847,0.5017204605968126,0.5018162906804734,0.2500862196133678,0.009293663711227064,1.0,1.0,0.7234418181812062,0.7234913145794588,factor_hard,ff,,,,,4.949639825257979e-05,1.0,2026-02-25,10399,2017-11-14,8320,2,8319,0,0.6857654452323914,26.963337032712968,ff_financial,shuffle+noise,,20191.67041015625,True,0.03736806396960254,SPY,,,,,,0.7457272592874674,1.0418806414879285,False,True,21,2.2891994084761693,SPY,fold,False,7,goodness_rank,walk_forward,ok,0.5107421875,1024,1024,ok,1,financial_value,17.362996270880103,0.0010021865733254413,0.0010021865733254413,0.0,0.07661564370975471,0.01677163457283034,0.08910419051607067,nan,42.17782894134521
183.9025423448827,128,cuda,0.2,10400,7,walk_forward,False,0.0,-0.06200488660386383,0.0,0.18438448313725184,0.13941378326316722,0.14799795910465546,0.7488916640062616,-0.022682912633009863,0.5536315536315536,-0.18616014834156513,192.0,0.941998012044085,1.3336207166901124,1.9350946918800895,-0.015096171332346241,-0.22766523179499876,0.0023956639344573302,7.78183688595891,-0.0066825840835313954,-0.22583522564686032,-0.0067145967911623125,-0.22558922558922556,-0.035950019071004924,303.0,-0.325102764888634,-0.4612554398132668,-0.09681403018898438,-0.003344381402590184,0.08409148074283479,0.08855673935843741,0.7470616578581232,-0.01357265190739022,0.5983645983645983,0.5536315536315536,-0.11256297235750368,192.0,0.9495774274442368,1.3443511696940509,0.9466771688374997,-0.009033014496122522,-0.22558922558922556,1.0,0.037647156913056534,303.0,2079.0,-0.062354873502459995,-0.07506015744181882,4.0,4.0,63.0,-0.3635849607523107,-0.5968314498902441,nan,1.0,0.5983645983645983,0.0,686.0,686.0,707.0,0.05,0.2,0.6,252.0,1.0,21.0,-0.31752334948848215,0.0,low,auto,0.6,252.0,0.5,21.0,0.2,-0.4505249868093283,0.0774088966593034,0.12395842665980215,0.5212264322112629,-0.020287248698552533,0.328042328042328,-0.1485129914285086,495.0,0.6244746625556028,0.8830957298807841,0.8498631386485154,-0.012377395898712706,SPY,SPY,5282.0,requested,1.0,0.1111111111111111,0.002718775433633535,10.317717119625636,,,0.5,0.5018145280564951,0.5007836769600592,0.2509645858036942,0.030416371869518066,1.0,1.0,0.6793201846234939,0.6793913841247559,factor_hard,ff,,,,,7.119950126199814e-05,1.0,2017-11-13,8319,2009-08-12,6240,0,6239,0,0.5589916706085205,33.93498120257373,ff_financial,shuffle+noise,,9318.36181640625,True,0.19264838682461277,SPY,,,,,,0.7542299822885163,1.2435883514126953,False,True,21,2.7819393925520837,SPY,fold,False,27,goodness_rank,walk_forward,ok,0.5166015625,1024,1024,ok,1,financial_value,7.78183688595891,0.0009453534809112245,0.0009453534809112245,0.0,0.03753378951960072,0.011448878401472252,0.04379488500025199,nan,37.00556701154125
243.6194905146074,128,cuda,0.2,10400,7,walk_forward,False,0.0,-0.05511729058472348,0.0,0.2394145822468801,0.15652228416772518,0.1682622493473365,0.4642458638906082,-0.026219077362405703,0.5576923076923077,-0.3371538582077859,187.0,0.9302281692705949,1.29287037673283,2.3210174283049314,-0.015198012026585783,-0.15482715624249427,0.0023576068841673903,11.689912556670606,0.008806162839967158,-0.13561845669247086,-0.008520789156099974,-0.23413461538461539,-0.11965753314198413,146.0,-0.265680888281308,-0.3648161121285777,0.1422870895816848,-0.0036050011476488533,0.09259883074303454,0.0984495949306291,0.44503716434058477,-0.015340681322138339,0.5850961538461539,0.5576923076923077,-0.2080698830629999,134.0,0.9405709673897876,1.3072452341522927,1.0770820667740324,-0.008892298382862932,-0.23413461538461539,1.0,0.00942644200280185,93.0,2080.0,-0.0561356105509529,-0.11680882099155232,4.0,4.0,63.0,-0.23252147562850106,-0.41371564224401447,nan,1.0,0.5850961538461539,0.0,687.0,687.0,706.0,0.05,0.2,0.6,252.0,1.0,21.0,-0.2553380901621153,0.0,low,auto,0.6,252.0,0.5,21.0,0.2,-0.350441254709115,0.1014049935830017,0.150254088364962,0.3094187076481139,-0.023861470478238313,0.3235576923076923,-0.327727416204984,280.0,0.6748900791084796,0.942429122023715,1.2193691563557172,-0.012497299530511785,SPY,SPY,5282.0,requested,1.0,0.14375,0.002700712496073997,7.250318855151796,,,0.5004807692307692,0.5020507800009175,0.5008503605769231,0.2500258287748233,0.005006517898757173,1.0,1.0,0.6570063654114219,0.6570258280810188,factor_hard,ff,,,,,1.946266959695908e-05,1.0,2021-12-31,9359,2013-09-30,7280,1,7279,0,0.637206494808197,29.884349384746475,ff_financial,shuffle+noise,,14486.11572265625,True,-0.06976943195462043,SPY,,,,,,0.7466777945296806,1.0911989914220677,False,True,21,1.071581301720519,SPY,fold,False,27,goodness_rank,walk_forward,ok,0.52734375,1024,1024,ok,1,financial_value,11.689912556670606,0.0009617994196320835,0.0009617994196320835,0.0,0.05587888951740113,0.013828277986562042,0.0653989910654593,nan,13.162973720985546
308.7095179071552,128,cuda,0.2,10400,7,walk_forward,False,0.0,-0.06700449790872498,0.0,0.20468868382082828,0.1440889014795741,0.19216395424648355,0.4273683897479617,-0.029406735770725837,0.5536315536315536,-0.337153858207786,488.0,0.749822733636898,1.0536770507662043,2.035939580850879,-0.017749699786558538,-0.17439383584388263,0.005518561091788398,16.557700875215232,0.016741581515359094,-0.15954802870475726,-0.012063243892825464,-0.32900432900432897,-0.15843446305265674,-67.0,-0.2754749428736166,-0.3713516739505889,0.22371563511116688,-0.004568733001048608,0.06034282205549002,0.07727227789805688,0.41252258260883634,-0.011824930786111975,0.4021164021164021,0.5536315536315536,-0.14627762115197585,393.0,0.7809116502958356,1.0973642804902481,0.6215561120178734,-0.0071374454168171885,-0.32900432900432897,1.0,0.0324417740031534,-162.0,2079.0,-0.06939414443017078,-0.19398940290608468,4.0,4.0,63.0,-0.2256548019292798,-0.7380273512377598,nan,1.0,0.4021164021164021,0.0,686.0,686.0,707.0,0.05,0.2,0.6,252.0,1.0,21.0,-0.24438602621467898,0.0,high,auto,0.6,252.0,0.5,21.0,0.2,-0.32766444422654506,0.07708440357084911,0.15251049723710763,0.2529745539040791,-0.02388817467893744,0.22462722462722462,-0.3047120842046326,326.0,0.505436707422219,0.7260126065396593,0.8452717471290403,-0.011706178417865797,SPY,SPY,5282.0,requested,1.0,0.12217412217412217,0.006043521368692741,14.62497907271752,,,0.5,0.5007736856895666,0.4996631148298817,0.25006330622436135,0.007568575414611867,1.0,1.0,0.6958750556497013,0.6958790351362789,factor_hard,ff,,,,,3.979486577598834e-06,1.0,2026-02-25,10399,2017-11-14,8320,2,8319,0,0.6652696132659912,26.95205352845844,ff_financial,shuffle+noise,,20174.7666015625,True,-0.03677236462582256,SPY,,,,,,0.7426853040548471,0.9240363583656458,False,True,21,3.659430832679455,SPY,fold,False,27,goodness_rank,walk_forward,ok,0.51220703125,1024,1024,ok,1,financial_value,16.557700875215232,0.0009963958989828825,0.0009963958989828825,0.0,0.07646526811716076,0.015573045132108606,0.08901816265800824,nan,43.97749486776499
185.94511880034483,128,cuda,0.2,10400,7,walk_forward,False,0.0,-0.05353850661175508,0.0,0.4324787103571667,0.13941378326316722,0.14799795910465546,0.7488916640062616,-0.022682912633009863,0.5536315536315536,-0.18616014834156513,192.0,0.941998012044085,1.3336207166901124,1.9350946918800895,-0.015096171332346241,-0.21186402740568466,0.0027871897329690976,8.112593065947294,0.004529048186423523,-0.20994260574275314,-0.006770401160016299,-0.23520923520923515,-0.051006921550172835,240.0,-0.2514263001766931,-0.3310976517279882,0.06688160412139021,-0.004147247295011194,0.08134622846498862,0.08563806868826383,0.7469702423433301,-0.013125321740024466,0.5786435786435786,0.5536315536315536,-0.10890156508751447,192.0,0.9498839676207763,1.3447851497287262,0.9063794647608321,-0.008735302603565429,-0.23520923520923515,1.0,0.026251661703877827,240.0,2079.0,-0.05448925502046209,-0.13194469272497278,4.0,4.0,63.0,-0.2997419610880193,-0.7261044028975074,nan,1.0,0.5786435786435786,0.0,686.0,686.0,707.0,0.05,0.2,0.6,252.0,1.0,21.0,-0.24354034460000173,0.0,low,auto,0.6,252.0,0.5,21.0,0.2,-0.3199332186893744,0.08587527665141215,0.12294986604651614,0.537027636600577,-0.019895722900040765,0.31842231842231844,-0.1599084866376873,432.0,0.6984576674440832,1.013687498000738,0.9732610688822223,-0.012882549898576623,SPY,SPY,5282.0,requested,1.0,0.26166426166426165,0.002213621433769618,12.198672733501512,,,0.5012019230769231,0.4997052904662037,0.4994705759985207,0.2500127863881524,0.0033446014496014173,1.0,1.0,0.6477214904392466,0.647717041127822,factor_hard,ff,,,,,-4.44931142462579e-06,1.0,2017-11-13,8319,2009-08-12,6240,0,6239,0,0.6342847347259521,33.56453939189466,ff_financial,shuffle+noise,,9345.13720703125,True,0.18748554478557447,SPY,,,,,,0.7437115323178622,0.9032306768456284,False,True,21,0.8283017350550816,SPY,fold,False,47,goodness_rank,walk_forward,ok,0.521484375,1024,1024,ok,1,financial_value,8.112593065947294,0.0009606333905640914,0.0009606333905640914,0.0,0.03771859242257719,0.009954683720229231,0.04390424999351404,nan,53.48424095037032
248.555458433632,128,cuda,0.2,10400,7,walk_forward,False,0.0,-0.04306568171915148,0.0,0.15968587653771765,0.15652228416772518,0.1682622493473365,0.4642458638906082,-0.026219077362405703,0.5576923076923077,-0.3371538582077859,187.0,0.9302281692705949,1.29287037673283,2.3210174283049314,-0.015198012026585783,0.32191786796373334,0.007455758459214628,11.340196502394974,0.021458779030742114,0.34130381611024674,-0.0035234801862927597,-0.23365384615384616,0.06248502243460752,200.0,0.05997635137913615,0.06674566536067994,0.36028052376582576,-0.0004913797521656806,0.09199782341783158,0.09780243243313935,0.4448599157440948,-0.015239838716898315,0.58125,0.5576923076923077,-0.2068017822283481,134.0,0.9406496457102335,1.3073545846032417,1.0676703434321455,-0.008833844490452988,-0.23365384615384616,1.0,0.19283709841404528,147.0,2080.0,-0.0433687474447883,-0.07151895932436747,4.0,4.0,63.0,0.13167613284822802,-0.33014404424981925,nan,1.0,0.58125,0.0,687.0,687.0,706.0,0.05,0.2,0.6,252.0,1.0,21.0,0.07039782781877468,0.0,low,auto,0.6,252.0,0.5,21.0,0.2,0.08122987323109165,0.1134566024485737,0.11338562337836249,0.7861637318543415,-0.018763318903191075,0.32403846153846155,-0.1443167597937406,334.0,1.0006259970893696,1.3741002499639217,1.4279508671979713,-0.009325224242618668,SPY,SPY,5282.0,requested,1.0,0.09711538461538462,0.005872787783967114,16.820937773219327,,,0.5,0.5022828210097949,0.5016880085059171,0.2501445611011687,0.012066883643383174,1.0,1.0,0.5979719337295083,0.5980293014470268,factor_hard,ff,,,,,5.7367717518519434e-05,1.0,2021-12-31,9359,2013-09-30,7280,1,7279,0,0.6468103528022766,29.296175743140626,ff_financial,shuffle+noise,,14497.4091796875,True,0.06431889768606644,SPY,,,,,,0.7448229739017654,0.9907600474985022,False,True,21,7.753914102755095,SPY,fold,False,47,goodness_rank,walk_forward,ok,0.51904296875,1024,1024,ok,1,financial_value,11.340196502394974,0.0009805266001964347,0.0009805266001964347,0.0,0.05587330193487568,0.014191146167975507,0.06520009033398277,nan,76.67694992266203
311.82830256125646,128,cuda,0.2,10400,7,walk_forward,False,0.0,-0.06898151672074992,0.0,0.15461796828718527,0.1440889014795741,0.19216395424648355,0.4273683897479617,-0.029406735770725837,0.5536315536315536,-0.337153858207786,488.0,0.749822733636898,1.0536770507662043,2.035939580850879,-0.017749699786558538,-0.2002164174965097,0.005552005769118726,17.72485138103366,0.013496002197140866,-0.18560259750445346,-0.011775195442588418,-0.3256373256373256,-0.1813793657697006,445.0,-0.2908554304656034,-0.3898339811881819,0.17988330040505685,-0.004138202098548906,0.0616113825616833,0.07893603507768011,0.41275456975590546,-0.012079534559018694,0.4107744107744108,0.5536315536315536,-0.14926880784898156,393.0,0.7805228942782875,1.0968179869789125,0.6376305163524127,-0.007291122471246268,-0.3256373256373256,1.0,0.006505684589103833,350.0,2079.0,-0.06952445683478689,-0.29259588534001246,4.0,4.0,63.0,-0.14884522196011368,-1.206370259103611,nan,1.0,0.4107744107744108,0.0,686.0,686.0,707.0,0.05,0.2,0.6,252.0,1.0,21.0,-0.26015526982421394,0.0,high,auto,0.6,252.0,0.5,21.0,0.2,-0.3466930449754737,0.07510738475882417,0.153384470705931,0.227151972251452,-0.02385473000160711,0.227994227994228,-0.33064817361868215,838.0,0.48966746381268406,0.7069840057907306,0.8175138167574696,-0.011429324569795174,SPY,SPY,5282.0,requested,1.0,0.09235209235209235,0.006320375216763364,33.716986679664025,,,0.5,0.5016752798870268,0.501424856693787,0.2501571958367931,0.012024583076571616,1.0,1.0,0.7150896507150987,0.7151404654278475,factor_hard,ff,,,,,5.081471274881455e-05,1.0,2026-02-25,10399,2017-11-14,8320,2,8319,0,0.6670488119125366,26.68366966105496,ff_financial,shuffle+noise,,20242.5234375,True,0.03740071716948967,SPY,,,,,,0.7423228641656728,0.9271217827613537,False,True,21,2.248957783625676,SPY,fold,False,47,goodness_rank,walk_forward,ok,0.5234375,1024,1024,ok,1,financial_value,17.72485138103366,0.0010312799607905057,0.0010312799607905057,0.0,0.07712351161843309,0.016083622973125714,0.08952687674345305,nan,238.77246765136718
189.12217084980128,128,cuda,0.2,10400,7,walk_forward,True,1.9012136560313555,-0.0654917898464189,0.0,0.32564101603227413,0.13941378326316722,0.14799795910465546,0.7488916640062616,-0.022682912633009863,0.5536315536315536,-0.18616014834156513,192.0,0.941998012044085,1.3336207166901124,1.9350946918800895,-0.015096171332346241,-0.17776036568394216,0.0052476932169250486,7.835798176005483,-0.024392432581656465,-0.1764049286553101,-0.0015386327367700632,-0.17171717171717166,0.0020871197984924095,320.0,-0.2724463956576699,-0.3800500711787338,-0.3666328971991011,-0.0009306711801707057,0.09831442599840479,0.10371958942543674,0.7475362269776296,-0.01589658667931475,0.7008177008177008,0.5536315536315536,-0.13151794180718268,192.0,0.9478867641399825,1.341957636397087,1.1676800249039636,-0.010579664084284979,-0.17171717171717166,1.0,0.05672932633287486,320.0,2079.0,-0.06539108195500265,-0.1319006012483197,4.0,4.0,63.0,-0.36579247635073187,-1.1892366575073596,nan,1.0,0.7008177008177008,0.0,686.0,686.0,707.0,0.05,0.2,0.6,252.0,1.0,21.0,-0.26655764356177236,0.0,low,auto,0.6,252.0,0.5,21.0,0.2,-0.3717131514717591,0.07392199341674832,0.10944266417307581,0.5711312983223195,-0.017435219416084814,0.38191438191438193,-0.12943082200869027,512.0,0.6754403684823126,0.9619075652183533,0.8010471277048625,-0.011510335264455685,SPY,SPY,5282.0,requested,1.0,0.19672919672919673,0.0035858360678905563,11.450449484221789,,,0.5,0.5033332659762708,0.5010890116494083,0.25064653749898347,0.02548532595511732,1.0,1.0,0.5747837739832261,0.5748261388610391,factor_hard,ff,,,,,4.23648778129504e-05,1.0,2017-11-13,8319,2009-08-12,6240,0,6239,0,0.6766104102134705,33.000476999433175,ff_bootstrap_rank,shuffle+noise,,9425.72216796875,True,0.18994172150242422,SPY,,,,,,0.7457374807523222,1.112067822655853,False,True,21,1.8522524685884008,SPY,fold,False,7,goodness_rank,walk_forward,ok,0.525390625,1024,1024,ok,1,financial_value,7.835798176005483,0.0028364621183587886,0.000935664735449364,0.0,0.07615751690440337,0.02937161416974755,0.06519823769126468,nan,56.201527433979265
246.4565292045376,128,cuda,0.2,10400,7,walk_forward,True,1.8034228646964359,-0.03668617102033611,0.0,0.13086000060305517,0.15652228416772518,0.1682622493473365,0.4642458638906082,-0.026219077362405703,0.5576923076923077,-0.3371538582077859,187.0,0.9302281692705949,1.29287037673283,2.3210174283049314,-0.015198012026585783,0.7221949090489028,0.009669613842891726,11.095172611996531,0.025735345938139975,0.7409603810405181,-0.0009566756842755847,-0.22067307692307692,0.11022964803905344,279.0,0.2621282979076732,0.36364826197060274,0.4444183413378786,0.0001360336515117029,0.09410076720924909,0.10006750117435348,0.44548039189899297,-0.015592787835238393,0.5947115384615385,0.5576923076923077,-0.21123436389223893,134.0,0.9403729093353875,1.306969964707799,1.1007670673509962,-0.009038433113887795,-0.22067307692307692,1.0,0.23614914235460038,226.0,2080.0,-0.036690965541164966,-0.04658816204079197,4.0,4.0,63.0,0.26821280193604,-0.14347342747111747,nan,1.0,0.5947115384615385,0.0,687.0,687.0,706.0,0.05,0.2,0.6,252.0,1.0,21.0,0.2722730379724658,0.0,low,auto,0.6,252.0,0.5,21.0,0.2,0.37774784994557176,0.11983611314738907,0.09965571130039347,1.186440772939511,-0.016549463519513977,0.3370192307692308,-0.10100471585318549,413.0,1.2025012072430608,1.6706182266784018,1.5451854086888748,-0.008902399462376092,SPY,SPY,5282.0,requested,1.0,0.0798076923076923,0.00629561256420969,15.68538993283322,,,0.5,0.5011257555037822,0.5006258089866864,0.2502128445750178,0.014293665392691501,1.0,1.0,0.622730973888846,0.6227710562593797,factor_hard,ff,,,,,4.008237053365615e-05,1.0,2021-12-31,9359,2013-09-30,7280,1,7279,0,0.5660962462425232,29.543269327862742,ff_bootstrap_rank,shuffle+noise,,14667.453125,True,0.05204063652663057,SPY,,,,,,0.7437648663918177,0.9671057593927049,False,True,21,1.5553675037727022,SPY,fold,False,7,goodness_rank,walk_forward,ok,0.5146484375,1024,1024,ok,1,financial_value,11.095172611996531,0.0029316405737119023,0.0009632381508453635,0.0,0.11746060999535154,0.03322529510284464,0.09937604812970548,nan,82.50737352873149
313.4433047736652,128,cuda,0.2,10400,7,walk_forward,True,2.098597129858457,-0.06872886080393203,0.0,0.26416245730437354,0.1440889014795741,0.19216395424648355,0.4273683897479617,-0.029406735770725837,0.5536315536315536,-0.337153858207786,488.0,0.749822733636898,1.0536770507662043,2.035939580850879,-0.017749699786558538,-0.1370077288185228,0.007467011818847659,17.903961712494493,-0.021901723417075525,-0.1288430094681683,-0.0025756925569173014,-0.1943241943241943,-0.027523895286804212,74.0,-0.2411847110346822,-0.3386462018052343,-0.32955883111804796,-0.00086615844505359,0.09726176409271758,0.1265379766057893,0.4192036703976072,-0.019364031394960877,0.6584896584896585,0.5536315536315536,-0.23201553555212562,480.0,0.7686369475918087,1.0801154402457294,1.1505994353873463,-0.011687993750744894,-0.1943241943241943,1.0,0.07761442736885615,66.0,2079.0,-0.06963582986514266,-0.09376414318742277,4.0,4.0,63.0,-0.17619311231188578,-0.34049204003216615,nan,1.0,0.6584896584896585,0.0,686.0,686.0,707.0,0.05,0.2,0.6,252.0,1.0,21.0,-0.22237049707977152,0.0,low,auto,0.6,252.0,0.5,21.0,0.2,-0.31220781232570927,0.07536004067564206,0.14287557327947756,0.2903606609294389,-0.021939723951878178,0.3593073593073593,-0.25953943083892983,554.0,0.5274522365571265,0.7414692384404951,0.8210406042692984,-0.012554152195798484,SPY,SPY,5282.0,requested,1.0,0.15488215488215487,0.005195547590760054,12.930400181550246,,,0.5,0.500082711350042,0.49953240569526625,0.2501634268807964,0.01274226703712289,1.0,1.0,0.6048207738820244,0.6048224077505224,factor_hard,ff,,,,,1.6338684980521379e-06,1.0,2026-02-25,10399,2017-11-14,8320,2,8319,0,0.5540903210639954,26.54497595583172,ff_bootstrap_rank,shuffle+noise,,20455.86474609375,True,-0.036311395581920244,SPY,,,,,,0.7438197333537615,0.9911848088411185,False,True,21,1.3828502808167384,SPY,fold,False,7,goodness_rank,walk_forward,ok,0.51220703125,1024,1024,ok,1,financial_value,17.903961712494493,0.003054584304157358,0.0010180588217022328,0.0,0.16240531735766967,0.03789729131027483,0.13651117129323,nan,42.537889483525205
186.7913808167275,128,cuda,0.2,10400,7,walk_forward,True,1.91302181421494,-0.06510217995455903,0.0,0.33458181526844916,0.13941378326316722,0.14799795910465546,0.7488916640062616,-0.022682912633009863,0.5536315536315536,-0.18616014834156513,192.0,0.941998012044085,1.3336207166901124,1.9350946918800895,-0.015096171332346241,-0.2591700615163181,0.004570328819947522,7.825253860093653,0.0034984054694950917,-0.25689913952013715,-0.006700209299292109,-0.2703222703222703,-0.056897609248823366,120.0,-0.26201644739256913,-0.3806517490685458,0.04796190627836894,-0.0020692214064990493,0.0708131978391131,0.0744616956341845,0.7466207420100807,-0.011412374513770232,0.5031265031265031,0.5536315536315536,-0.0948449378039875,185.0,0.9510016826235633,1.346367539355895,0.7584829055905986,-0.007595283893041928,-0.2703222703222703,1.0,0.03441760128875426,113.0,2079.0,-0.06585982608029839,-0.1009994141720616,4.0,4.0,63.0,-0.20869737622100867,-0.41914128540409834,nan,1.0,0.5031265031265031,0.0,686.0,686.0,707.0,0.05,0.2,0.6,252.0,1.0,21.0,-0.25301277681309076,0.0,low,auto,0.6,252.0,0.5,21.0,0.2,-0.3679049264027633,0.0743116033086082,0.10785659765799473,0.4897216024899435,-0.01811258381306234,0.2833092833092833,-0.15174254705281087,305.0,0.6889852352309942,0.9657157902873491,0.8064448118689675,-0.009664505299540977,SPY,SPY,5282.0,requested,1.0,0.19913419913419914,0.005431666032805264,11.293639726054911,,,0.5,0.5034556842504312,0.5031685697115384,0.25009555768191144,0.009935741753722138,1.0,1.0,0.6698310760890737,0.6698873568983639,factor_hard,ff,,,,,5.6280809290210065e-05,1.0,2017-11-13,8319,2009-08-12,6240,0,6239,0,0.6296299695968628,33.40994416449863,ff_bootstrap_rank,shuffle+noise,,9416.490234375,True,0.18391088319105472,SPY,,,,,,0.74543764645956,1.0824248804729812,False,True,21,0.937501631008119,SPY,fold,False,27,goodness_rank,walk_forward,ok,0.5078125,1024,1024,ok,1,financial_value,7.825253860093653,0.002881642849640731,0.0009489509813981701,0.0,0.07718079984283113,0.029498054393168008,0.06570137568407369,nan,56.116317550503474
247.2450966542881,128,cuda,0.2,10400,7,walk_forward,True,2.0053395491943027,-0.07064137687508887,0.0,0.31664232306612966,0.15652228416772518,0.1682622493473365,0.4642458638906082,-0.026219077362405703,0.5576923076923077,-0.3371538582077859,187.0,0.9302281692705949,1.29287037673283,2.3210174283049314,-0.015198012026585783,-0.17140009397448502,0.002873050958016904,11.080018835142255,-0.00957088572002962,-0.15303365376878886,-0.00752634270736036,-0.2245192307692308,-0.07918791877657727,369.0,-0.3400635732420175,-0.49115703492017204,-0.14828392962793968,-0.0028175147038006342,0.09545179301266593,0.10152361679370543,0.445879423684912,-0.01581968369702844,0.6033653846153846,0.5576923076923077,-0.2140753484962753,134.0,0.9401929918101976,1.3067199077365554,1.1222747064648413,-0.009169954371810172,-0.2245192307692308,1.0,0.043890590934933305,316.0,2080.0,-0.07081762625604487,-0.107720924200718,4.0,4.0,63.0,-0.351627969161653,-0.7806699339046761,nan,1.0,0.6033653846153846,0.0,687.0,687.0,706.0,0.05,0.2,0.6,252.0,1.0,21.0,-0.3300987507024149,0.0,low,auto,0.6,252.0,0.5,21.0,0.2,-0.4773075039164466,0.08588090729263631,0.1431039783011062,0.29284576991612316,-0.0233460264043888,0.3331730769230769,-0.29326326727285257,503.0,0.60012941856818,0.8155628728163834,0.9739907768369016,-0.011987469075610806,SPY,SPY,5282.0,requested,1.0,0.19134615384615383,0.003210542950974976,17.792069087948715,,,0.5,0.4992481081477243,0.49708498982988164,0.2517911467074014,0.042215345767140255,1.0,1.0,0.6632067105349373,0.6631511519936955,factor_hard,ff,,,,,-5.555854124184023e-05,1.0,2021-12-31,9359,2013-09-30,7280,1,7279,0,0.4941951334476471,29.45078800246643,ff_bootstrap_rank,shuffle+noise,,14653.26953125,True,-0.016883410628871755,SPY,,,,,,0.7439382623162186,0.9810831484041715,False,True,21,3.2210305816248845,SPY,fold,False,27,goodness_rank,walk_forward,ok,0.509765625,1024,1024,ok,1,financial_value,11.080018835142255,0.002944000352892959,0.0009597601891871084,0.0,0.117116227710881,0.033345575526912224,0.0990564788732547,nan,104.06039540474875
312.69989783302145,128,cuda,0.2,10400,7,walk_forward,True,1.914907546043396,-0.06968548053386203,0.0,0.18083058040875558,0.1440889014795741,0.19216395424648355,0.4273683897479617,-0.029406735770725837,0.5536315536315536,-0.337153858207786,488.0,0.749822733636898,1.0536770507662043,2.035939580850879,-0.017749699786558538,-0.14177333671780462,0.009320656004928578,16.90805781725794,-0.014256358528213164,-0.13206672183611912,-0.0025042747811834,-0.22558922558922556,-0.04824419301170957,496.0,-0.14066958443543576,-0.21785188648954512,-0.2076774337154852,-0.0015982128920812178,0.08865977947392523,0.11489167634842669,0.4176617748662762,-0.01758180498461386,0.5978835978835979,0.5536315536315536,-0.21227649933325032,480.0,0.7716814854807306,1.0843937310467906,1.0153963618114559,-0.010612254369741348,-0.22558922558922556,1.0,0.07663316586282609,488.0,2079.0,-0.06408392807321026,-0.12482279667198115,4.0,4.0,63.0,0.005087607756000562,-0.8022410068029832,nan,1.0,0.5978835978835979,0.0,686.0,686.0,707.0,0.05,0.2,0.6,252.0,1.0,21.0,-0.11881083259160319,0.0,low,auto,0.6,252.0,0.5,21.0,0.2,-0.18713520620895885,0.07440342094571206,0.11791127999719184,0.2855950530301571,-0.02008607976579726,0.328042328042328,-0.2605206923449599,976.0,0.6310119010452948,0.8665418445572455,0.8077189280959707,-0.012210467261822566,SPY,SPY,5282.0,requested,1.0,0.10678210678210678,0.0055392325247359715,21.247794138835026,,,0.5,0.5009425522637618,0.5018669101331361,0.25049877382900393,0.022231786934127973,1.0,1.0,1.0727458000183105,1.072814191088957,factor_hard,ff,,,,,6.839107064648964e-05,1.0,2026-02-25,10399,2017-11-14,8320,2,8319,0,0.984231173992157,26.61111250565069,ff_bootstrap_rank,shuffle+noise,,20437.85400390625,True,-0.025386912361125443,SPY,,,,,,0.7410476749218428,0.8896295801492837,False,True,21,5.3255792284011845,SPY,fold,False,27,goodness_rank,walk_forward,ok,0.5263671875,1024,1024,ok,1,financial_value,16.90805781725794,0.003055291540849094,0.0010165424935089855,0.0,0.16334513797209813,0.037778929248452185,0.1365185256696378,nan,114.56990735567533
186.37793289855318,128,cuda,0.2,10400,7,walk_forward,True,1.7072475816522326,-0.05458890931084048,0.0,0.23005456451362757,0.13941378326316722,0.14799795910465546,0.7488916640062616,-0.022682912633009863,0.5536315536315536,-0.18616014834156513,192.0,0.941998012044085,1.3336207166901124,1.9350946918800895,-0.015096171332346241,-0.37044658662904084,0.0040628508237237,8.047459667548537,-0.02419356167898168,-0.3694479964721147,-0.0009668859361693025,-0.12169312169312163,-0.0783731043772411,363.0,-0.2082317832933699,-0.3128940457276512,-0.3906840478925542,-0.0002616607247018926,0.10901843563130842,0.11518071083758177,0.7478930738493355,-0.01765317587311686,0.7782587782587782,0.5536315536315536,-0.14576740906317098,192.0,0.9464990694929564,1.3399930268055038,1.3482526256824654,-0.011748727857496978,-0.12169312169312163,1.0,-0.03798036509884695,363.0,2079.0,-0.05464907593695156,-0.11283065763081757,4.0,4.0,63.0,-0.2768274741751201,-0.8524032795361028,nan,1.0,0.7782587782587782,0.0,686.0,686.0,707.0,0.05,0.2,0.6,252.0,1.0,21.0,-0.20373072584449847,0.0,low,auto,0.6,252.0,0.5,21.0,0.2,-0.3065217356122598,0.08482487395232674,0.11489724052244515,0.3784450773772208,-0.018620061809286163,0.43193843193843195,-0.22414051344041208,555.0,0.7382672861995865,1.0270989810778526,0.9575685777899112,-0.012010388582198871,SPY,SPY,5282.0,requested,1.0,0.13804713804713806,0.00308578275014737,11.317966582823773,,,0.5,0.5007411301049354,0.5011663276627218,0.25045751926931287,0.021209758308184057,1.0,1.0,0.6354143864968244,0.6354519900153665,factor_hard,ff,,,,,3.7603518542095316e-05,1.0,2017-11-13,8319,2009-08-12,6240,0,6239,0,0.721053957939148,33.48641686214965,ff_bootstrap_rank,shuffle+noise,,9450.2919921875,True,0.08520614214561535,SPY,,,,,,0.7446295917642359,1.0582557826626058,False,True,21,1.3857507661897308,SPY,fold,False,47,goodness_rank,walk_forward,ok,0.52734375,1024,1024,ok,1,financial_value,8.047459667548537,0.0027895834886145837,0.0009202499379765014,0.0,0.07683245808893473,0.0284476628584065,0.06571459064108072,nan,52.95094332792321
244.10054354384346,128,cuda,0.2,10400,7,walk_forward,True,1.9729971600206275,-0.08097667622123805,0.0,0.23915513781627026,0.15652228416772518,0.1682622493473365,0.4642458638906082,-0.026219077362405703,0.5576923076923077,-0.3371538582077859,187.0,0.9302281692705949,1.29287037673283,2.3210174283049314,-0.015198012026585783,0.09865098651062076,0.012464306172617826,11.078945345245302,0.0026951538939379294,0.12365046723862005,-0.0017166851892602593,-0.2971153846153846,0.031644664291464064,580.0,-0.019003430302059865,-0.03831939942048379,0.03738836148262603,0.00031513722052388914,0.0728504540525492,0.07725502313783958,0.4392463831626089,-0.012038086000527618,0.45913461538461536,0.5576923076923077,-0.1658532815410343,134.0,0.942986631724494,1.3106026264154407,0.7867734859635025,-0.006977933406437222,-0.2971153846153846,1.0,0.20294524095821564,527.0,2080.0,-0.08019963342527489,-0.14875783676090826,4.0,4.0,63.0,-0.12733571529714066,-1.397710212711612,nan,1.0,0.45913461538461536,0.0,687.0,687.0,706.0,0.05,0.2,0.6,252.0,1.0,21.0,-0.006244967848160754,0.0,high,auto,0.6,252.0,0.5,21.0,0.2,-0.020587149737873123,0.07554560794648713,0.08176080239358006,0.5628968504012289,-0.013754771189787877,0.2605769230769231,-0.13420861724957023,714.0,0.9239832014224342,1.2722832269949569,0.8241618474461285,-0.006662796185913333,SPY,SPY,5282.0,requested,1.0,0.14471153846153847,0.00853521584067245,17.504513578247607,,,0.5,0.5003007569756612,0.49972494452662725,0.25018282750420284,0.013199644225433182,1.0,1.0,0.5638207652989555,0.5637957453727722,factor_hard,ff,,,,,-2.5019926183311725e-05,1.0,2021-12-31,9359,2013-09-30,7280,1,7279,0,0.6167133450508118,29.82596740242816,ff_bootstrap_rank,shuffle+noise,,14627.11181640625,True,0.06380517978380483,SPY,,,,,,0.7454171372087378,1.009637989234506,False,True,21,2.4807275629880134,SPY,fold,False,47,goodness_rank,walk_forward,ok,0.52392578125,1024,1024,ok,1,financial_value,11.078945345245302,0.0028907093068323377,0.0009496107726080115,0.0,0.1166657922552539,0.03264241802195708,0.09902908260476563,nan,102.16305606908965
307.48946271508345,128,cuda,0.2,10400,7,walk_forward,True,2.186128551409795,-0.02109164199113378,0.0,0.21264523589374992,0.1440889014795741,0.19216395424648355,0.4273683897479617,-0.029406735770725837,0.5536315536315536,-0.337153858207786,488.0,0.749822733636898,1.0536770507662043,2.035939580850879,-0.017749699786558538,0.08726939045067245,0.005286198391608422,15.99238432943821,0.041497975994874814,0.09826702312125435,-0.008009776415742367,-0.24771524771524767,-0.04326043691412518,-121.0,0.009844684183351382,0.06313586990415487,0.6952929491501145,-0.002944302367640735,0.0814992834935655,0.10527885708838132,0.4163707570773798,-0.016110760963375048,0.5478595478595478,0.5536315536315536,-0.1957372896829529,480.0,0.7741277379668652,1.0878312903383285,0.9086067147833774,-0.009724342499706672,-0.24771524771524767,1.0,0.09815613161070791,-129.0,2079.0,-0.023688985892990677,-0.13018754589445902,4.0,4.0,63.0,0.04026940529706732,-0.4080139869397472,nan,1.0,0.5478595478595478,0.0,686.0,686.0,707.0,0.05,0.2,0.6,252.0,1.0,21.0,0.034149688513318566,0.0,low,auto,0.6,252.0,0.5,21.0,0.2,0.09729010947627903,0.12299725948844031,0.1568897782795641,0.5146377801986342,-0.024120537379117415,0.3059163059163059,-0.23899772659707808,359.0,0.7839724221502166,1.1509671602424834,1.603899663933492,-0.012668644867347407,SPY,SPY,5282.0,requested,1.0,0.1265031265031265,0.005081054919211131,21.61016441785372,,,0.5,0.5000814499768267,0.49922036797337277,0.2504887667949238,0.0220003150977518,1.0,1.0,0.7340938308659721,0.7340967269504771,factor_hard,ff,,,,,2.896084504988572e-06,1.0,2026-02-25,10399,2017-11-14,8320,2,8319,0,0.6458519697189331,27.05940983506478,ff_bootstrap_rank,shuffle+noise,,20476.38427734375,True,0.06617306224599956,SPY,,,,,,0.745217532148728,1.0469416604133752,False,True,21,9.299388963259183,SPY,fold,False,47,goodness_rank,walk_forward,ok,0.52392578125,1024,1024,ok,1,financial_value,15.99238432943821,0.002915299401905101,0.0009762681386648463,0.0,0.16242318844565978,0.038152429408465444,0.13632869810582354,nan,122.0614743394118
182.99885140104513,128,cuda,0.2,10400,7,walk_forward,,,-0.054727004242652644,0.0,0.14270626683350918,0.13941378326316722,0.14799795910465546,0.7488916640062616,-0.022682912633009863,0.5536315536315536,-0.18616014834156513,192.0,0.941998012044085,1.3336207166901124,1.9350946918800895,-0.015096171332346241,-0.13844668783357927,0.0049396519392142235,0.10503076482564211,-0.010428396061695322,-0.13698445270395687,-0.002370377625055429,-0.17652717652717648,-0.011473190730791671,200.0,-0.16922594135179214,-0.23908279199414384,-0.16062109499918775,-0.00107984276201698,0.0951151750822099,0.10030260912864815,0.7474294288766392,-0.01537288306874021,0.6777296777296777,0.5536315536315536,-0.12725639559732715,192.0,0.9482821624332339,1.342517416087152,1.1161347824979737,-0.010231123332023018,-0.17652717652717648,1.0,0.04743056201344631,200.0,2079.0,-0.05548460803280392,-0.10978083672960226,4.0,4.0,63.0,-0.2228302016169143,-0.5691184445649924,nan,1.0,0.6777296777296777,0.0,686.0,686.0,707.0,0.05,0.2,0.6,252.0,1.0,21.0,-0.16294179096264316,0.0,low,auto,0.6,252.0,0.5,21.0,0.2,-0.2301860925971042,0.08468677902051458,0.10870432290875899,0.6104449761726823,-0.01774326069379564,0.3771043771043771,-0.13872958632811883,392.0,0.7790562210814418,1.1034346240930082,0.955513687498786,-0.011310966094039998,SPY,SPY,5282.0,requested,1.0,0.08561808561808562,0.0037852052383062426,,,,nan,,,,,,,,,,supervised_return,0.08133769411319097,5.267290217660476,28.640830058946566,0.12797285593243246,,,2017-11-13,8319,2009-08-12,6240,0,6239,0,,34.10533312861608,backprop_supervised_return,,,8755.46630859375,False,nan,,,,,,,,,False,True,21,0.6266363236825077,SPY,fold,False,7,return_forecast,walk_forward,ok,,,,,,financial_value,0.10503076482564211,0.0,0.0022338529421510743,0.0,0.014703757941190686,0.0,0.024312553337147953,nan,
242.42095669976584,128,cuda,0.2,10400,7,walk_forward,,,-0.043153930951748576,0.0,0.14911813655350234,0.15652228416772518,0.1682622493473365,0.4642458638906082,-0.026219077362405703,0.5576923076923077,-0.3371538582077859,187.0,0.9302281692705949,1.29287037673283,2.3210174283049314,-0.015198012026585783,0.5500205499697388,0.010188252700339559,0.09780268650501966,0.016566220988864844,0.5679878410649659,1.575489675234923e-05,-0.21105769230769234,0.105135914426156,204.0,0.22759577282753785,0.3178903589733406,0.28239844925328406,0.0004951782198169448,0.09680213222711176,0.1029797324130574,0.44627857279538113,-0.016046579558818493,0.6120192307692308,0.5576923076923077,-0.216909657169437,187.0,0.9400114950661657,1.306467655900303,1.1439645459485535,-0.009301475629732549,-0.21105769230769234,1.0,0.22538011546450487,204.0,2080.0,-0.04069754041907775,-0.10870476194085699,4.0,4.0,63.0,0.14085290352161534,-0.7510404145310117,nan,1.0,0.6120192307692308,0.0,687.0,687.0,706.0,0.05,0.2,0.6,252.0,1.0,21.0,0.23737909862310858,0.0,low,auto,0.6,252.0,0.5,21.0,0.2,0.3314876381408136,0.1133683532159766,0.09709459364747412,1.014266413860347,-0.016030824662066144,0.3466346153846154,-0.111773742743281,391.0,1.1676072678937035,1.6243580148736436,1.4263629952018375,-0.008806297409915604,SPY,SPY,5282.0,requested,1.0,0.08990384615384615,0.006391714616670178,,,,nan,,,,,,,,,,supervised_return,0.23579727813045626,2.4899107075852953,7.029143589730937,0.20630567307645634,,,2021-12-31,9359,2013-09-30,7280,1,7279,0,,30.03320461849122,backprop_supervised_return,,,13570.00537109375,False,nan,,,,,,,,,False,True,21,5.7766990682535,SPY,fold,False,7,return_forecast,walk_forward,ok,,,,,,financial_value,0.09780268650501966,0.0,0.002326169873898228,0.0,0.02282800321107763,0.0,0.037101723595211904,nan,
306.1996434136833,128,cuda,0.2,10400,7,walk_forward,,,-0.057345149939747486,0.0,0.10526111113456746,0.1440889014795741,0.19216395424648355,0.4273683897479617,-0.029406735770725837,0.5536315536315536,-0.337153858207786,488.0,0.749822733636898,1.0536770507662043,2.035939580850879,-0.017749699786558538,0.06421788113342292,0.010542454035108836,0.09314799215644598,-0.005270927860932861,0.07332190783905496,-0.0005893887025348564,-0.20538720538720534,0.043534855885303037,62.0,0.004691585720486335,-0.01865379901138109,-0.08089256057350003,-0.00015338430206528718,0.09201467940075947,0.11942079311517882,0.41826436304232967,-0.018274893033082145,0.6214526214526215,0.5536315536315536,-0.21999167878294068,480.0,0.770508024611872,1.0827447429166344,1.0672115859174278,-0.011030597462353839,-0.20538720538720534,1.0,0.16069703531014834,54.0,2079.0,-0.05721720760820215,-0.13752568690081768,4.0,4.0,63.0,-0.023882480846968784,-0.6237588137340468,nan,1.0,0.6214526214526215,0.0,686.0,686.0,707.0,0.05,0.2,0.6,252.0,1.0,21.0,0.025376876695460293,0.0,low,auto,0.6,252.0,0.5,21.0,0.2,0.010413893139048946,0.08674375153982661,0.11189860054578224,0.4915862708813846,-0.018864281735617,0.34824434824434825,-0.17645682289763764,542.0,0.7751996103323583,1.0640909439052533,0.9863190253439278,-0.011183981764419126,SPY,SPY,5282.0,requested,1.0,0.06253006253006253,0.006565718022139412,,,,nan,,,,,,,,,,supervised_return,0.2540890299557817,4.8952680075565,25.548404606105663,0.25250311403618453,,,2026-02-25,10399,2017-11-14,8320,2,8319,0,,27.17396001748806,backprop_supervised_return,,,18813.54345703125,False,nan,,,,,,,,,False,True,21,2.632440268443181,SPY,fold,False,7,return_forecast,walk_forward,ok,,,,,,financial_value,0.09314799215644598,0.0,0.0023292252930024494,0.0,0.0315252464164335,0.0,0.05106094644118387,nan,
182.99588178857965,128,cuda,0.2,10400,7,walk_forward,,,-0.052679969940379934,0.0,0.20298658652180407,0.13941378326316722,0.14799795910465546,0.7488916640062616,-0.022682912633009863,0.5536315536315536,-0.18616014834156513,192.0,0.941998012044085,1.3336207166901124,1.9350946918800895,-0.015096171332346241,-0.2889739076720753,0.0031118885606969127,0.10681159235537052,0.006124508165473053,-0.28702796518444085,-0.00656571774304515,-0.23761423761423756,-0.08066692741865888,252.0,-0.23224302800707586,-0.322174502824248,0.09048144002105873,-0.0030670667446225583,0.08060930515731424,0.08485501070358312,0.7469457215186271,-0.0130053063292678,0.5733525733525734,0.5536315536315536,-0.10791855798226702,192.0,0.9499651757619825,1.3449001190366139,0.8956877307917623,-0.008655428681172063,-0.23761423761423756,1.0,-0.002425337059360766,252.0,2079.0,-0.05311228702193449,-0.09658230169723914,4.0,4.0,63.0,-0.2080406878154888,-0.7572661029554697,nan,1.0,0.5733525733525734,0.0,686.0,686.0,707.0,0.05,0.2,0.6,252.0,1.0,21.0,-0.22427586428917834,0.0,low,auto,0.6,252.0,0.5,21.0,0.2,-0.3108951004777465,0.08673381332278729,0.1208459479676052,0.4599177563341863,-0.01957102407231295,0.31601731601731603,-0.1885854854009259,444.0,0.7177221477549066,1.022725616212366,0.9861691708128211,-0.011722495425794621,SPY,SPY,5282.0,requested,1.0,0.12169312169312169,0.00337367590655162,,,,nan,,,,,,,,,,supervised_return,-0.034151907247947276,2.0933201984367384,5.012676368457168,-0.0789990661404548,,,2017-11-13,8319,2009-08-12,6240,0,6239,0,,34.1009848185105,backprop_supervised_return,,,8755.46630859375,False,nan,,,,,,,,,False,True,21,1.0592361809343709,SPY,fold,False,27,return_forecast,walk_forward,ok,,,,,,financial_value,0.10681159235537052,0.0,0.0022597678975031085,0.0,0.01476904577480591,0.0,0.024426351962801147,nan,
243.3808472573169,128,cuda,0.2,10400,7,walk_forward,,,-0.02127502529218739,0.0,0.3145339838515661,0.15652228416772518,0.1682622493473365,0.4642458638906082,-0.026219077362405703,0.5576923076923077,-0.3371538582077859,187.0,0.9302281692705949,1.29287037673283,2.3210174283049314,-0.015198012026585783,-0.0031059877307619277,0.004474831712517502,0.09743386320769787,0.04889021821359063,0.017940434959739737,-0.007449806357115091,-0.25096153846153846,-0.09843984830705022,174.0,0.012681063505867285,0.04103723652902236,0.868001078510636,-0.001372472402911015,0.08635704066194716,0.09173528401917287,0.4431994412001065,-0.01429443929277311,0.5451923076923076,0.5576923076923077,-0.1948491641327602,134.0,0.9413721403413146,1.3083587381396862,0.9811463610479658,-0.008285839249109748,-0.25096153846153846,1.0,0.04386484576797545,121.0,2080.0,-0.019703423461987668,-0.06453135029540724,4.0,4.0,63.0,0.105339635881783,-0.24293071631727636,nan,1.0,0.5451923076923076,0.0,687.0,687.0,706.0,0.05,0.2,0.6,252.0,1.0,21.0,0.023825034576586912,0.0,low,auto,0.6,252.0,0.5,21.0,0.2,0.056525597935878524,0.1352472588755378,0.14176070928765666,0.46113987615984625,-0.0217442456498882,0.30673076923076925,-0.2932890124398104,308.0,0.9540532038471818,1.3493959746687085,1.8491474395586018,-0.009658311652020763,SPY,SPY,5282.0,requested,1.0,0.1889423076923077,0.0055397003745650195,,,,nan,,,,,,,,,,supervised_return,-0.16889128121427377,0.8470845148986812,1.2409361363775067,-0.12930866319861994,,,2021-12-31,9359,2013-09-30,7280,1,7279,0,,29.914695330658823,backprop_supervised_return,,,13570.00537109375,False,nan,,,,,,,,,False,True,21,0.4458429243350238,SPY,fold,False,27,return_forecast,walk_forward,ok,,,,,,financial_value,0.09743386320769787,0.0,0.0023267485985630438,0.0,0.02298832646113608,0.0,0.03728320546889383,nan,
307.03284456046595,128,cuda,0.2,10400,7,walk_forward,,,-0.09613494321816063,0.0,0.14217191009385544,0.1440889014795741,0.19216395424648355,0.4273683897479617,-0.029406735770725837,0.5536315536315536,-0.337153858207786,488.0,0.749822733636898,1.0536770507662043,2.035939580850879,-0.017749699786558538,-0.0927226448461056,0.01473452331088586,0.08804332744330168,-0.010483345643565567,-0.07752810123969023,-0.0032291873330880776,-0.3376623376623376,-0.0015193862119405876,85.0,-0.22848621046875672,-0.32573563703611474,-0.12595798172059514,-0.0005720497697078043,0.05843730390497903,0.07477664212862202,0.41217384614154634,-0.0114430251267519,0.3891293891293891,0.5536315536315536,-0.1417782919804932,392.0,0.7814914155206653,1.0981789867999279,0.5976711293925445,-0.006906929835173571,-0.3376623376623376,1.0,0.1938561800153522,-11.0,2079.0,-0.09884536008669198,-0.1777813569866442,4.0,4.0,63.0,-0.25550397123544355,-0.7124632902485415,nan,1.0,0.3891293891293891,0.0,686.0,686.0,707.0,0.05,0.2,0.6,252.0,1.0,21.0,-0.19681752858498947,0.0,high,auto,0.6,252.0,0.5,21.0,0.2,-0.2812337010023912,0.047953958261413465,0.08671520235856045,0.3346457449018561,-0.014672212459839977,0.21596921596921598,-0.14329767819243378,477.0,0.5530052050519085,0.7724433497638131,0.4717131476719494,-0.007478979604881375,SPY,SPY,5282.0,requested,1.0,0.08513708513708514,0.010270720181677163,,,,nan,,,,,,,,,,supervised_return,-0.20014779594618068,5.1392969596197995,28.701467914675064,-0.20297039645826426,,,2026-02-25,10399,2017-11-14,8320,2,8319,0,,27.099957009292655,backprop_supervised_return,,,18813.54345703125,False,nan,,,,,,,,,False,True,21,4.002898391393515,SPY,fold,False,27,return_forecast,walk_forward,ok,,,,,,financial_value,0.08804332744330168,0.0,0.002370100168941113,0.0,0.03100498676013488,0.0,0.0506736311603051,nan,
183.46152223955448,128,cuda,0.2,10400,7,walk_forward,,,-0.03385607305643479,0.0,0.1743167527737727,0.13941378326316722,0.14799795910465546,0.7488916640062616,-0.022682912633009863,0.5536315536315536,-0.18616014834156513,192.0,0.941998012044085,1.3336207166901124,1.9350946918800895,-0.015096171332346241,-0.15977300688262797,0.0030062615070621038,0.09876759070903063,0.029440440104484322,-0.15767779518216507,-0.007402347753106924,-0.25541125541125537,-0.07725397529478517,251.0,-0.08373192245029637,-0.09372757455202985,0.4568310496851764,-0.003335548285967608,0.07611727010224811,0.08008547570598239,0.7467964523057987,-0.012274303372840835,0.5411255411255411,0.5536315536315536,-0.10192505583982014,191.0,0.9504503710722436,1.3455870276172393,0.8316467100566778,-0.00816892388113974,-0.25541125541125537,1.0,0.006981117206959819,250.0,2079.0,-0.034360323976297236,-0.10566276758231008,4.0,4.0,63.0,-0.062592863205479,-0.47830736428776677,nan,1.0,0.5411255411255411,0.0,686.0,686.0,707.0,0.05,0.2,0.6,252.0,1.0,21.0,-0.07527956342213771,0.0,low,auto,0.6,252.0,0.5,21.0,0.2,-0.08176126362490299,0.10555771020673244,0.12179008116714903,0.5891186571236336,-0.01967665112594776,0.2982202982202982,-0.17917903113460532,442.0,0.8667184486219472,1.2518594530652094,1.2884777597418542,-0.011504472167107349,SPY,SPY,5282.0,requested,1.0,0.10533910533910534,0.0035916991652388923,,,,nan,,,,,,,,,,supervised_return,-0.09951528256502994,3.9953065127135066,16.828037876607866,-0.16135372354092278,,,2017-11-13,8319,2009-08-12,6240,0,6239,0,,34.01592827978046,backprop_supervised_return,,,8755.46630859375,False,nan,,,,,,,,,False,True,21,0.5949154948511598,SPY,fold,False,47,return_forecast,walk_forward,ok,,,,,,financial_value,0.09876759070903063,0.0,0.0022245111476097788,0.0,0.01470652942317633,0.0,0.02433983387463555,nan,
247.4455699749095,128,cuda,0.2,10400,7,walk_forward,,,-0.10525145082227616,0.0,0.13864162728704343,0.15652228416772518,0.1682622493473365,0.4642458638906082,-0.026219077362405703,0.5576923076923077,-0.3371538582077859,187.0,0.9302281692705949,1.29287037673283,2.3210174283049314,-0.015198012026585783,-0.0893212187130501,0.012697216068139209,0.09432441927492619,-0.009306979799642123,-0.06075797516010911,-0.0035258380498493207,-0.3375,0.002291449740924989,358.0,-0.2897607496730139,-0.43716990325064775,-0.11401628213052373,-0.0003763562277101524,0.06057781314509114,0.06414998256367203,0.4356826203376672,-0.009996023244417174,0.38125,0.5576923076923077,-0.1390411513274078,134.0,0.9443153485656004,1.3124493331694187,0.6249024540919799,-0.00579424208513583,-0.3375,1.0,0.20040415662130306,305.0,2080.0,-0.10560405178523655,-0.17878681454331935,4.0,4.0,63.0,-0.3512729666990886,-1.2333676346640634,nan,1.0,0.38125,0.0,687.0,687.0,706.0,0.05,0.2,0.6,252.0,1.0,21.0,-0.27567357037800844,0.0,high,auto,0.6,252.0,0.5,21.0,0.2,-0.41759094681405906,0.05127083334544902,0.0783293455308266,0.3749246451775581,-0.013521861294266494,0.2201923076923077,-0.1367497015864828,492.0,0.6545545988925865,0.875279429918771,0.5108861719614561,-0.006170598312845982,SPY,SPY,5282.0,requested,1.0,0.08461538461538462,0.009027413713739801,,,,nan,,,,,,,,,,supervised_return,-0.2127902061543943,5.893504958522652,36.661520909607326,-0.22495553268910448,,,2021-12-31,9359,2013-09-30,7280,1,7279,0,,29.42441823115776,backprop_supervised_return,,,13570.00537109375,False,nan,,,,,,,,,False,True,21,4.940801991914448,SPY,fold,False,47,return_forecast,walk_forward,ok,,,,,,financial_value,0.09432441927492619,0.0,0.0023332399038369193,0.0,0.022628784930464208,0.0,0.0369221916242519,nan,
315.9865886378347,128,cuda,0.2,10400,7,walk_forward,,,-0.06709418103553944,0.0,0.3462490945659833,0.1440889014795741,0.19216395424648355,0.4273683897479617,-0.029406735770725837,0.5536315536315536,-0.337153858207786,488.0,0.749822733636898,1.0536770507662043,2.035939580850879,-0.017749699786558538,-0.008210893967066202,0.00876813236072534,0.11003407742828131,-0.004850039694552111,0.0027243042012370378,-0.004457119176373581,-0.24915824915824913,0.012848315556776901,-37.0,-0.14616113164711642,-0.21578348606891484,-0.06963793385532857,-0.0022088602812416133,0.08184476013858677,0.10574101186049889,0.41643319157965847,-0.016181484233626916,0.5502645502645502,0.5536315536315536,-0.19653755222566327,480.0,0.7740115088605567,1.0876679611453681,0.9136424837889068,-0.009767030570381415,-0.24915824915824913,1.0,0.15346462153889961,-45.0,2079.0,-0.06732428240731264,-0.1385814976267703,4.0,4.0,63.0,-0.11287468779028215,-0.5424895609384265,nan,1.0,0.5502645502645502,0.0,686.0,686.0,707.0,0.05,0.2,0.6,252.0,1.0,21.0,-0.12197235642345772,0.0,low,auto,0.6,252.0,0.5,21.0,0.2,-0.18179257568975105,0.07699472044403466,0.1226322755204143,0.4191574957808955,-0.020638603410000497,0.30447330447330445,-0.18368923666888637,443.0,0.6278503772134403,0.8718844750764533,0.8440045499335782,-0.011975890851623028,SPY,SPY,5282.0,requested,1.0,0.20586820586820587,0.005773808934935509,,,,nan,,,,,,,,,,supervised_return,0.3111675162517407,0.751509469344268,1.0443057381297114,0.23032990616711896,,,2026-02-25,10399,2017-11-14,8320,2,8319,0,,26.341365331125655,backprop_supervised_return,,regressor,18812.54345703125,False,nan,,-0.5424895609384265,econ_oos_sharpe_uplift_min,-0.5424895609384265,econ_oos_sharpe_uplift_min,economics,,,False,True,21,1.3069260849860997,SPY,fold,False,47,return_forecast,walk_forward,ok,,,,,,financial_value,0.11003407742828131,0.0,0.004552029122670109,0.0,0.03204123797468268,0.0,0.05205590354851805,nan,
