mode,seed_run,fold_id,ff_score,backprop_score,ff_delta_vs_backprop,model,ff_beats_backprop
ff_financial,47,1,0.1178044792402891,-0.2897607496730139,0.407565228913303,FF Financial,True
ff_accurate,7,0,0.0175529144480518,-0.1692259413517921,0.18677885579984388,FF Accurate,True
ff_accurate,27,2,-0.0462103861938355,-0.2284862104687567,0.1822758242749212,FF Accurate,True
ff_bootstrap_rank,7,1,0.282068822464215,0.2275957728275378,0.05447304963667721,FF Bootstrap Rank,True
ff_bootstrap_rank,47,2,-0.1244457726134882,-0.1461611316471164,0.021715359033628187,FF Bootstrap Rank,True
ff_bootstrap_rank,47,0,-0.0757800731757845,-0.0837319224502963,0.007951849274511799,FF Bootstrap Rank,True
ff_accurate,27,0,-0.2747493163868545,-0.2322430280070758,-0.04250628837977871,FF Accurate,False
ff_accurate,7,2,-0.0944689839218229,0.0046915857204863,-0.0991605696423092,FF Accurate,False
ff_financial,27,1,-0.2570025913898055,0.0126810635058672,-0.2696836548956727,FF Financial,False
