scenario_id,graph_index,date,ticker,constraint_mode,constraint_tolerance,target_drop,real_cum_return,hall_cum_return,hall_minus_target,abs_error,nontarget_mean_abs_delta,objective_track,energy_component,component_split_mode,encoder_checkpoint,critic_checkpoint,train_neg_mode,hit
0,1586,2018-05-07,AFG,exact,0.01,-0.1,0.005904674530029297,-0.10515213012695312,-0.0051521301269531194,0.0051521301269531194,0.0031847527716308832,critic,critic_energy,legacy,runs/experiments/long_constituents/models/encoder.pt,runs/experiments/long_constituents/models/critic.pt,self_contrastive,1
1,2296,2021-03-08,AFG,exact,0.01,-0.1,0.17655599117279053,-0.0925055742263794,0.007494425773620611,0.007494425773620611,0.0028033002745360136,critic,critic_energy,legacy,runs/experiments/long_constituents/models/encoder.pt,runs/experiments/long_constituents/models/critic.pt,self_contrastive,1
2,1561,2018-04-02,AFG,exact,0.01,-0.1,0.01172018051147461,-0.1320478320121765,-0.03204783201217651,0.03204783201217651,0.0031105780508369207,critic,critic_energy,legacy,runs/experiments/long_constituents/models/encoder.pt,runs/experiments/long_constituents/models/critic.pt,self_contrastive,0
3,2504,2022-01-03,AFG,exact,0.01,-0.1,0.04472160339355469,-0.13268756866455078,-0.032687568664550776,0.032687568664550776,0.002180239884182811,critic,critic_energy,legacy,runs/experiments/long_constituents/models/encoder.pt,runs/experiments/long_constituents/models/critic.pt,self_contrastive,0
4,965,2015-11-13,AFG,exact,0.01,-0.1,-0.010116636753082275,-0.11193698644638062,-0.01193698644638061,0.01193698644638061,0.00308762164786458,critic,critic_energy,legacy,runs/experiments/long_constituents/models/encoder.pt,runs/experiments/long_constituents/models/critic.pt,self_contrastive,1
5,2745,2022-12-16,AFG,exact,0.01,-0.1,-0.054069459438323975,-0.10646742582321167,-0.006467425823211664,0.006467425823211664,0.002201609080657363,critic,critic_energy,legacy,runs/experiments/long_constituents/models/encoder.pt,runs/experiments/long_constituents/models/critic.pt,self_contrastive,1
6,3501,2025-12-24,AFG,exact,0.01,-0.1,0.015123724937438965,-0.13172709941864014,-0.03172709941864013,0.03172709941864013,0.0041558947414159775,critic,critic_energy,legacy,runs/experiments/long_constituents/models/encoder.pt,runs/experiments/long_constituents/models/critic.pt,self_contrastive,0
7,1351,2017-05-31,AFG,exact,0.01,-0.1,0.02660202980041504,-0.13491690158843994,-0.034916901588439936,0.034916901588439936,0.0024357319343835115,critic,critic_energy,legacy,runs/experiments/long_constituents/models/encoder.pt,runs/experiments/long_constituents/models/critic.pt,self_contrastive,0
8,2983,2023-11-29,AFG,exact,0.01,-0.1,0.044651150703430176,-0.12555444240570068,-0.025554442405700678,0.025554442405700678,0.0034751882776618004,critic,critic_energy,legacy,runs/experiments/long_constituents/models/encoder.pt,runs/experiments/long_constituents/models/critic.pt,self_contrastive,0
9,2909,2023-08-15,AFG,exact,0.01,-0.1,-0.027199149131774902,-0.084522545337677,0.015477454662323004,0.015477454662323004,0.0032041410449892282,critic,critic_energy,legacy,runs/experiments/long_constituents/models/encoder.pt,runs/experiments/long_constituents/models/critic.pt,self_contrastive,1
10,587,2014-04-16,AFG,exact,0.01,-0.1,-0.008575916290283203,-0.09957611560821533,0.0004238843917846735,0.0004238843917846735,0.003034183057025075,critic,critic_energy,legacy,runs/experiments/long_constituents/models/encoder.pt,runs/experiments/long_constituents/models/critic.pt,self_contrastive,1
11,3282,2025-02-11,AFG,exact,0.01,-0.1,-0.019593000411987305,-0.11204594373703003,-0.012045943737030024,0.012045943737030024,0.002141558099538088,critic,critic_energy,legacy,runs/experiments/long_constituents/models/encoder.pt,runs/experiments/long_constituents/models/critic.pt,self_contrastive,1
12,470,2013-08-02,AFG,exact,0.01,-0.1,0.0871042013168335,-0.056743621826171875,0.04325637817382813,0.04325637817382813,0.0020870433654636145,critic,critic_energy,legacy,runs/experiments/long_constituents/models/encoder.pt,runs/experiments/long_constituents/models/critic.pt,self_contrastive,0
13,1889,2019-07-23,AFG,exact,0.01,-0.1,0.005186796188354492,-0.12334024906158447,-0.023340249061584467,0.023340249061584467,0.002020306885242462,critic,critic_energy,legacy,runs/experiments/long_constituents/models/encoder.pt,runs/experiments/long_constituents/models/critic.pt,self_contrastive,0
14,3337,2025-05-01,AFG,exact,0.01,-0.1,-0.03524768352508545,-0.08227413892745972,0.01772586107254029,0.01772586107254029,0.006206314545124769,critic,critic_energy,legacy,runs/experiments/long_constituents/models/encoder.pt,runs/experiments/long_constituents/models/critic.pt,self_contrastive,1
15,3477,2025-11-19,AFG,exact,0.01,-0.1,0.0723346471786499,-0.11140865087509155,-0.011408650875091547,0.011408650875091547,0.0021627857349812984,critic,critic_energy,legacy,runs/experiments/long_constituents/models/encoder.pt,runs/experiments/long_constituents/models/critic.pt,self_contrastive,1
16,3348,2025-05-16,AFG,exact,0.01,-0.1,-0.025119781494140625,-0.09806519746780396,0.0019348025321960505,0.0019348025321960505,0.004160172306001186,critic,critic_energy,legacy,runs/experiments/long_constituents/models/encoder.pt,runs/experiments/long_constituents/models/critic.pt,self_contrastive,1
17,1835,2019-05-06,AFG,exact,0.01,-0.1,0.07771944999694824,-0.03545421361923218,0.06454578638076783,0.06454578638076783,0.0021370146423578262,critic,critic_energy,legacy,runs/experiments/long_constituents/models/encoder.pt,runs/experiments/long_constituents/models/critic.pt,self_contrastive,0
18,2611,2022-06-07,AFG,exact,0.01,-0.1,0.0004341602325439453,-0.13045835494995117,-0.030458354949951166,0.030458354949951166,0.004251980222761631,critic,critic_energy,legacy,runs/experiments/long_constituents/models/encoder.pt,runs/experiments/long_constituents/models/critic.pt,self_contrastive,0
19,810,2015-04-07,AFG,exact,0.01,-0.1,0.025832056999206543,-0.12818151712417603,-0.02818151712417602,0.02818151712417602,0.003597073256969452,critic,critic_energy,legacy,runs/experiments/long_constituents/models/encoder.pt,runs/experiments/long_constituents/models/critic.pt,self_contrastive,0
20,3041,2024-02-23,AFG,exact,0.01,-0.1,0.07309257984161377,-0.10026556253433228,-0.00026556253433226984,0.00026556253433226984,0.00328600755892694,critic,critic_energy,legacy,runs/experiments/long_constituents/models/encoder.pt,runs/experiments/long_constituents/models/critic.pt,self_contrastive,1
21,686,2014-09-08,AFG,exact,0.01,-0.1,0.05595886707305908,-0.08676671981811523,0.013233280181884771,0.013233280181884771,0.0031069836113601923,critic,critic_energy,legacy,runs/experiments/long_constituents/models/encoder.pt,runs/experiments/long_constituents/models/critic.pt,self_contrastive,1
22,2200,2020-10-15,AFG,exact,0.01,-0.1,0.039194703102111816,-0.14198124408721924,-0.04198124408721923,0.04198124408721923,0.002609522081911564,critic,critic_energy,legacy,runs/experiments/long_constituents/models/encoder.pt,runs/experiments/long_constituents/models/critic.pt,self_contrastive,0
23,2637,2022-07-15,AFG,exact,0.01,-0.1,0.007067203521728516,-0.13806825876235962,-0.038068258762359614,0.038068258762359614,0.002072961302474141,critic,critic_energy,legacy,runs/experiments/long_constituents/models/encoder.pt,runs/experiments/long_constituents/models/critic.pt,self_contrastive,0
24,3062,2024-03-25,AFG,exact,0.01,-0.1,0.040206193923950195,-0.1110185980796814,-0.011018598079681391,0.011018598079681391,0.0026447491254657507,critic,critic_energy,legacy,runs/experiments/long_constituents/models/encoder.pt,runs/experiments/long_constituents/models/critic.pt,self_contrastive,1
25,1659,2018-08-20,AFG,exact,0.01,-0.1,0.028970956802368164,-0.08829975128173828,0.011700248718261724,0.011700248718261724,0.0024114148691296577,critic,critic_energy,legacy,runs/experiments/long_constituents/models/encoder.pt,runs/experiments/long_constituents/models/critic.pt,self_contrastive,1
26,236,2012-06-06,AFG,exact,0.01,-0.1,-0.033383965492248535,-0.09769988059997559,0.0023001194000244196,0.0023001194000244196,0.00292467069812119,critic,critic_energy,legacy,runs/experiments/long_constituents/models/encoder.pt,runs/experiments/long_constituents/models/critic.pt,self_contrastive,1
27,1223,2016-11-23,AFG,exact,0.01,-0.1,0.10082471370697021,-0.07085269689559937,0.02914730310440064,0.02914730310440064,0.0025163546670228243,critic,critic_energy,legacy,runs/experiments/long_constituents/models/encoder.pt,runs/experiments/long_constituents/models/critic.pt,self_contrastive,0
28,594,2014-04-28,AFG,exact,0.01,-0.1,0.011879444122314453,-0.07013720273971558,0.02986279726028443,0.02986279726028443,0.0030851231422275305,critic,critic_energy,legacy,runs/experiments/long_constituents/models/encoder.pt,runs/experiments/long_constituents/models/critic.pt,self_contrastive,0
29,998,2016-01-05,AFG,exact,0.01,-0.1,-0.03663456439971924,-0.1184346079826355,-0.018434607982635492,0.018434607982635492,0.002438261406496167,critic,critic_energy,legacy,runs/experiments/long_constituents/models/encoder.pt,runs/experiments/long_constituents/models/critic.pt,self_contrastive,1
30,2827,2023-04-18,AFG,exact,0.01,-0.1,0.04718959331512451,-0.13959473371505737,-0.03959473371505737,0.03959473371505737,0.002866504481062293,critic,critic_energy,legacy,runs/experiments/long_constituents/models/encoder.pt,runs/experiments/long_constituents/models/critic.pt,self_contrastive,0
31,2597,2022-05-17,AFG,exact,0.01,-0.1,-0.011788725852966309,-0.11726385354995728,-0.01726385354995727,0.01726385354995727,0.0036361655220389366,critic,critic_energy,legacy,runs/experiments/long_constituents/models/encoder.pt,runs/experiments/long_constituents/models/critic.pt,self_contrastive,1
32,2215,2020-11-05,AFG,exact,0.01,-0.1,0.07259595394134521,-0.1267845630645752,-0.02678456306457519,0.02678456306457519,0.004632319789379835,critic,critic_energy,legacy,runs/experiments/long_constituents/models/encoder.pt,runs/experiments/long_constituents/models/critic.pt,self_contrastive,0
33,83,2011-10-26,AFG,exact,0.01,-0.1,0.11753678321838379,-0.15529191493988037,-0.055291914939880366,0.055291914939880366,0.005016931798309088,critic,critic_energy,legacy,runs/experiments/long_constituents/models/encoder.pt,runs/experiments/long_constituents/models/critic.pt,self_contrastive,0
34,522,2013-10-16,AFG,exact,0.01,-0.1,0.00028777122497558594,-0.15380561351776123,-0.053805613517761225,0.053805613517761225,0.0029022162780165672,critic,critic_energy,legacy,runs/experiments/long_constituents/models/encoder.pt,runs/experiments/long_constituents/models/critic.pt,self_contrastive,0
35,2277,2021-02-08,AFG,exact,0.01,-0.1,0.09902095794677734,-0.11603778600692749,-0.016037786006927485,0.016037786006927485,0.0031028934754431248,critic,critic_energy,legacy,runs/experiments/long_constituents/models/encoder.pt,runs/experiments/long_constituents/models/critic.pt,self_contrastive,1
36,2624,2022-06-27,AFG,exact,0.01,-0.1,0.019722700119018555,-0.1267527937889099,-0.026752793788909907,0.026752793788909907,0.005262227728962898,critic,critic_energy,legacy,runs/experiments/long_constituents/models/encoder.pt,runs/experiments/long_constituents/models/critic.pt,self_contrastive,0
37,3266,2025-01-17,AFG,exact,0.01,-0.1,-0.009403347969055176,-0.12717920541763306,-0.02717920541763305,0.02717920541763305,0.0023749074898660183,critic,critic_energy,legacy,runs/experiments/long_constituents/models/encoder.pt,runs/experiments/long_constituents/models/critic.pt,self_contrastive,0
38,1748,2018-12-27,AFG,exact,0.01,-0.1,-0.14472150802612305,-0.1103087067604065,-0.010308706760406489,0.010308706760406489,0.003231426002457738,critic,critic_energy,legacy,runs/experiments/long_constituents/models/encoder.pt,runs/experiments/long_constituents/models/critic.pt,self_contrastive,1
39,1413,2017-08-28,AFG,exact,0.01,-0.1,0.012759685516357422,-0.108573317527771,-0.00857331752777099,0.00857331752777099,0.002160050207749009,critic,critic_energy,legacy,runs/experiments/long_constituents/models/encoder.pt,runs/experiments/long_constituents/models/critic.pt,self_contrastive,1
40,2454,2021-10-20,AFG,exact,0.01,-0.1,0.06737625598907471,-0.16446936130523682,-0.06446936130523681,0.06446936130523681,0.007116958498954773,critic,critic_energy,legacy,runs/experiments/long_constituents/models/encoder.pt,runs/experiments/long_constituents/models/critic.pt,self_contrastive,0
41,2915,2023-08-23,AFG,exact,0.01,-0.1,-0.06564569473266602,-0.10689562559127808,-0.006895625591278071,0.006895625591278071,0.0030310219153761864,critic,critic_energy,legacy,runs/experiments/long_constituents/models/encoder.pt,runs/experiments/long_constituents/models/critic.pt,self_contrastive,1
42,3461,2025-10-28,AFG,exact,0.01,-0.1,-0.0739130973815918,-0.11204361915588379,-0.012043619155883784,0.012043619155883784,0.001994675723835826,critic,critic_energy,legacy,runs/experiments/long_constituents/models/encoder.pt,runs/experiments/long_constituents/models/critic.pt,self_contrastive,1
43,177,2012-03-13,AFG,exact,0.01,-0.1,0.007747769355773926,-0.1104501485824585,-0.01045014858245849,0.01045014858245849,0.002206350676715374,critic,critic_energy,legacy,runs/experiments/long_constituents/models/encoder.pt,runs/experiments/long_constituents/models/critic.pt,self_contrastive,1
44,3516,2026-01-20,AFG,exact,0.01,-0.1,-0.03233820199966431,-0.10041695833206177,-0.000416958332061762,0.000416958332061762,0.0022658302914351225,critic,critic_energy,legacy,runs/experiments/long_constituents/models/encoder.pt,runs/experiments/long_constituents/models/critic.pt,self_contrastive,1
45,3242,2024-12-10,AFG,exact,0.01,-0.1,0.05293405055999756,-0.11791259050369263,-0.01791259050369262,0.01791259050369262,0.0023324787616729736,critic,critic_energy,legacy,runs/experiments/long_constituents/models/encoder.pt,runs/experiments/long_constituents/models/critic.pt,self_contrastive,1
46,2670,2022-08-31,AFG,exact,0.01,-0.1,-0.0025340914726257324,-0.12920331954956055,-0.02920331954956054,0.02920331954956054,0.003114221850410104,critic,critic_energy,legacy,runs/experiments/long_constituents/models/encoder.pt,runs/experiments/long_constituents/models/critic.pt,self_contrastive,0
47,1766,2019-01-25,AFG,exact,0.01,-0.1,0.08146750926971436,-0.10755336284637451,-0.007553362846374506,0.007553362846374506,0.0036359773948788643,critic,critic_energy,legacy,runs/experiments/long_constituents/models/encoder.pt,runs/experiments/long_constituents/models/critic.pt,self_contrastive,1
48,3154,2024-08-06,AFG,exact,0.01,-0.1,0.026378273963928223,-0.1110084056854248,-0.0110084056854248,0.0110084056854248,0.003547785570845008,critic,critic_energy,legacy,runs/experiments/long_constituents/models/encoder.pt,runs/experiments/long_constituents/models/critic.pt,self_contrastive,1
49,569,2013-12-23,AFG,exact,0.01,-0.1,0.017943620681762695,-0.09022176265716553,0.009778237342834478,0.009778237342834478,0.00221629673615098,critic,critic_energy,legacy,runs/experiments/long_constituents/models/encoder.pt,runs/experiments/long_constituents/models/critic.pt,self_contrastive,1
50,1118,2016-06-27,AFG,exact,0.01,-0.1,-0.019477903842926025,-0.1209789514541626,-0.020978951454162592,0.020978951454162592,0.00239816983230412,critic,critic_energy,legacy,runs/experiments/long_constituents/models/encoder.pt,runs/experiments/long_constituents/models/critic.pt,self_contrastive,0
51,1161,2016-08-26,AFG,exact,0.01,-0.1,0.010724902153015137,-0.11700952053070068,-0.017009520530700678,0.017009520530700678,0.002189495600759983,critic,critic_energy,legacy,runs/experiments/long_constituents/models/encoder.pt,runs/experiments/long_constituents/models/critic.pt,self_contrastive,1
52,674,2014-08-20,AFG,exact,0.01,-0.1,0.0011975765228271484,-0.09813034534454346,0.0018696546554565485,0.0018696546554565485,0.0020350380800664425,critic,critic_energy,legacy,runs/experiments/long_constituents/models/encoder.pt,runs/experiments/long_constituents/models/critic.pt,self_contrastive,1
53,2573,2022-04-12,AFG,exact,0.01,-0.1,0.06647694110870361,-0.10210555791854858,-0.0021055579185485784,0.0021055579185485784,0.002335670869797468,critic,critic_energy,legacy,runs/experiments/long_constituents/models/encoder.pt,runs/experiments/long_constituents/models/critic.pt,self_contrastive,1
54,659,2014-07-30,AFG,exact,0.01,-0.1,-0.02710127830505371,-0.10193479061126709,-0.0019347906112670843,0.0019347906112670843,0.002064154017716646,critic,critic_energy,legacy,runs/experiments/long_constituents/models/encoder.pt,runs/experiments/long_constituents/models/critic.pt,self_contrastive,1
55,1448,2017-10-17,AFG,exact,0.01,-0.1,0.03321409225463867,-0.07494610548019409,0.025053894519805914,0.025053894519805914,0.002070120768621564,critic,critic_energy,legacy,runs/experiments/long_constituents/models/encoder.pt,runs/experiments/long_constituents/models/critic.pt,self_contrastive,0
56,690,2014-09-12,AFG,exact,0.01,-0.1,0.02967357635498047,-0.07977128028869629,0.020228719711303716,0.020228719711303716,0.0020987605676054955,critic,critic_energy,legacy,runs/experiments/long_constituents/models/encoder.pt,runs/experiments/long_constituents/models/critic.pt,self_contrastive,0
57,3317,2025-04-02,AFG,exact,0.01,-0.1,0.06667220592498779,-0.1268182396888733,-0.026818239688873285,0.026818239688873285,0.005813973490148783,critic,critic_energy,legacy,runs/experiments/long_constituents/models/encoder.pt,runs/experiments/long_constituents/models/critic.pt,self_contrastive,0
58,3160,2024-08-14,AFG,exact,0.01,-0.1,-0.0173109769821167,-0.11087411642074585,-0.010874116420745844,0.010874116420745844,0.002206278033554554,critic,critic_energy,legacy,runs/experiments/long_constituents/models/encoder.pt,runs/experiments/long_constituents/models/critic.pt,self_contrastive,1
59,667,2014-08-11,AFG,exact,0.01,-0.1,-0.038227379322052,-0.13251936435699463,-0.03251936435699462,0.03251936435699462,0.0019994729664176702,critic,critic_energy,legacy,runs/experiments/long_constituents/models/encoder.pt,runs/experiments/long_constituents/models/critic.pt,self_contrastive,0
60,1119,2016-06-28,AFG,exact,0.01,-0.1,-0.0546075701713562,-0.10458642244338989,-0.004586422443389887,0.004586422443389887,0.003110515186563134,critic,critic_energy,legacy,runs/experiments/long_constituents/models/encoder.pt,runs/experiments/long_constituents/models/critic.pt,self_contrastive,1
61,228,2012-05-24,AFG,exact,0.01,-0.1,-0.0061983466148376465,-0.12081509828567505,-0.020815098285675043,0.020815098285675043,0.003318709321320057,critic,critic_energy,legacy,runs/experiments/long_constituents/models/encoder.pt,runs/experiments/long_constituents/models/critic.pt,self_contrastive,0
62,1993,2019-12-18,AFG,exact,0.01,-0.1,0.03314816951751709,-0.08833062648773193,0.011669373512268072,0.011669373512268072,0.0021889915224164724,critic,critic_energy,legacy,runs/experiments/long_constituents/models/encoder.pt,runs/experiments/long_constituents/models/critic.pt,self_contrastive,1
63,84,2011-10-27,AFG,exact,0.01,-0.1,0.17586994171142578,-0.1285281777381897,-0.02852817773818969,0.02852817773818969,0.007567091844975948,critic,critic_energy,legacy,runs/experiments/long_constituents/models/encoder.pt,runs/experiments/long_constituents/models/critic.pt,self_contrastive,0
64,2246,2020-12-21,AFG,exact,0.01,-0.1,-0.018688499927520752,-0.1163550615310669,-0.01635506153106689,0.01635506153106689,0.0020930927712470293,critic,critic_energy,legacy,runs/experiments/long_constituents/models/encoder.pt,runs/experiments/long_constituents/models/critic.pt,self_contrastive,1
65,2408,2021-08-16,AFG,exact,0.01,-0.1,0.07832086086273193,-0.09967577457427979,0.0003242254257202204,0.0003242254257202204,0.002397203119471669,critic,critic_energy,legacy,runs/experiments/long_constituents/models/encoder.pt,runs/experiments/long_constituents/models/critic.pt,self_contrastive,1
66,1155,2016-08-18,AFG,exact,0.01,-0.1,0.02021610736846924,-0.11744213104248047,-0.017442131042480463,0.017442131042480463,0.002202215837314725,critic,critic_energy,legacy,runs/experiments/long_constituents/models/encoder.pt,runs/experiments/long_constituents/models/critic.pt,self_contrastive,1
67,2418,2021-08-30,AFG,exact,0.01,-0.1,0.08135032653808594,-0.06320470571517944,0.03679529428482056,0.03679529428482056,0.002554741920903325,critic,critic_energy,legacy,runs/experiments/long_constituents/models/encoder.pt,runs/experiments/long_constituents/models/critic.pt,self_contrastive,0
68,2684,2022-09-21,AFG,exact,0.01,-0.1,-0.02383136749267578,-0.14777332544326782,-0.04777332544326782,0.04777332544326782,0.0024976273998618126,critic,critic_energy,legacy,runs/experiments/long_constituents/models/encoder.pt,runs/experiments/long_constituents/models/critic.pt,self_contrastive,0
69,500,2013-09-16,AFG,exact,0.01,-0.1,0.032882094383239746,-0.06428074836730957,0.035719251632690435,0.035719251632690435,0.002470937091857195,critic,critic_energy,legacy,runs/experiments/long_constituents/models/encoder.pt,runs/experiments/long_constituents/models/critic.pt,self_contrastive,0
70,1150,2016-08-11,AFG,exact,0.01,-0.1,0.017425060272216797,-0.11845380067825317,-0.01845380067825317,0.01845380067825317,0.002012446988373995,critic,critic_energy,legacy,runs/experiments/long_constituents/models/encoder.pt,runs/experiments/long_constituents/models/critic.pt,self_contrastive,1
71,1356,2017-06-07,AFG,exact,0.01,-0.1,0.010871648788452148,-0.11487603187561035,-0.014876031875610346,0.014876031875610346,0.0030723304953426123,critic,critic_energy,legacy,runs/experiments/long_constituents/models/encoder.pt,runs/experiments/long_constituents/models/critic.pt,self_contrastive,1
72,3338,2025-05-02,AFG,exact,0.01,-0.1,-0.03950965404510498,-0.08005577325820923,0.019944226741790777,0.019944226741790777,0.004493003245443106,critic,critic_energy,legacy,runs/experiments/long_constituents/models/encoder.pt,runs/experiments/long_constituents/models/critic.pt,self_contrastive,1
73,1679,2018-09-18,AFG,exact,0.01,-0.1,-0.011209189891815186,-0.0857844352722168,0.014215564727783209,0.014215564727783209,0.001998801715672016,critic,critic_energy,legacy,runs/experiments/long_constituents/models/encoder.pt,runs/experiments/long_constituents/models/critic.pt,self_contrastive,1
74,1247,2016-12-29,AFG,exact,0.01,-0.1,0.06356143951416016,-0.045352160930633545,0.05464783906936646,0.05464783906936646,0.0033765181433409452,critic,critic_energy,legacy,runs/experiments/long_constituents/models/encoder.pt,runs/experiments/long_constituents/models/critic.pt,self_contrastive,0
75,1091,2016-05-18,AFG,exact,0.01,-0.1,0.012774467468261719,-0.0882500410079956,0.0117499589920044,0.0117499589920044,0.002059662714600563,critic,critic_energy,legacy,runs/experiments/long_constituents/models/encoder.pt,runs/experiments/long_constituents/models/critic.pt,self_contrastive,1
76,2222,2020-11-16,AFG,exact,0.01,-0.1,0.21216809749603271,-0.13496392965316772,-0.03496392965316772,0.03496392965316772,0.003490877104923129,critic,critic_energy,legacy,runs/experiments/long_constituents/models/encoder.pt,runs/experiments/long_constituents/models/critic.pt,self_contrastive,0
77,2755,2023-01-03,AFG,exact,0.01,-0.1,-0.03554868698120117,-0.11646121740341187,-0.01646121740341186,0.01646121740341186,0.0020041880197823048,critic,critic_energy,legacy,runs/experiments/long_constituents/models/encoder.pt,runs/experiments/long_constituents/models/critic.pt,self_contrastive,1
78,1844,2019-05-17,AFG,exact,0.01,-0.1,0.01999032497406006,-0.10702747106552124,-0.007027471065521235,0.007027471065521235,0.0025545433163642883,critic,critic_energy,legacy,runs/experiments/long_constituents/models/encoder.pt,runs/experiments/long_constituents/models/critic.pt,self_contrastive,1
79,2985,2023-12-01,AFG,exact,0.01,-0.1,0.04388868808746338,-0.12995338439941406,-0.029953384399414057,0.029953384399414057,0.0032348656095564365,critic,critic_energy,legacy,runs/experiments/long_constituents/models/encoder.pt,runs/experiments/long_constituents/models/critic.pt,self_contrastive,0
80,2237,2020-12-08,AFG,exact,0.01,-0.1,0.12856590747833252,-0.1634553074836731,-0.06345530748367309,0.06345530748367309,0.005829190369695425,critic,critic_energy,legacy,runs/experiments/long_constituents/models/encoder.pt,runs/experiments/long_constituents/models/critic.pt,self_contrastive,0
81,1396,2017-08-03,AFG,exact,0.01,-0.1,0.03471732139587402,-0.13663464784622192,-0.03663464784622192,0.03663464784622192,0.0027216956950724125,critic,critic_energy,legacy,runs/experiments/long_constituents/models/encoder.pt,runs/experiments/long_constituents/models/critic.pt,self_contrastive,0
82,2137,2020-07-17,AFG,exact,0.01,-0.1,-0.004596412181854248,-0.0771976113319397,0.02280238866806031,0.02280238866806031,0.003033888293430209,critic,critic_energy,legacy,runs/experiments/long_constituents/models/encoder.pt,runs/experiments/long_constituents/models/critic.pt,self_contrastive,0
83,2135,2020-07-15,AFG,exact,0.01,-0.1,-0.05770617723464966,-0.09895700216293335,0.001042997837066656,0.001042997837066656,0.0027945619076490402,critic,critic_energy,legacy,runs/experiments/long_constituents/models/encoder.pt,runs/experiments/long_constituents/models/critic.pt,self_contrastive,1
84,213,2012-05-03,AFG,exact,0.01,-0.1,0.03957021236419678,-0.05702352523803711,0.042976474761962896,0.042976474761962896,0.0026324749924242496,critic,critic_energy,legacy,runs/experiments/long_constituents/models/encoder.pt,runs/experiments/long_constituents/models/critic.pt,self_contrastive,0
85,2858,2023-06-01,AFG,exact,0.01,-0.1,-0.07375627756118774,-0.09242838621139526,0.007571613788604742,0.007571613788604742,0.002098457422107458,critic,critic_energy,legacy,runs/experiments/long_constituents/models/encoder.pt,runs/experiments/long_constituents/models/critic.pt,self_contrastive,1
86,3037,2024-02-16,AFG,exact,0.01,-0.1,0.06913316249847412,-0.11166983842849731,-0.011669838428497309,0.011669838428497309,0.0025213370099663734,critic,critic_energy,legacy,runs/experiments/long_constituents/models/encoder.pt,runs/experiments/long_constituents/models/critic.pt,self_contrastive,1
87,2055,2020-03-20,AFG,exact,0.01,-0.1,-0.532413125038147,-0.11700236797332764,-0.01700236797332763,0.01700236797332763,0.006551446858793497,critic,critic_energy,legacy,runs/experiments/long_constituents/models/encoder.pt,runs/experiments/long_constituents/models/critic.pt,self_contrastive,1
88,2330,2021-04-26,AFG,exact,0.01,-0.1,0.06480169296264648,-0.08772110939025879,0.012278890609741216,0.012278890609741216,0.0026189254131168127,critic,critic_energy,legacy,runs/experiments/long_constituents/models/encoder.pt,runs/experiments/long_constituents/models/critic.pt,self_contrastive,1
89,2812,2023-03-27,AFG,exact,0.01,-0.1,-0.11229783296585083,-0.11260533332824707,-0.012605333328247065,0.012605333328247065,0.003976577892899513,critic,critic_energy,legacy,runs/experiments/long_constituents/models/encoder.pt,runs/experiments/long_constituents/models/critic.pt,self_contrastive,1
90,610,2014-05-20,AFG,exact,0.01,-0.1,0.01100623607635498,-0.11435699462890625,-0.014356994628906244,0.014356994628906244,0.0025586660485714674,critic,critic_energy,legacy,runs/experiments/long_constituents/models/encoder.pt,runs/experiments/long_constituents/models/critic.pt,self_contrastive,1
91,2190,2020-10-01,AFG,exact,0.01,-0.1,0.006007790565490723,-0.1361396312713623,-0.0361396312713623,0.0361396312713623,0.0031422735191881657,critic,critic_energy,legacy,runs/experiments/long_constituents/models/encoder.pt,runs/experiments/long_constituents/models/critic.pt,self_contrastive,0
92,2777,2023-02-03,AFG,exact,0.01,-0.1,-0.029980599880218506,-0.08667820692062378,0.013321793079376226,0.013321793079376226,0.003016754752025008,critic,critic_energy,legacy,runs/experiments/long_constituents/models/encoder.pt,runs/experiments/long_constituents/models/critic.pt,self_contrastive,1
93,458,2013-06-19,AFG,exact,0.01,-0.1,-0.0022339820861816406,-0.12272769212722778,-0.022727692127227778,0.022727692127227778,0.00265658856369555,critic,critic_energy,legacy,runs/experiments/long_constituents/models/encoder.pt,runs/experiments/long_constituents/models/critic.pt,self_contrastive,0
94,1417,2017-09-01,AFG,exact,0.01,-0.1,-0.025928080081939697,-0.1301679015159607,-0.030167901515960688,0.030167901515960688,0.003196095582097769,critic,critic_energy,legacy,runs/experiments/long_constituents/models/encoder.pt,runs/experiments/long_constituents/models/critic.pt,self_contrastive,0
95,238,2012-06-08,AFG,exact,0.01,-0.1,-0.00790417194366455,-0.12827295064926147,-0.02827295064926147,0.02827295064926147,0.002682190388441086,critic,critic_energy,legacy,runs/experiments/long_constituents/models/encoder.pt,runs/experiments/long_constituents/models/critic.pt,self_contrastive,0
96,1964,2019-11-06,AFG,exact,0.01,-0.1,0.0659782886505127,-0.06495308876037598,0.03504691123962403,0.03504691123962403,0.002569150645285845,critic,critic_energy,legacy,runs/experiments/long_constituents/models/encoder.pt,runs/experiments/long_constituents/models/critic.pt,self_contrastive,0
97,382,2013-03-01,AFG,exact,0.01,-0.1,0.03289473056793213,-0.08998489379882812,0.01001510620117188,0.01001510620117188,0.0030244088266044855,critic,critic_energy,legacy,runs/experiments/long_constituents/models/encoder.pt,runs/experiments/long_constituents/models/critic.pt,self_contrastive,1
98,1863,2019-06-14,AFG,exact,0.01,-0.1,0.049959659576416016,-0.07673275470733643,0.02326724529266358,0.02326724529266358,0.0023766576778143644,critic,critic_energy,legacy,runs/experiments/long_constituents/models/encoder.pt,runs/experiments/long_constituents/models/critic.pt,self_contrastive,0
99,1204,2016-10-27,AFG,exact,0.01,-0.1,0.004367351531982422,-0.13616812229156494,-0.036168122291564936,0.036168122291564936,0.0025149600114673376,critic,critic_energy,legacy,runs/experiments/long_constituents/models/encoder.pt,runs/experiments/long_constituents/models/critic.pt,self_contrastive,0
100,1853,2019-05-31,AFG,exact,0.01,-0.1,-0.028155148029327393,-0.16609835624694824,-0.06609835624694824,0.06609835624694824,0.0028711874037981033,critic,critic_energy,legacy,runs/experiments/long_constituents/models/encoder.pt,runs/experiments/long_constituents/models/critic.pt,self_contrastive,0
101,1769,2019-01-30,AFG,exact,0.01,-0.1,0.06262922286987305,-0.06662845611572266,0.03337154388427735,0.03337154388427735,0.0022301755379885435,critic,critic_energy,legacy,runs/experiments/long_constituents/models/encoder.pt,runs/experiments/long_constituents/models/critic.pt,self_contrastive,0
102,2056,2020-03-23,AFG,exact,0.01,-0.1,-0.5363422632217407,-0.11157280206680298,-0.011572802066802973,0.011572802066802973,0.007388537283986807,critic,critic_energy,legacy,runs/experiments/long_constituents/models/encoder.pt,runs/experiments/long_constituents/models/critic.pt,self_contrastive,1
103,2948,2023-10-10,AFG,exact,0.01,-0.1,0.035382747650146484,-0.13591736555099487,-0.03591736555099487,0.03591736555099487,0.0026782865170389414,critic,critic_energy,legacy,runs/experiments/long_constituents/models/encoder.pt,runs/experiments/long_constituents/models/critic.pt,self_contrastive,0
104,269,2012-07-24,AFG,exact,0.01,-0.1,-0.03805708885192871,-0.13576459884643555,-0.03576459884643554,0.03576459884643554,0.002105928026139736,critic,critic_energy,legacy,runs/experiments/long_constituents/models/encoder.pt,runs/experiments/long_constituents/models/critic.pt,self_contrastive,0
105,59,2011-09-22,AFG,exact,0.01,-0.1,-0.033887624740600586,-0.1130790114402771,-0.013079011440277094,0.013079011440277094,0.004385615233331919,critic,critic_energy,legacy,runs/experiments/long_constituents/models/encoder.pt,runs/experiments/long_constituents/models/critic.pt,self_contrastive,1
106,1809,2019-03-28,AFG,exact,0.01,-0.1,-0.02998793125152588,-0.0894695520401001,0.010530447959899908,0.010530447959899908,0.0025515712331980467,critic,critic_energy,legacy,runs/experiments/long_constituents/models/encoder.pt,runs/experiments/long_constituents/models/critic.pt,self_contrastive,1
107,1533,2018-02-20,AFG,exact,0.01,-0.1,0.016500353813171387,-0.1574612259864807,-0.05746122598648071,0.05746122598648071,0.00468608271330595,critic,critic_energy,legacy,runs/experiments/long_constituents/models/encoder.pt,runs/experiments/long_constituents/models/critic.pt,self_contrastive,0
108,2795,2023-03-02,AFG,exact,0.01,-0.1,-0.014089047908782959,-0.12387526035308838,-0.023875260353088373,0.023875260353088373,0.002182471565902233,critic,critic_energy,legacy,runs/experiments/long_constituents/models/encoder.pt,runs/experiments/long_constituents/models/critic.pt,self_contrastive,0
109,1129,2016-07-13,AFG,exact,0.01,-0.1,0.020011305809020996,-0.13377153873443604,-0.03377153873443603,0.03377153873443603,0.003127081086859107,critic,critic_energy,legacy,runs/experiments/long_constituents/models/encoder.pt,runs/experiments/long_constituents/models/critic.pt,self_contrastive,0
110,729,2014-11-06,AFG,exact,0.01,-0.1,0.04712104797363281,-0.0888109803199768,0.011189019680023199,0.011189019680023199,0.003188660368323326,critic,critic_energy,legacy,runs/experiments/long_constituents/models/encoder.pt,runs/experiments/long_constituents/models/critic.pt,self_contrastive,1
111,2801,2023-03-10,AFG,exact,0.01,-0.1,-0.0668344497680664,-0.09292888641357422,0.007071113586425787,0.007071113586425787,0.002852842677384615,critic,critic_energy,legacy,runs/experiments/long_constituents/models/encoder.pt,runs/experiments/long_constituents/models/critic.pt,self_contrastive,1
112,2164,2020-08-25,AFG,exact,0.01,-0.1,0.12285387516021729,-0.1529252529144287,-0.052925252914428705,0.052925252914428705,0.002398866228759289,critic,critic_energy,legacy,runs/experiments/long_constituents/models/encoder.pt,runs/experiments/long_constituents/models/critic.pt,self_contrastive,0
113,2251,2020-12-29,AFG,exact,0.01,-0.1,-0.046609461307525635,-0.09601587057113647,0.003984129428863531,0.003984129428863531,0.0024084702599793673,critic,critic_energy,legacy,runs/experiments/long_constituents/models/encoder.pt,runs/experiments/long_constituents/models/critic.pt,self_contrastive,1
114,1354,2017-06-05,AFG,exact,0.01,-0.1,0.010451316833496094,-0.11426383256912231,-0.014263832569122309,0.014263832569122309,0.002541585126891732,critic,critic_energy,legacy,runs/experiments/long_constituents/models/encoder.pt,runs/experiments/long_constituents/models/critic.pt,self_contrastive,1
115,1920,2019-09-05,AFG,exact,0.01,-0.1,0.023990392684936523,-0.12512314319610596,-0.02512314319610595,0.02512314319610595,0.003630046732723713,critic,critic_energy,legacy,runs/experiments/long_constituents/models/encoder.pt,runs/experiments/long_constituents/models/critic.pt,self_contrastive,0
116,2487,2021-12-07,AFG,exact,0.01,-0.1,-0.021278858184814453,-0.10854732990264893,-0.00854732990264892,0.00854732990264892,0.004030660260468721,critic,critic_energy,legacy,runs/experiments/long_constituents/models/encoder.pt,runs/experiments/long_constituents/models/critic.pt,self_contrastive,1
117,1103,2016-06-06,AFG,exact,0.01,-0.1,0.03502774238586426,-0.10888570547103882,-0.008885705471038813,0.008885705471038813,0.0023313146084547043,critic,critic_energy,legacy,runs/experiments/long_constituents/models/encoder.pt,runs/experiments/long_constituents/models/critic.pt,self_contrastive,1
118,2630,2022-07-06,AFG,exact,0.01,-0.1,-0.00937187671661377,-0.11783820390701294,-0.017838203907012934,0.017838203907012934,0.003989218268543482,critic,critic_energy,legacy,runs/experiments/long_constituents/models/encoder.pt,runs/experiments/long_constituents/models/critic.pt,self_contrastive,1
119,72,2011-10-11,AFG,exact,0.01,-0.1,0.040944814682006836,-0.13967764377593994,-0.039677643775939936,0.039677643775939936,0.00854683667421341,critic,critic_energy,legacy,runs/experiments/long_constituents/models/encoder.pt,runs/experiments/long_constituents/models/critic.pt,self_contrastive,0
120,1284,2017-02-23,AFG,exact,0.01,-0.1,0.09246885776519775,-0.13677430152893066,-0.03677430152893066,0.03677430152893066,0.0024996085558086634,critic,critic_energy,legacy,runs/experiments/long_constituents/models/encoder.pt,runs/experiments/long_constituents/models/critic.pt,self_contrastive,0
121,2910,2023-08-16,AFG,exact,0.01,-0.1,-0.04634124040603638,-0.089008629322052,0.010991370677948004,0.010991370677948004,0.001995505066588521,critic,critic_energy,legacy,runs/experiments/long_constituents/models/encoder.pt,runs/experiments/long_constituents/models/critic.pt,self_contrastive,1
122,2785,2023-02-15,AFG,exact,0.01,-0.1,-0.03834432363510132,-0.10604143142700195,-0.006041431427001948,0.006041431427001948,0.002226449316367507,critic,critic_energy,legacy,runs/experiments/long_constituents/models/encoder.pt,runs/experiments/long_constituents/models/critic.pt,self_contrastive,1
123,1274,2017-02-08,AFG,exact,0.01,-0.1,0.054009318351745605,-0.11102867126464844,-0.011028671264648432,0.011028671264648432,0.0021682926453649998,critic,critic_energy,legacy,runs/experiments/long_constituents/models/encoder.pt,runs/experiments/long_constituents/models/critic.pt,self_contrastive,1
124,2900,2023-08-02,AFG,exact,0.01,-0.1,0.027193546295166016,-0.033271193504333496,0.06672880649566651,0.06672880649566651,0.0040415190160274506,critic,critic_energy,legacy,runs/experiments/long_constituents/models/encoder.pt,runs/experiments/long_constituents/models/critic.pt,self_contrastive,0
125,2678,2022-09-13,AFG,exact,0.01,-0.1,-0.010239660739898682,-0.1459246277809143,-0.0459246277809143,0.0459246277809143,0.003017545212060213,critic,critic_energy,legacy,runs/experiments/long_constituents/models/encoder.pt,runs/experiments/long_constituents/models/critic.pt,self_contrastive,0
126,3462,2025-10-29,AFG,exact,0.01,-0.1,-0.09660470485687256,-0.09836792945861816,0.0016320705413818415,0.0016320705413818415,0.002269698539748788,critic,critic_energy,legacy,runs/experiments/long_constituents/models/encoder.pt,runs/experiments/long_constituents/models/critic.pt,self_contrastive,1
127,765,2015-01-30,AFG,exact,0.01,-0.1,-0.024818062782287598,-0.13724052906036377,-0.037240529060363764,0.037240529060363764,0.0024325340054929256,critic,critic_energy,legacy,runs/experiments/long_constituents/models/encoder.pt,runs/experiments/long_constituents/models/critic.pt,self_contrastive,0
128,2989,2023-12-07,AFG,exact,0.01,-0.1,0.05197298526763916,-0.12604206800460815,-0.02604206800460815,0.02604206800460815,0.002937557641416788,critic,critic_energy,legacy,runs/experiments/long_constituents/models/encoder.pt,runs/experiments/long_constituents/models/critic.pt,self_contrastive,0
129,1182,2016-09-27,AFG,exact,0.01,-0.1,-0.00914222002029419,-0.12372452020645142,-0.02372452020645141,0.02372452020645141,0.0037065506912767887,critic,critic_energy,legacy,runs/experiments/long_constituents/models/encoder.pt,runs/experiments/long_constituents/models/critic.pt,self_contrastive,0
130,2733,2022-11-30,AFG,exact,0.01,-0.1,-0.02168893814086914,-0.11484181880950928,-0.014841818809509272,0.014841818809509272,0.004822604823857546,critic,critic_energy,legacy,runs/experiments/long_constituents/models/encoder.pt,runs/experiments/long_constituents/models/critic.pt,self_contrastive,1
131,682,2014-09-02,AFG,exact,0.01,-0.1,0.06708192825317383,0.008134603500366211,0.10813460350036622,0.10813460350036622,0.002117232885211706,critic,critic_energy,legacy,runs/experiments/long_constituents/models/encoder.pt,runs/experiments/long_constituents/models/critic.pt,self_contrastive,0
132,1514,2018-01-23,AFG,exact,0.01,-0.1,0.054471611976623535,-0.08783400058746338,0.012165999412536627,0.012165999412536627,0.002378461416810751,critic,critic_energy,legacy,runs/experiments/long_constituents/models/encoder.pt,runs/experiments/long_constituents/models/critic.pt,self_contrastive,1
133,2188,2020-09-29,AFG,exact,0.01,-0.1,-0.019964754581451416,-0.10531479120254517,-0.0053147912025451605,0.0053147912025451605,0.003903989214450121,critic,critic_energy,legacy,runs/experiments/long_constituents/models/encoder.pt,runs/experiments/long_constituents/models/critic.pt,self_contrastive,1
134,1321,2017-04-18,AFG,exact,0.01,-0.1,-0.010202646255493164,-0.14739155769348145,-0.04739155769348144,0.04739155769348144,0.0026414827443659306,critic,critic_energy,legacy,runs/experiments/long_constituents/models/encoder.pt,runs/experiments/long_constituents/models/critic.pt,self_contrastive,0
135,2921,2023-08-31,AFG,exact,0.01,-0.1,-0.04154789447784424,-0.09571266174316406,0.004287338256835943,0.004287338256835943,0.0032151900231838226,critic,critic_energy,legacy,runs/experiments/long_constituents/models/encoder.pt,runs/experiments/long_constituents/models/critic.pt,self_contrastive,1
136,875,2015-07-09,AFG,exact,0.01,-0.1,0.04517555236816406,-0.12844669818878174,-0.028446698188781733,0.028446698188781733,0.002201948082074523,critic,critic_energy,legacy,runs/experiments/long_constituents/models/encoder.pt,runs/experiments/long_constituents/models/critic.pt,self_contrastive,0
137,1780,2019-02-14,AFG,exact,0.01,-0.1,0.04520142078399658,-0.05094015598297119,0.049059844017028814,0.049059844017028814,0.002847702708095312,critic,critic_energy,legacy,runs/experiments/long_constituents/models/encoder.pt,runs/experiments/long_constituents/models/critic.pt,self_contrastive,0
138,553,2013-11-29,AFG,exact,0.01,-0.1,0.017435669898986816,-0.11629754304885864,-0.016297543048858637,0.016297543048858637,0.003441856475546956,critic,critic_energy,legacy,runs/experiments/long_constituents/models/encoder.pt,runs/experiments/long_constituents/models/critic.pt,self_contrastive,1
139,2966,2023-11-03,AFG,exact,0.01,-0.1,-0.02543044090270996,-0.12356799840927124,-0.023567998409271235,0.023567998409271235,0.0020491089671850204,critic,critic_energy,legacy,runs/experiments/long_constituents/models/encoder.pt,runs/experiments/long_constituents/models/critic.pt,self_contrastive,0
140,3345,2025-05-13,AFG,exact,0.01,-0.1,-0.01174473762512207,-0.11147761344909668,-0.011477613449096674,0.011477613449096674,0.0038720369338989258,critic,critic_energy,legacy,runs/experiments/long_constituents/models/encoder.pt,runs/experiments/long_constituents/models/critic.pt,self_contrastive,1
141,2109,2020-06-08,AFG,exact,0.01,-0.1,0.1485227346420288,-0.15419739484786987,-0.05419739484786987,0.05419739484786987,0.005600501783192158,critic,critic_energy,legacy,runs/experiments/long_constituents/models/encoder.pt,runs/experiments/long_constituents/models/critic.pt,self_contrastive,0
142,1312,2017-04-04,AFG,exact,0.01,-0.1,-0.003480970859527588,-0.13377749919891357,-0.03377749919891357,0.03377749919891357,0.0022647299338132143,critic,critic_energy,legacy,runs/experiments/long_constituents/models/encoder.pt,runs/experiments/long_constituents/models/critic.pt,self_contrastive,0
143,43,2011-08-30,AFG,exact,0.01,-0.1,0.0023845434188842773,-0.07665389776229858,0.02334610223770142,0.02334610223770142,0.008125287480652332,critic,critic_energy,legacy,runs/experiments/long_constituents/models/encoder.pt,runs/experiments/long_constituents/models/critic.pt,self_contrastive,0
144,2715,2022-11-03,AFG,exact,0.01,-0.1,0.09360992908477783,-0.1462862491607666,-0.046286249160766596,0.046286249160766596,0.003081594593822956,critic,critic_energy,legacy,runs/experiments/long_constituents/models/encoder.pt,runs/experiments/long_constituents/models/critic.pt,self_contrastive,0
145,240,2012-06-12,AFG,exact,0.01,-0.1,-0.01597362756729126,-0.14297568798065186,-0.04297568798065185,0.04297568798065185,0.003138094674795866,critic,critic_energy,legacy,runs/experiments/long_constituents/models/encoder.pt,runs/experiments/long_constituents/models/critic.pt,self_contrastive,0
146,2800,2023-03-09,AFG,exact,0.01,-0.1,-0.053101181983947754,-0.1009109616279602,-0.0009109616279601995,0.0009109616279601995,0.002424536505714059,critic,critic_energy,legacy,runs/experiments/long_constituents/models/encoder.pt,runs/experiments/long_constituents/models/critic.pt,self_contrastive,1
147,2370,2021-06-22,AFG,exact,0.01,-0.1,0.050768494606018066,-0.12012219429016113,-0.020122194290161127,0.020122194290161127,0.0036867849994450808,critic,critic_energy,legacy,runs/experiments/long_constituents/models/encoder.pt,runs/experiments/long_constituents/models/critic.pt,self_contrastive,0
148,2235,2020-12-04,AFG,exact,0.01,-0.1,0.16810905933380127,-0.1694343090057373,-0.0694343090057373,0.0694343090057373,0.005204063840210438,critic,critic_energy,legacy,runs/experiments/long_constituents/models/encoder.pt,runs/experiments/long_constituents/models/critic.pt,self_contrastive,0
149,983,2015-12-10,AFG,exact,0.01,-0.1,0.01648426055908203,-0.13461023569107056,-0.03461023569107055,0.03461023569107055,0.0021030749194324017,critic,critic_energy,legacy,runs/experiments/long_constituents/models/encoder.pt,runs/experiments/long_constituents/models/critic.pt,self_contrastive,0
