date,goodness,fwd_vol_5,fwd_dd_5,fwd_ret_5,fwd_vol_21,fwd_dd_21,fwd_ret_21
2023-02-01,2.104234218597412,0.009805742340232753,-0.022248149340199475,-0.011068158697863595,0.009003879282163556,-0.04532104924364333,-0.016195320447609407
2023-02-02,2.103834390640259,0.007530788627859709,-0.027777777777778345,-0.03403604763437429,0.008896940553432433,-0.03913589245221938,-0.03926617315738612
2023-02-03,2.1049251556396484,0.008409081314090657,-0.023825012197105533,-0.02551020408163307,0.009106949241892683,-0.04067734590990413,-0.044561872367995026
2023-02-07,2.0922679901123047,0.00918663210331938,-0.012056124758260567,-0.00929012847617472,0.009867673325892782,-0.06029474714119698,-0.06283542039355983
2023-02-08,2.1031394004821777,0.008030844219729336,0.0,0.009319837057153224,0.011148640338759664,-0.0869157544996838,-0.07840595811216722
2023-02-09,2.1018333435058594,0.006394838904610403,-0.007195417762285605,0.014285714285714901,0.011444468238298814,-0.10354878819380708,-0.08415243648479764
2023-02-10,2.1019506454467773,0.006615034571044464,-0.008499969424570208,0.010595861381201832,0.012393991393797217,-0.1035487881938072,-0.06889387517659706
2023-02-14,2.102022886276245,0.010702236896350364,-0.0324914898387656,-0.02484867138606761,0.01308588127140016,-0.1064636458142233,-0.08812968092746476
2023-02-15,2.1022331714630127,0.010323941650746661,-0.025479407054572856,-0.02662100735848638,0.013418939504076475,-0.10839463479801625,-0.11481010787973989
2023-02-16,2.100839853286743,0.010295403299575123,-0.024320546030179746,-0.025602595162813935,0.014220783319016174,-0.10722151808051006,-0.09363404724664659
2023-02-17,2.096924066543579,0.010691259527976322,-0.0061566812556280714,-0.021853542206323517,0.015013481634252871,-0.10190406341713543,-0.0759299518012726
2023-02-22,2.0997252464294434,0.003942139105311519,-0.0061566812556281825,0.001346687989226103,0.01505672698880656,-0.10190406341713532,-0.08246339010673998
2023-02-23,2.103203535079956,0.004200396303931791,-0.0021858382900022955,0.0024082256612150132,0.0151700150134857,-0.10190406341713543,-0.07932536631169251
2023-02-24,2.1027684211730957,0.0040858304619116135,-0.0021858382900022955,0.018858383025348147,0.015443367773569585,-0.10190406341713543,-0.06434697388538424
2023-02-28,2.103877067565918,0.009288075770966669,-0.024051784754104855,-0.005982095839915602,0.015777933991578178,-0.1019040634171352,-0.05146206200612147
2023-03-01,2.100147008895874,0.009198774274266672,-0.024051784754104966,-0.007333781625619373,0.015786248433419133,-0.10190406341713532,-0.05095420950703067
2023-03-02,2.099553108215332,0.011926461367264758,-0.04659387020722128,-0.03691401353722723,0.01627136383924047,-0.10190406341713532,-0.039768929422381305
2023-03-03,2.1040353775024414,0.010478392047311873,-0.06208123953098865,-0.07360301112627687,0.01605141846082402,-0.0907342772711931,-0.05020807704213903
2023-03-07,2.104942798614502,0.01778578053921759,-0.06901077499523733,-0.05032739293509325,0.016099647720422605,-0.08070596503889127,-0.04974819840686362
2023-03-08,2.1035938262939453,0.01723271831620642,-0.04913125528730389,-0.07203793475729814,0.016083350383082465,-0.05801325529754631,-0.05200853868776201
2023-03-09,2.1036128997802734,0.019627058981824635,-0.021867190289182603,-0.03602958721068927,0.015596125691770327,-0.031003862068729626,-0.01671025764827405
2023-03-10,2.0972249507904053,0.01848893138409414,-0.031003862068729626,-0.030549594429560623,0.014407650298040782,-0.031003862068729626,0.021314099629702765
2023-03-14,2.101496934890747,0.018980197181501766,-0.022805334889113182,0.002959105776563886,0.013358530847123866,-0.02989203176586075,0.02224505984945191
2023-03-15,2.101393699645996,0.019887662155346077,-0.025430534487373424,-0.000694680779934953,0.012423812748970349,-0.029892031765860416,0.03933425871455176
2023-03-16,2.1003150939941406,0.01865219572462428,-0.029892031765860638,-0.018789157322968375,0.012212457281674253,-0.029892031765860638,0.032992457925923535
2023-03-17,2.1010348796844482,0.016226523872620725,-0.029892031765860638,0.012398984068344943,0.010940295029196188,-0.029892031765860638,0.05548372200415641
2023-03-21,2.104065179824829,0.012907827073154136,-0.004577916132576854,-0.010328366199695793,0.009896521642899394,-0.02571933422045769,0.018091371464264094
2023-03-22,2.098815441131592,0.006135651864462543,0.0,0.027993957150705295,0.007928493206991067,-0.025719334220457912,0.04410822193737429
2023-03-23,2.1038222312927246,0.004039012939706478,0.0,0.03573399558498935,0.007803747320138227,-0.0257193342204578,0.0489790286975722
2023-03-24,2.103600263595581,0.005901585568762495,0.0,0.04547631536935204,0.008935424512195311,-0.025719334220457912,0.020411886788149536
2023-03-28,2.100696563720703,0.01177444516996062,-0.017189851879322315,0.01550772004958767,0.009535984196801487,-0.03267817019698549,0.01532739772343028
2023-03-29,2.091855049133301,0.01132659603769479,-0.024388647717109135,-0.0041860568680283095,0.009395746824605304,-0.0326781701969856,0.012558170604083596
2023-03-30,2.1000266075134277,0.011171405650844625,-0.0257193342204578,-0.00843657031215339,0.009384688423564514,-0.03267817019698538,0.008925003330224834
2023-03-31,2.088559865951538,0.009368223110263942,-0.024911032028470004,-0.013786784756004145,0.009064940581753455,-0.031875641333537486,-0.022818001352501116
2023-04-04,2.099536657333374,0.007900920263635076,-0.0057202971924513735,0.006947373093912246,0.009170540552739987,-0.03926364291485607,-0.02348345282223141
2023-04-05,2.0997273921966553,0.006734800069241741,-0.0057202971924513735,0.02162198421393935,0.010232683704038488,-0.03926364291485618,0.0050756881246789565
2023-04-06,2.099431037902832,0.0075853520983830795,-0.005720297192451151,0.01737494962160291,0.010252939718439127,-0.03926364291485618,0.003291388652546301
2023-04-11,2.0951390266418457,0.005882023534634048,-0.005515430072225547,0.0018848488833371757,0.00968915532464349,-0.03926364291485618,-0.01950599425778543
2023-04-12,2.0998690128326416,0.005025823086707012,-0.005515430072225658,0.009412335229025848,0.00971105288547166,-0.03926364291485618,-0.020345633293656018
2023-04-13,2.101619005203247,0.0045672910671095655,-0.003362959404275445,-0.001116217990807633,0.009544825557902526,-0.03926364291485607,-0.027380170715692875
2023-04-14,2.102827787399292,0.0037739954731824846,-0.0038870569737730065,0.00389541793212711,0.00969265073798023,-0.03926364291485629,-0.01417315902988725
2023-04-18,2.0910894870758057,0.007725987312477346,-0.02295110606424544,-0.02124122240938031,0.010770489545776729,-0.03926364291485618,-0.017150482357316643
2023-04-19,2.101527452468872,0.007221745526442546,-0.02839676592388163,-0.031664228157142205,0.010922072630586846,-0.036021823440479106,-0.011006048959447678
2023-04-20,2.101410150527954,0.011566096321068663,-0.02794949362093957,-0.013015184381778955,0.011059399939066798,-0.0355780612915958,-0.016630513376717948
2023-04-21,2.0760133266448975,0.012580108966240877,-0.02794949362093968,-0.003069165844568622,0.01113919963203702,-0.03557806129159591,-0.010742080455990344
2023-04-25,2.0860390663146973,0.011174184525302586,-0.014953271028037896,0.0011845693084793218,0.010746568802497277,-0.03254535459043473,-0.011197532519780284
2023-04-26,2.0975136756896973,0.010246207184003394,-0.015217152281474133,0.009922648445075843,0.010580400326836352,-0.03254535459043484,-0.0026385224274403374
2023-04-27,2.0887842178344727,0.010016021379006156,-0.03254535459043484,-0.02331002331002363,0.010246182537829053,-0.03254535459043484,-0.00814740814740833
2023-04-28,2.094864845275879,0.01383327537869788,-0.031885397412199645,-0.01154480483782283,0.010005145994428184,-0.031885397412199645,-0.018845519516217935
2023-05-02,2.100329875946045,0.012616698013151656,-0.017595962753723327,-0.0030807009710900335,0.010160742318073809,-0.02813045110291712,-0.008884920191985612
2023-05-03,2.1026973724365234,0.012654879096288279,-0.00651835372636278,-0.0010271754906989727,0.012260707032574402,-0.028130451102917342,0.023401737266373734
2023-05-04,2.1032326221466064,0.01008692006049622,-0.01127919911012254,0.010182975338107081,0.011832124700286675,-0.028130451102917342,0.030571655869985337
2023-05-05,2.10006046295166,0.0028968068712329335,-0.008257269744917584,-0.011368186874305186,0.011765034590394243,-0.02813045110291723,0.02969966629588372
2023-05-10,2.1004085540771484,0.01122855888918819,-0.014555520828682278,0.004291749558530622,0.01221268408041417,-0.02813045110291723,0.03907280327245899
2023-05-11,2.1035890579223633,0.010799760080446167,-0.014555520828682167,0.01903561865760639,0.012087038915763895,-0.028130451102917342,0.05175168192966195
2023-05-12,2.098848581314087,0.01197562865592086,-0.014555520828682056,0.009923715655167253,0.012197156357941571,-0.02813045110291712,0.06309772947186021
2023-05-16,2.098276138305664,0.01063695779726681,-0.013800260548919141,0.011825472339268561,0.011772453815732779,-0.02813045110291712,0.07432830410946423
2023-05-17,2.0971577167510986,0.008049840315097902,-0.023140276888427902,-0.015313049478065333,0.011439156663845996,-0.02813045110291712,0.0506495470081072
2023-05-18,2.1017870903015137,0.006248584782119859,-0.019922437673130622,-0.023471483141601968,0.01154811586865024,-0.024598337950138993,0.03458940247351516
2023-05-19,2.1002936363220215,0.008063189217052355,-0.019922437673130622,-0.00450089126559694,0.011319937441625351,-0.024598337950139104,0.04281075265074663
2023-05-23,2.1006765365600586,0.008223925190040662,-0.014839518331169699,-0.014530718251836272,0.011473274552897534,-0.029799448343815427,0.030132114481265182
2023-05-24,2.099757194519043,0.00851656834197104,-0.014839518331169699,0.003526140910015574,0.011295301245395642,-0.029799448343815427,0.048825055136040296
2023-05-25,2.10146427154541,0.014975964613020469,-0.014839518331169699,0.036290869624203026,0.011627155368118975,-0.029799448343815427,0.06571706698888669
2023-05-26,2.1012191772460938,0.016400637411423356,-0.013514724998879624,0.014817135950579763,0.011529017604113508,-0.029799448343815316,0.05515992250212842
2023-05-31,2.098296642303467,0.014133723231844194,-0.01071327267569988,0.06734067931387022,0.011061196624823872,-0.029799448343815205,0.09154408672541958
2023-06-01,2.099857807159424,0.01579485349485015,-0.010713272675699992,0.05358470166903184,0.011019991283134311,-0.029799448343815427,0.08490896985367935
2023-06-02,2.1010234355926514,0.012494674150497691,-0.010515336639774664,0.014269817372521088,0.009402676932278968,-0.029799448343815316,0.04161673504359764
2023-06-06,2.0933899879455566,0.008235262467146056,-0.010515336639774664,0.020697850275467555,0.008671065596873279,-0.029799448343815205,0.029969218940178788
2023-06-07,2.100918769836426,0.0068862878918256485,-0.006221139045664126,-0.0003618638114903927,0.008518887149247341,-0.029799448343815205,0.027694614196953404
2023-06-08,2.1023049354553223,0.0074305029032039225,-0.005947971127998275,0.013831879596374108,0.008651378537356834,-0.029799448343815316,0.043371377522767096
2023-06-09,2.0988924503326416,0.007056331205389652,-0.005947971127998497,0.015480983059637188,0.008520229113599452,-0.029799448343815316,0.05780168284669007
2023-06-13,2.09969162940979,0.006182473256447027,-0.013108690319771132,-0.009348547319910194,0.008708753771113754,-0.029799448343815427,0.03603047510951063
2023-06-14,2.099827289581299,0.00609562226537744,-0.018291498578187793,-0.0086546087703544,0.008595340421828038,-0.029799448343815316,0.0492149941956006
2023-06-15,2.101606607437134,0.003506247851757276,-0.025311344412802028,-0.029799448343815316,0.00859773473864336,-0.025311344412802028,0.049275397656028286
2023-06-16,2.0999197959899902,0.006869535226942506,-0.01804907292424973,-0.017022994856972673,0.008459263169795,-0.02003624018494965,0.0576571598588862
2023-06-21,2.0982236862182617,0.009721334143425573,-0.011722369470123284,0.007288004801509151,0.008388580695843206,-0.02003624018494976,0.058561262110948586
2023-06-22,2.1010680198669434,0.009799340931596923,0.0,0.02491003512401102,0.00820399957821385,-0.02003624018494987,0.0657443920098264
2023-06-23,2.1037721633911133,0.005195453694549926,0.0,0.04421865120031443,0.0075170805153146536,-0.02003624018494976,0.08026077666092535
2023-06-27,2.0989415645599365,0.007025501751226902,-0.008893424697478225,0.012855987399429614,0.007668872230201874,-0.02003624018494965,0.04699672214890871
2023-06-28,2.100912570953369,0.009021086177621953,-0.02003624018494976,0.0012555328566563606,0.007754914957252109,-0.02003624018494976,0.05526472591079301
2023-06-29,2.0923984050750732,0.008480051480317557,-0.02003624018494965,-0.000904064083425582,0.007481449091096651,-0.02003624018494965,0.04772617370645271
2023-06-30,2.104281425476074,0.009677543615244418,-0.02003624018494976,0.004906976258586715,0.007477232352910985,-0.02003624018494976,0.03768975381595663
2023-07-06,2.106133460998535,0.002632300561049256,0.0,0.04709783001423906,0.0072125487092185225,-0.01733790861477358,0.04118934772905969
2023-07-07,2.1014389991760254,0.00795015705071892,-0.0097022347616047,0.026704545454544926,0.0070919803320610925,-0.01733790861477369,0.038383838383837965
2023-07-11,2.102055788040161,0.006979821113400756,-0.009702234761604589,0.019568747559045807,0.006699497901020222,-0.02299680934320647,0.0007811054697939301
2023-07-12,2.090062141418457,0.006742788813392122,-0.0097022347616047,0.015342242170763853,0.006491976220613435,-0.02428109887022678,-0.00799755176986694
2023-07-13,2.095059633255005,0.007416096106527066,-0.005606124540358692,0.004485761260072829,0.006374632205804638,-0.024501836132682975,-0.013294903282115245
2023-07-14,2.086416482925415,0.005638847243254447,-0.0076958627202771135,0.012195371907601782,0.006053293662763966,-0.024501836132683086,-0.0019471602205411997
2023-07-18,2.1018991470336914,0.0032308031469769323,-0.0076958627202772245,-0.0011491703796291386,0.006239572606180678,-0.04495013344570886,-0.040483054777121774
2023-07-19,2.091765880584717,0.003703445177178999,-0.0021015195602974712,0.0007434645447783605,0.006545909284042598,-0.05735155419099747,-0.05610143267627132
2023-07-20,2.1020305156707764,0.006060842904459617,-0.012328327042004372,-0.006021661817005697,0.00664044261232633,-0.05735155419099747,-0.04750646621403143
2023-07-21,2.103038787841797,0.007048012311754789,-0.012328327042004483,0.004151142070306646,0.006674185022925833,-0.05735155419099758,-0.04471083751822458
2023-07-25,2.094430923461914,0.007434224217603492,-0.012328327042004372,0.003067979977393387,0.007205999874679047,-0.05767262657275296,-0.04151865008881017
2023-07-26,2.081157684326172,0.008339791483970703,-0.014267653964240679,-0.01369367922255249,0.007250743246437623,-0.05767262657275296,-0.05684282386956829
2023-07-27,2.090841770172119,0.006893150807111044,-0.01733790861477358,-0.004492783085993546,0.00705930085840897,-0.05767262657275285,-0.04110591583655232
2023-07-28,2.095167636871338,0.005420274226647105,-0.01733790861477358,-0.012099457540986847,0.007103919814241194,-0.05767262657275285,-0.040492851237169836
2023-08-01,2.0932703018188477,0.006639005064359602,-0.008450875486381237,-0.015474082421120361,0.007760550618528281,-0.04833414396887159,-0.027627978106889994
2023-08-02,2.093740463256836,0.005336931804340455,-0.013314688715953205,-0.008855502626114453,0.007419168227182684,-0.04833414396887148,-0.015573470135580414
2023-08-03,2.082332134246826,0.005294922329978546,-0.014611705577172618,-0.007065694623128782,0.007737345158378916,-0.04833414396887148,-0.002593477506176667
2023-08-04,2.0723049640655518,0.005257090755678757,-0.0148346303501945,-0.0076956051358468835,0.009195675865347915,-0.04833414396887159,-0.026148727265304372
2023-08-08,2.071826457977295,0.005387180365235154,-0.0134513492422067,-0.018149488012753623,0.009008312286442,-0.03563067318355473,-0.03636029186338863
2023-08-09,2.063103675842285,0.005860539500413972,-0.02261058857354159,-0.022470063877421342,0.008982199399093916,-0.03563067318355484,-0.03241111590362944
2023-08-10,2.024801254272461,0.006423955526630391,-0.035302090606645464,-0.03389342492236125,0.00899851946425823,-0.03563067318355473,-0.030191473171132466
2023-08-11,2.025451183319092,0.007294502721710905,-0.035302090606645575,-0.030342302312186376,0.009002429825636473,-0.03563067318355473,-0.029704599687320088
2023-08-15,2.013742208480835,0.0061354188269668415,-0.013321286743848693,-0.022481733591456998,0.00915863514965336,-0.04008844846648396,-0.011157601115759919
2023-08-16,2.0228614807128906,0.008107326354655739,-0.00459979650669784,-0.002227218288403332,0.009214355899427401,-0.04008844846648396,-0.012294867144209132
2023-08-17,2.0622386932373047,0.0074464632241858335,-0.010824014993576991,-4.2575838211877937e-05,0.008789013633155852,-0.04008844846648385,-0.000966593587708231
2023-08-18,2.0761172771453857,0.007516288086299929,-0.010824014993576991,0.0006576574665337898,0.008762629698745146,-0.04108583582518077,-0.006400797534282132
2023-08-22,2.0613131523132324,0.00873268777086744,-0.010824014993576991,0.02730041099682734,0.009573103962137676,-0.06376355394456346,-0.026221586953733
2023-08-23,2.091245174407959,0.00828669760120157,0.0,0.01760481816075954,0.009160841201330667,-0.06487279015692426,-0.03818975333974517
2023-08-24,2.092411518096924,0.004851227182674994,0.0,0.029463734485768223,0.009091963240793418,-0.06487279015692426,-0.0213430027354945
2023-08-25,2.0996978282928467,0.005009830427542078,0.0,0.03549016282225281,0.009552823552045004,-0.07380830408983341,-0.04093760999736318
2023-08-29,2.0979599952697754,0.011172287862739905,-0.02632979812456504,-0.014199539810534456,0.009194456089723467,-0.07380830408983352,-0.04646358165724107
2023-08-30,2.0956196784973145,0.01109209757199365,-0.03468326440358782,-0.02431554332305541,0.009157810658515526,-0.07380830408983341,-0.051922627135541743
2023-08-31,2.0984601974487305,0.010952815832859055,-0.035481757503788236,-0.025808052608722987,0.009403607977530311,-0.07438346360735337,-0.06509992616395455
2023-09-01,2.093921661376953,0.008840824559599754,-0.012555546239624626,-0.03453994512919212,0.00930230212534415,-0.06752329442928295,-0.08917327977216827
2023-09-06,2.0921874046325684,0.0037926353729859225,-0.006021031207598115,-0.014130709058793989,0.00846260462146136,-0.06349917543380912,-0.061652609044001716
2023-09-07,2.102940559387207,0.006308276719800336,-0.006021031207598226,0.007529481632307267,0.008707834339531938,-0.06349917543380912,-0.04542505343322123
2023-09-08,2.0990450382232666,0.007980106499547798,-0.010423544028679732,-0.0021471398669967723,0.008939844005713245,-0.06349917543380923,-0.037606759368457476
2023-09-12,2.1007063388824463,0.007938597066914091,-0.014056257360029245,-0.007053816006051927,0.009264245364321454,-0.06349917543380923,-0.02713310133423641
2023-09-13,2.1006617546081543,0.007896999407802105,-0.019632049915125016,-0.006688449516214168,0.009997423573491038,-0.06349917543380912,-0.040049919359899655
2023-09-14,2.099533796310425,0.006198795892003484,-0.027233533956546152,-0.03737320804497313,0.00943306146348914,-0.053634695010031375,-0.057838901173333346
2023-09-15,2.0974109172821045,0.006450559444734247,-0.026765862835641863,-0.02838605028386043,0.010109433780908849,-0.05205661022746699,-0.03216374269005817
2023-09-19,2.1022040843963623,0.009237120116664443,-0.028631134473695585,-0.03412450194936023,0.011461461870350334,-0.04474557283812308,-0.03907287605501086
2023-09-20,2.0894644260406494,0.010666858914080132,-0.015953731994762688,-0.022620535137231057,0.011783909385456237,-0.036987794245859185,-0.04814942479210649
2023-09-21,2.090994358062744,0.009426573402545001,-0.0159537319947628,0.005945851068498431,0.011398801095405342,-0.04716652136007016,-0.040853043134845834
2023-09-22,2.076047897338867,0.009637284009076518,-0.015953731994762577,0.0030753009401631726,0.011505058472286498,-0.056081081081080786,-0.0486995870310164
2023-09-26,2.080883264541626,0.010448074123443507,-0.032890575585073356,-0.01658941205171971,0.011439168800260496,-0.06540976460331316,-0.04901417197099034
2023-09-27,2.064458131790161,0.010212851533875167,-0.032890575585073245,-0.01792011990830522,0.011388917323503467,-0.06540976460331305,-0.05047610650678869
2023-09-28,2.091190814971924,0.0076725951060214355,-0.028972494744218702,-0.029902506052476907,0.011223280658832454,-0.07349607672188363,-0.07286963728761864
2023-09-29,2.096022129058838,0.009714026872434651,-0.015978340471805352,-0.01762876664330726,0.0114998557694463,-0.07349607672188352,-0.06144884372810089
2023-10-03,2.101072311401367,0.0039457528593176425,-0.0017282010997641262,0.028393586071582044,0.011194203412254678,-0.07349607672188341,-0.018966644865925364
2023-10-04,2.102673053741455,0.004079977013513615,0.0,0.026551453260015512,0.012106102871616006,-0.07349607672188363,-0.0026933004152174256
2023-10-05,2.0928964614868164,0.010766546079056388,-0.01921815558179163,0.008566032645352939,0.012783198902806332,-0.07349607672188352,0.018503529834974497
2023-10-06,2.1009888648986816,0.010453477556234188,-0.024684070138615177,-0.005573017677612091,0.012862063983155807,-0.07349607672188363,-0.00015604449497308437
2023-10-10,2.1011805534362793,0.012768807794232692,-0.02468407013861529,0.0061403508771928905,0.012612430829339456,-0.07349607672188352,-0.023574561403508776
2023-10-11,2.100515127182007,0.0157833567055312,-0.02227550130775957,-0.01924001924001917,0.012732030111777558,-0.07349607672188352,-0.036796536796536605
2023-10-12,2.0987682342529297,0.015021748356243808,-0.036987794245859296,-0.015069439800263651,0.012424797959083177,-0.07349607672188363,-0.005862814596847898
2023-10-13,2.0994246006011963,0.015324964100413178,-0.047166521360070046,-0.02001838194086436,0.012372404263325027,-0.07349607672188352,-0.001860611087448727
2023-10-17,2.101059913635254,0.009221495086878181,-0.03457577243746912,-0.050828247602441534,0.014290530533052686,-0.052387533996165914,0.012859633827375427
2023-10-18,2.0971291065216064,0.007674212591964545,-0.029513613833374586,-0.04411699139506897,0.013583562970830949,-0.03791050856664335,0.024900798073922203
2023-10-19,2.1003353595733643,0.008542661430109382,-0.01914630798792194,-0.025009619084262802,0.0131593796311102,-0.027632903284838584,0.04956657537967102
2023-10-20,2.0989556312561035,0.008951580249827906,-0.023881693763203815,-0.027632903284838584,0.01284207982017303,-0.027504911591355263,0.06555952054167791
2023-10-24,2.096567392349243,0.010772419532914579,-0.013231812061841652,-0.006797097455681245,0.012674603007361437,-0.027504911591355485,0.0705428492697715
2023-10-25,2.090949535369873,0.008260614519011568,-0.013231812061841652,0.01448261386692784,0.011962996641119071,-0.027504911591355374,0.09211968562699724
2023-10-26,2.1012539863586426,0.01114430326060509,0.0,0.03150099818933083,0.012028533184590545,-0.027504911591355263,0.08519429871396045
2023-10-27,2.099811315536499,0.006301795379994011,0.0,0.06570527900630485,0.011641712719622709,-0.027504911591355374,0.09271196010162819
2023-10-31,2.099418878555298,0.012124272562001732,-0.012427981722257786,0.03435679274946857,0.011556868842126629,-0.027504911591355485,0.0839498751502823
2023-11-01,2.1021947860717773,0.01299851860987284,-0.017129864682898455,0.023563218390804996,0.012324134556977956,-0.027504911591355485,0.10388505747126464
2023-11-02,2.1019108295440674,0.010944295949028198,-0.027504911591355374,-0.008551817261167716,0.011783686341187156,-0.027504911591355374,0.08907392820974458
2023-11-03,2.0986592769622803,0.008256549462215408,-0.017769553197182097,-0.015562570362684713,0.011799709610222057,-0.017769553197182097,0.054502108121234016
2023-11-07,2.099903106689453,0.017489328308884194,-0.010555867490174231,0.03413205775850514,0.011463475937628432,-0.01483685657016487,0.07161696991372013
2023-11-08,2.0890989303588867,0.01664827365161641,-0.0015696475020182676,0.043683323975294286,0.011321779457391136,-0.01483685657016498,0.08152723189219468
2023-11-09,2.098771095275879,0.016670679871539414,-0.01065203357004485,0.04358188627851556,0.010859058519856758,-0.01483685657016487,0.09874021109976172
2023-11-10,2.0816736221313477,0.016574071772870583,-0.010652033570044961,0.03984662301551656,0.010789184783718271,-0.014836856570164758,0.08368463539330806
2023-11-14,2.0879218578338623,0.00711347883162677,-0.01065203357004485,0.0018372419755749991,0.009891518629692902,-0.01483685657016487,0.09650924024640606
2023-11-15,2.0954067707061768,0.0072910132253876945,-0.004980464557125086,0.0032278889606198735,0.010330238156582362,-0.01483685657016487,0.0812410992197854
2023-11-16,2.0988669395446777,0.004592278871721815,-0.004980464557125197,0.01857531266992951,0.009838056284484645,-0.01483685657016498,0.09417062768633455
2023-11-17,2.1031441688537598,0.004217076721404112,-0.004980464557125197,0.008086602117611585,0.009977448347443766,-0.014836856570164758,0.09908713044288175
2023-11-21,2.1032943725585938,0.004587332981425344,-0.008114629823400499,0.005933117583603709,0.010941107757858235,-0.016030564417660487,0.09705549740276753
2023-11-22,2.103303909301758,0.004529945662879467,-0.008114629823400277,0.005641355641355483,0.010937385173745224,-0.016030564417660487,0.09479264523419806
2023-11-28,2.103755235671997,0.011736787555748838,-0.012873762734279315,0.028439794182867573,0.010695785499610089,-0.016030564417660487,0.10705630894865892
2023-11-29,2.1032168865203857,0.01213678993367027,-0.01483685657016498,0.02252010723860587,0.011132818709993945,-0.016030564417660598,0.09228563763028363
2023-11-30,2.099698305130005,0.012137985904831389,-0.01483685657016498,0.022588144956594336,0.011239220078223675,-0.016030564417660598,0.08276356691971953
2023-12-01,2.098112106323242,0.007500539853390063,-0.01483685657016498,0.0028322122493174007,0.011650143703068409,-0.03564182598517329,0.03329797933232914
2023-12-05,2.1000614166259766,0.003381670024085663,-0.0015907447577733214,0.01168097132091206,0.01115999098975568,-0.037553648068669454,0.04032295328270674
2023-12-06,2.1030123233795166,0.008958574064712125,-0.0015907447577733214,0.03918196119559525,0.011367940019513698,-0.037553648068669454,0.05605989463678429
2023-12-07,2.1012368202209473,0.010835782696617379,-0.0015907447577735434,0.058153602269408244,0.01152536081724449,-0.037553648068669565,0.042850654510564246
2023-12-08,2.100433349609375,0.013693198384625746,-0.009555019106180729,0.04340720342110771,0.011515099764119888,-0.037553648068669454,0.04138533880942008
2023-12-12,2.100811004638672,0.01324080997516819,-0.00955501910618084,0.05462604494346457,0.011518832571532323,-0.037553648068669454,0.03450054497201638
2023-12-13,2.100576877593994,0.014541249086584683,-0.016030564417660376,0.012270597537115346,0.010390384547157894,-0.037553648068669454,0.002545797945052053
2023-12-14,2.101785898208618,0.011967909065598945,-0.016030564417660598,0.002336335592711958,0.009047728821900575,-0.041455325790089925,-0.027817449034763686
2023-12-15,2.0990962982177734,0.01086202924916997,-0.016030564417660598,0.01580167006272748,0.009055013415096583,-0.041455325790089925,-0.010647648727476478
2023-12-19,2.101149320602417,0.010042116464635136,0.0,0.009492299814880978,0.009222129546024504,-0.041455325790090036,-0.0034857615502772443
2023-12-20,2.101444721221924,0.005215914868705824,-0.000585251658213437,0.025338243535344862,0.008561959333653968,-0.041455325790090036,0.008526138819949791
2023-12-21,2.0977046489715576,0.005710752475236461,-0.010183378852906322,0.0015594464951940168,0.008117049643721327,-0.041455325790089925,-0.01140962119268063
2023-12-22,2.100478172302246,0.005552207356856884,-0.013382754584471246,-0.005408169285531783,0.008200390090627778,-0.041455325790090036,-0.008849731558142726
2023-12-28,2.1018967628479004,0.00903298490126893,-0.027651858567543264,-0.03355455787624417,0.008315914414065498,-0.03159367732271723,-0.008627757173530815
2023-12-29,2.1038830280303955,0.011757307092064925,-0.024498754300628867,-0.011391856202452422,0.008973734221433898,-0.028453355479100217,-0.01738342071031662
2024-01-03,2.1016814708709717,0.00666085527690213,-0.00697767145135586,0.01068112394554177,0.007993765618268677,-0.02097242950278866,0.0216050007080284
2024-01-04,2.1014351844787598,0.006761020525627395,-0.00697767145135586,0.009911827303131115,0.008406637518981786,-0.02097242950278888,0.011979325022802856
2024-01-09,2.1002702713012695,0.0038081330269118564,-0.01653289565861349,-0.013551495683597592,0.008088979947819297,-0.02097242950278888,0.022103995181690816
2024-01-10,2.1002283096313477,0.0054354164073037925,-0.013828676942838625,-0.008726806909389428,0.008194343380434925,-0.02097242950278877,0.026620764196073843
2024-01-11,2.101959228515625,0.007085266282372056,-0.01353169105984875,0.003913776493256194,0.008319998316951044,-0.02097242950278888,0.03917790622992978
2024-01-12,2.1021385192871094,0.008222161560027223,-0.007052784738501239,0.015900740829970506,0.010091374466472177,-0.024663936959208876,0.013852918147323035
2024-01-17,2.093632936477661,0.007448588812462871,-0.01027647674947163,0.019253078253790523,0.010719905187511208,-0.024663936959208876,0.06140225908212127
2024-01-18,2.1003646850585938,0.007300610807392809,-0.01027647674947152,0.017647652700657046,0.010971801589260278,-0.024663936959208876,0.042968197879858616
2024-01-19,2.1026101112365723,0.006565757149358946,-0.01027647674947163,0.008576740838481811,0.010998033770381681,-0.024663936959208876,0.02501049601151628
2024-01-23,2.097761631011963,0.005688786874205111,-0.0026706464535384278,0.007898392538202348,0.011108825080840235,-0.024663936959208987,0.03544354038499731
2024-01-24,2.1032514572143555,0.009750250980514154,-0.02097242950278877,-0.00449272179069915,0.01098217517576184,-0.024663936959208987,0.04151274934605942
2024-01-25,2.099564552307129,0.011189591119215981,-0.02097242950278877,0.002896882874659834,0.01094681128871963,-0.024663936959208987,0.03460386118772174
2024-01-26,2.101773738861084,0.01120090964255889,-0.02097242950278877,0.001050586742784354,0.010958798598127638,-0.024663936959208987,0.03790041230574026
2024-01-30,2.0985524654388428,0.011448645069984982,-0.01224651300821089,-0.012286366858313524,0.010870441360162162,-0.024663936959208876,0.03961565724186844
2024-01-31,2.101520299911499,0.008337249952053049,-0.01224651300821089,0.01197448652118105,0.009905699250784612,-0.024663936959208876,0.0662909178433897
2024-02-01,2.102741003036499,0.007193868583090152,-0.011385913150234739,0.007241072311801489,0.009668029879179772,-0.024663936959208987,0.059471757839549166
2024-02-02,2.1014769077301025,0.00742323858223801,0.0,0.01564325458901883,0.009710209899601533,-0.024663936959208987,0.0574642086295325
2024-02-06,2.0940439701080322,0.01321617969163463,-0.0246639369592091,0.00667809584562673,0.009276172154124787,-0.0246639369592091,0.08107407702735059
2024-02-07,2.100508213043213,0.01414436722558592,-0.024663936959208765,0.015004063187521455,0.009460807720891876,-0.024663936959208765,0.06911382871187133
2024-02-08,2.1036875247955322,0.015357447254405368,-0.024663936959208987,0.024375871619100264,0.009492516516627579,-0.024663936959208987,0.05499793757734017
2024-02-09,2.1028189659118652,0.016263468778940096,-0.024663936959208876,0.007057768419409971,0.00944680621285636,-0.024663936959208876,0.05242635160164455
2024-02-13,2.104466199874878,0.011130619320776986,-0.01691210308329516,0.017822135091784208,0.007764735029551927,-0.01691210308329516,0.06087249252460403
2024-02-14,2.1011154651641846,0.011328362739469288,-0.01691210308329516,0.01886350322202701,0.00738798557172232,-0.01691210308329516,0.044938260667252816
2024-02-15,2.103992462158203,0.008710290769089168,-0.00741486457708096,0.00015339776039202668,0.006494798957855655,-0.015635972308751578,0.023604954473923634
2024-02-16,2.104375123977661,0.007337491199251552,-0.0006324747010120202,0.009486380268329375,0.00615986434947393,-0.01563597230875169,0.04119409266552698
2024-02-21,2.104424476623535,0.005828036022489791,-0.0006324747010117981,0.0192999863810579,0.006491209298381509,-0.01563597230875169,0.07240090265227406
2024-02-22,2.105438470840454,0.003162351323049843,-0.0003259202453985699,0.011959521619135494,0.006394839275002892,-0.01563597230875169,0.04765538421674975
2024-02-23,2.1030712127685547,0.003235277893719985,0.0,0.01919095092024592,0.006384305214708133,-0.01563597230875169,0.04832249736644911
2024-02-27,2.105072498321533,0.004255132885972592,-0.0027637205654422736,0.019919786096256997,0.007138558349330989,-0.015635972308751467,0.060850648934185125
2024-02-28,2.107736825942993,0.0039679469780301594,-0.0027637205654424957,0.02592048252562451,0.007122644380100342,-0.015635972308751578,0.0640285042807569
2024-02-29,2.10079288482666,0.004144978554478032,-0.0027637205654423846,0.02710227272727228,0.007353494967852598,-0.015635972308751578,0.04815823869118363
2024-03-01,2.0995092391967773,0.005815860903359989,-0.005365934613043688,0.014653599443200882,0.00794270290782035,-0.019931703810209145,0.02771607431861356
2024-03-05,2.0965218544006348,0.005836422842702177,-0.009588611679666958,0.010804636443644933,0.008212271298779628,-0.026437814521927505,0.01626739544922695
2024-03-06,2.103449821472168,0.005539525790727855,-0.009588611679666958,0.00820480381030353,0.008256861426413641,-0.026437814521927505,0.017516985003151797
2024-03-07,2.1040027141571045,0.0061385351800580835,-0.011385864550655489,-0.01213328170234762,0.008115152035108958,-0.026437814521927616,0.013553907270696497
2024-03-08,2.101443290710449,0.005964184308040995,-0.012524666381804828,-0.007947936062847827,0.008002673765910198,-0.026437814521927394,0.01998777455616474
2024-03-12,2.097240924835205,0.006413468551902865,-0.014891205282818287,-0.00369028402274052,0.009186653409613062,-0.0337886412652767,-0.001295977993174935
2024-03-13,2.042437791824341,0.008540448298861218,-0.0035457117256061377,0.0057790329307210175,0.009685019544556823,-0.047555715312725066,-0.020215917810098682
2024-03-14,2.061063289642334,0.006400708568404293,-0.0023965549522562135,0.028882720688112817,0.009666264409094657,-0.05805176132278955,-0.019853435523047636
2024-03-15,2.0906805992126465,0.008302234301683418,-0.008306674421986071,0.021512825313611428,0.00969960591274067,-0.06249101365923848,-0.02334768769893325
2024-03-19,2.074042797088623,0.008119037040185129,-0.009288207067035148,0.015387768028464865,0.009621492002603428,-0.07162113587347296,-0.037705620447475385
2024-03-20,2.0750327110290527,0.009124385754897208,-0.009288207067035148,0.019136029411764843,0.00909169462424055,-0.07162113587347307,-0.04727941176470596
2024-03-21,2.0900447368621826,0.008351582047098908,-0.001319237041244925,0.011342155009452348,0.00900712477967404,-0.07162113587347296,-0.04845863021666352
2024-03-22,2.092440128326416,0.008081969927085734,-0.007225017972682268,0.012445242764713038,0.00939513226520745,-0.07162113587347307,-0.02894114628200628
2024-03-26,2.093557834625244,0.010326697520784047,-0.019931703810208923,0.0044766535180258415,0.00940469094615489,-0.07162113587347296,-0.031538390973304686
2024-03-27,2.0922486782073975,0.007112795833896815,-0.026437814521927394,-0.022943309103371612,0.00851619131972258,-0.07162113587347307,-0.045147093306397656
2024-03-28,2.087984561920166,0.008172454340408399,-0.019352619573482,-0.018925233644860318,0.008586113572814455,-0.06486476700821908,-0.04335010783608961
2024-04-02,2.103238344192505,0.006399839359246825,-0.010593800800014708,0.007023527901560689,0.008912515076625405,-0.059347343118330786,-0.04052740642937003
2024-04-03,2.1051979064941406,0.010800794408543387,-0.021014677495720058,-0.01806425688140345,0.009393567207997786,-0.0593473431183309,-0.03183619792142267
2024-04-04,2.0986576080322266,0.010277870648107208,-0.02101467749572017,-0.006664328305857392,0.009471303175426563,-0.059347343118330786,-0.011593346748139832
2024-04-05,2.097217559814453,0.01034364269201947,-0.03496376151800995,-0.02918277245498002,0.009800598110978432,-0.059347343118330786,-0.005642369062230701
2024-04-09,2.0986876487731934,0.007759673560798584,-0.030571662206363537,-0.05009651455002395,0.009798538914435764,-0.04001263752601858,-0.012455840040791033
2024-04-10,2.098188877105713,0.005505604712810247,-0.03871171573000298,-0.037853422619048116,0.00890008751235351,-0.04001263752601869,0.019289434523808824
2024-04-11,2.1019508838653564,0.004835449748669495,-0.025267011359776936,-0.04001263752601858,0.00891622448021853,-0.025267011359776936,0.016744721974427668
2024-04-12,2.102463722229004,0.005103532071485571,-0.01440564777714226,-0.02200249084802064,0.008167773379065171,-0.0178853235139399,0.032739555421368305
2024-04-16,2.1041452884674072,0.007474508047872237,-0.0013533107781540377,0.01566244272760442,0.00768141403208549,-0.0178853235139399,0.06621551674558601
2024-04-17,2.101156234741211,0.00532166606196606,0.0,0.024262928951184426,0.007733082371884471,-0.0178853235139399,0.06546157564040644
2024-04-18,2.0991291999816895,0.005905004294863611,-0.0036617591543980366,0.02189526667312025,0.0076851078776759485,-0.017885323513939788,0.06802826444681132
2024-04-19,2.1033718585968018,0.005923613237453134,-0.0036617591543980366,0.02141699467469338,0.007713367428863032,-0.0178853235139399,0.06448251910164404
2024-04-23,2.1000418663024902,0.008264185410418384,-0.017885323513939788,-0.013288033220083206,0.007582346587989867,-0.017885323513939788,0.032144205360513434
2024-04-24,2.100632429122925,0.008326826576695093,-0.017885323513939788,-0.012438656096640188,0.008168427033532748,-0.029271625582105498,0.019044922612306614
2024-04-25,2.1063127517700195,0.010298406732828901,-0.01788532351394001,0.004167771757663141,0.008263450890329439,-0.02927162558210561,0.03173189860947989
2024-04-26,2.104341983795166,0.010960605551622671,-0.0178853235139399,0.011390683441006244,0.008416536483853968,-0.029271625582105498,0.022384676413918392
2024-04-30,2.1030664443969727,0.005154153103846578,0.0,0.04193128778024291,0.008081548016741966,-0.03966413147059311,0.031218914989670443
2024-05-01,2.096236228942871,0.0068097013796341345,-0.004369538077403035,0.03648630568987565,0.00844901016286832,-0.03966413147059322,0.043902066092009084
2024-05-03,2.0957112312316895,0.006874457679433536,-0.0043695380774028125,0.021815057619394285,0.008658808157390683,-0.039664131470593,-0.0021852412170112467
2024-05-07,2.085540771484375,0.005718281316876839,-0.001605927331788104,0.013053536021150336,0.008467689538244182,-0.03966413147059311,-0.01114415803774682
2024-05-08,2.0942978858947754,0.004752034526505106,-0.001605927331788326,0.025576249308500554,0.008554823906238507,-0.03966413147059311,-0.014069703116356691
2024-05-09,2.099761962890625,0.006469715487018615,-0.009097937680924373,0.005730240706608658,0.008213427240401664,-0.03966413147059322,-0.02253773016770988
2024-05-10,2.098811626434326,0.006329577155572179,-0.009097937680924484,0.00840812297793847,0.008242615247246626,-0.04113850081809545,-0.025224368933813635
2024-05-14,2.0856077671051025,0.005437807442199004,-0.009097937680924373,-0.0011417387049419414,0.008654882196280128,-0.041138500818095336,-0.026604324108809863
2024-05-15,2.099905252456665,0.004252983540792547,-0.00882726119267685,-0.016793426470323225,0.00872318184543358,-0.03869856806235317,-0.04642465433230858
2024-05-16,2.090970516204834,0.005344054695559292,-0.021406561537066993,-0.02035891201393536,0.008906991328119894,-0.03869856806235317,-0.02877828382718517
2024-05-17,2.093559503555298,0.007330857812380565,-0.021406561537066993,-0.012833294060070055,0.008933914820003344,-0.03869856806235317,-0.02724356069531808
2024-05-21,2.0706989765167236,0.007971848125337005,-0.023261342647623806,-0.030934755787792922,0.009005103606038749,-0.03013733701516086,-0.02504679864955417
2024-05-22,2.094000816345215,0.009980660769806901,-0.01927985163695134,-0.014172594773512848,0.008985174213417097,-0.028983119118240253,-0.011856759246003934
2024-05-23,2.1007471084594727,0.010198550502959935,-0.01927985163695134,0.011650521402507996,0.008794009795038247,-0.028983119118240253,-0.00852490225369995
2024-05-24,2.10088849067688,0.010357860211014359,-0.013155220516231747,-0.005563614329520461,0.008570020755774663,-0.028983119118240253,-0.02032468522449682
2024-05-29,2.0908427238464355,0.011091163231682221,-0.021860924969790863,0.011570650240587232,0.0080746843056029,-0.028983119118240253,0.005568506758094394
2024-05-30,2.080735445022583,0.010632946047346084,-0.021860924969790863,-0.0008718557542483074,0.008105601698393288,-0.028983119118240364,-0.013812687278929592
2024-05-31,2.0941860675811768,0.00845481829962297,-0.01355293770080157,-0.021073638727160504,0.007584788479001711,-0.020735625392370838,-0.022773220733643185
2024-06-04,2.0869741439819336,0.006510525016295453,-0.012956005108368251,-0.0017782270140763723,0.0070284901252953965,-0.018706287236798902,-0.006437654060991949
2024-06-05,2.090669631958008,0.00726780000155653,-0.009877276693711856,0.0003146458383460615,0.006616245794809117,-0.01870628723679879,-0.013661897402358458
2024-06-06,2.0879974365234375,0.007635837205835454,-0.006198423565111799,-0.0027849464361972,0.006710951161878343,-0.020268075580673672,-0.016902924432020794
2024-06-07,2.072148561477661,0.008791346512802539,-0.018706287236798902,-0.008079750126246066,0.007072470151494994,-0.020268075580673672,0.002337610581587546
2024-06-11,2.093066453933716,0.009602180982610562,-0.01870628723679879,0.0063192634401552095,0.008789818005534052,-0.020268075580673672,0.039375189319956316
2024-06-12,2.086171865463257,0.007466082525956414,-0.012585876263707552,-0.009621433593605788,0.008450997610082434,-0.02006204372782483,0.031176532889774622
2024-06-13,2.0867819786071777,0.007402256045268272,-0.0026087280587341333,0.00045652930742678954,0.009563113121630492,-0.02006204372782494,0.06319179724214297
2024-06-14,2.089740514755249,0.003864287888829425,-0.0026087280587341333,0.01884862513718888,0.009732096741550969,-0.02006204372782494,0.060997045031687236
2024-06-18,2.0935630798339844,0.005390084264584476,-0.012594505229134412,-0.005811923415408704,0.010218619830890386,-0.03209590100541371,0.029930592140102075
2024-06-21,2.100226879119873,0.005518997232917986,-0.0125945052291343,-0.0005043429532080035,0.010406981312607729,-0.032095901005413485,0.04285047165405809
2024-06-25,2.08736515045166,0.005496840303983379,-0.010148015250056153,-0.0028877346284386096,0.011185538278984981,-0.03752724460381063,0.03542162800727522
2024-06-26,2.09857439994812,0.005393490192304666,-0.010148015250056153,0.0025397422631923128,0.011587470232357532,-0.03752724460381063,0.05664565892202034
2024-06-27,2.100146532058716,0.005923272991588399,-0.011699185168573045,-0.008902299604550135,0.011626133727094918,-0.03752724460381063,0.050490095020335524
2024-07-02,2.0887484550476074,0.007240539827570777,-0.010076937511728112,0.004080865068170736,0.012555115806457845,-0.03752724460381052,0.04080865068171091
2024-07-03,2.0938308238983154,0.011795722430881244,-0.006385142771039298,0.026064927753800538,0.014141299812832282,-0.054682556422695816,0.009213736160630592
2024-07-09,2.0944724082946777,0.007638106013952993,0.0,0.0784599927966183,0.015324351971662016,-0.0792378541798493,-0.004151422667905025
2024-07-10,2.078673839569092,0.014347912354647954,-0.014624200239049534,0.04997003296373981,0.015817572705489717,-0.07923785417984941,0.005450254719808312
2024-07-11,2.0803961753845215,0.014310786972597592,-0.025557196090839063,0.013881014649133716,0.01491476144016308,-0.07923785417984941,-0.01953217871577806
2024-07-12,2.095987558364868,0.01419918015453056,-0.032095901005413485,-0.002824961066241083,0.01474869778901114,-0.07923785417984941,-0.034986056281916644
2024-07-16,2.0987329483032227,0.009610310019661766,-0.017731002497324067,-0.018684525065035484,0.013896289601079278,-0.07463477538907193,-0.0515713984391476
2024-07-17,2.1000850200653076,0.010781402199132884,-0.0192014902649158,-0.023242953977880565,0.014361334269009618,-0.07463477538907182,-0.018640742062076665
2024-07-18,2.09805965423584,0.01126451960231928,-0.01920149026491591,-0.003968397128323531,0.014178401339784676,-0.07463477538907193,-0.007034885818391512
2024-07-19,2.100816249847412,0.012679153872125084,-0.0192014902649158,0.01997602876548088,0.014240495983065534,-0.07463477538907204,0.008862092761413365
2024-07-23,2.1029882431030273,0.012202916887482767,-0.0020475020475015926,0.008221533611563858,0.014360863973501182,-0.07463477538907182,-0.0015225062243633403
2024-07-24,2.1021900177001953,0.00621475587667898,-0.0020475020475013705,0.03382215972387037,0.013772196513035483,-0.07463477538907204,0.012034990960059444
2024-07-25,2.1021370887756348,0.013061290832328484,-0.022328604992138623,0.002299974645948888,0.014391750450408764,-0.07463477538907193,0.025335941178601606
2024-07-26,2.104447364807129,0.014208836605846474,-0.049956720662792,-0.042463412028629355,0.013973669114728091,-0.07463477538907193,0.004557917601396344
2024-07-30,2.102625846862793,0.016686344579834582,-0.07463477538907204,-0.059977259806708316,0.014001129836441762,-0.07463477538907204,-0.00630685048322932
2024-07-31,2.1015572547912598,0.014560981938969783,-0.053500767910380165,-0.07198502004981511,0.013961947679324403,-0.053500767910380165,-0.008655867441572984
2024-08-01,2.102634906768799,0.019741323224781046,-0.025975716331046006,-0.030029812991236526,0.013127938023548485,-0.025975716331046006,0.0214111482518744
2024-08-02,2.1052322387695312,0.016202340593475844,-0.007143937103114784,-0.0031609676279729104,0.01287809303819134,-0.02742992387445542,0.02385600862758208
2024-08-06,2.102734088897705,0.011441173659986002,-0.0073207533111046,0.020827033565165243,0.011399124207332901,-0.0369500326756983,0.03048457816752359
2024-08-07,2.0982651710510254,0.010450764600279466,-0.0073207533111046,0.027106254996764223,0.011700964191196343,-0.04984368652524851,0.024003502493623596
2024-08-08,2.0997610092163086,0.009769965631950797,-0.005987577176325587,0.024812324199466662,0.010805164688508907,-0.04984368652524862,0.006575638470278422
2024-08-09,2.1019773483276367,0.009550169955895886,-0.0010367682452701033,0.026804200630468067,0.010812809931326692,-0.04984368652524884,0.005726436738729079
2024-08-13,2.1015641689300537,0.009562361540933772,-0.008478237390647014,0.019791165253452148,0.010513623004549489,-0.04984368652524862,0.010682415670010492
2024-08-14,2.103909492492676,0.009624397800762663,-0.008478237390647014,0.03309981837725662,0.01109384041080056,-0.04984368652524862,0.029374698839838675
2024-08-15,2.0995123386383057,0.008039242815615624,-0.008478237390647125,0.007288921203308263,0.010424423628475725,-0.04984368652524873,0.01652276651822282
2024-08-16,2.096158027648926,0.011270187135385365,-0.008478237390647125,0.028502397907281152,0.010466385091970147,-0.04984368652524851,0.021199680279028854
2024-08-20,2.1015124320983887,0.010752779311252961,-0.007012028189413377,0.02064157725614102,0.010656929575312129,-0.04984368652524873,0.03854183686436863
2024-08-21,2.0958094596862793,0.010423149609706198,-0.012081177031634138,0.0033904994259466026,0.01055676286347895,-0.04984368652524862,0.019227676362716606
2024-08-22,2.099458694458008,0.00989862460236696,-0.012081177031633916,0.012685866897646614,0.010479568712958782,-0.04984368652524862,0.030562922179173446
2024-08-23,2.090759038925171,0.004790753783824009,-0.0086668320867751,-0.0015366409382348012,0.009477798412783421,-0.04838139041216993,0.008436185564881793
2024-08-27,2.087125062942505,0.011634329034197453,-0.02885193702458888,-0.02349697616506652,0.009817063516499823,-0.048381390412170044,0.013826947905313691
2024-08-28,2.0996012687683105,0.011665284007369466,-0.035467893154076946,-0.025172974809146265,0.009732563489013402,-0.04838139041216982,0.02055310489770945
2024-08-29,2.101627826690674,0.011165094537196527,-0.04838139041216993,-0.04141199950105956,0.009718354451150017,-0.04838139041216993,0.01802839722334526
2024-08-30,2.1011972427368164,0.01039812445012555,-0.023045910213569054,-0.04411816734477281,0.009790253747579443,-0.023045910213569054,0.002341856397504838
2024-09-04,2.1016013622283936,0.006749420499044257,-0.01338835396607052,-0.014080402193118235,0.007804189132460339,-0.01338835396607052,0.030275470736558674
2024-09-05,2.103095769882202,0.00767002846369526,-0.002183729365608067,0.0012104539202193454,0.007749207685777173,-0.011851944939566095,0.04707240426696102
2024-09-06,2.103961944580078,0.006436571794990688,-0.002183729365608178,0.03249372618273094,0.00722197210055866,-0.011851944939566206,0.0540291462639968
2024-09-10,2.0979361534118652,0.004742625610649653,0.0,0.042601728550762274,0.007208213706308824,-0.011851944939566206,0.059083377434983264
2024-09-11,2.102306365966797,0.00550137808292925,0.0,0.039130916749805955,0.007392141916870667,-0.011851944939566095,0.04964007899516876
2024-09-12,2.100759506225586,0.006672201311212745,0.0,0.047901668773241646,0.007902758283424034,-0.011851944939566206,0.058188564630971884
2024-09-13,2.1046082973480225,0.007819500290016127,-0.006820480523663575,0.022916075674041192,0.007248272562646559,-0.011851944939566095,0.04629876857098836
2024-09-17,2.1016454696655273,0.007914447856937944,-0.006820480523663686,0.015647629958675635,0.0073726097082795665,-0.011851944939566206,0.04048131168891356
2024-09-18,2.103900671005249,0.009545141267045263,-0.011851944939566095,0.005049385495114356,0.007369275254733501,-0.011851944939566095,0.040943369581012634
2024-09-19,2.1043457984924316,0.006909444778988149,-0.010185266485204791,-0.0036473270070142005,0.006558557821523249,-0.010185266485204791,0.02377152437441965
2024-09-20,2.104018211364746,0.006202888538191225,-0.01018526648520468,0.004695332909693928,0.00690346639029418,-0.011541688785382864,0.018904893031137515
2024-09-24,2.098562717437744,0.0067380638529150935,-0.00819787241512493,-0.007570700860706436,0.00713898129455981,-0.023922461770296444,0.0012295801861936795
2024-09-25,2.0914177894592285,0.005248220592788791,-0.008197872415124818,0.0032289541382064524,0.006783604547301588,-0.023922461770296555,0.013217422159141456
2024-09-26,2.1006181240081787,0.003649105322645802,-0.009970859811115451,-0.00765400383579995,0.0066990632381867315,-0.027912392759901983,-0.001161297133707495
2024-10-01,2.0956177711486816,0.0053246149220679264,-0.006833312839250039,0.001008867413583081,0.006784252419666364,-0.027912392759902094,0.01447813235632478
2024-10-02,2.101264476776123,0.005953934803057813,-0.006833312839250039,0.006932286416608591,0.00740793202239212,-0.03145709539873609,0.00022989725361211022
2024-10-03,2.1014411449432373,0.006355464343211879,-0.006833312839250039,0.0044505124295191045,0.007395973023309812,-0.0314570953987362,0.00498244618603505
2024-10-04,2.103912591934204,0.008588087742758587,-0.005093169883559234,0.011839724559524312,0.007142018333813906,-0.03145709539873609,-0.0014404412668852506
2024-10-08,2.1000609397888184,0.007722774008647942,-0.005093169883559234,0.021907489921493273,0.011314194149857234,-0.03145709539873609,0.061655704080910034
2024-10-09,2.0964012145996094,0.00792193546175679,-0.0026230866136290887,0.024289151548147814,0.011318580132214314,-0.0314570953987362,0.05272308962222705
2024-10-10,2.104264736175537,0.006678985482477449,-0.0026230866136293107,0.0305212801638155,0.011200124353525676,-0.0314570953987362,0.0632491306113081
2024-10-11,2.101943016052246,0.004207453888520385,-0.0026230866136291997,0.013819204527699025,0.01086040039523313,-0.03145709539873609,0.054912241106925164
2024-10-15,2.1053895950317383,0.007046476953734278,-0.01792900320221935,-0.007699627995501168,0.01125220181174272,-0.0314570953987362,0.034483951898953036
2024-10-16,2.0959603786468506,0.004693676696706207,-0.023922461770296444,-0.022667261067863986,0.011330141066751506,-0.0314570953987362,0.016186001851788756
2024-10-17,2.095364570617676,0.004932371417732894,-0.023922461770296444,-0.021720511151460786,0.011606958550914367,-0.035399249555657875,0.004025489054096054
2024-10-18,2.0879287719726562,0.004335625540082613,-0.016561855759402277,-0.027912392759901983,0.011617432466464074,-0.03539924955565765,0.006216072743462364
2024-10-22,2.0971834659576416,0.005998179525674688,-0.006005953423218413,0.0008544027898864659,0.011226410095752868,-0.035399249555657764,0.030793374019180142
2024-10-23,2.090667247772217,0.00526222704321536,-0.006005953423218524,0.005561403508771434,0.011498343950618117,-0.03539924955565765,0.05378947368421039
2024-10-24,2.100923538208008,0.007732056864010857,-0.014616979389884599,-0.009630537559096486,0.011881656084421151,-0.035399249555657764,0.06935738049378304
2024-10-29,2.1025149822235107,0.008882431889831805,-0.013207250902872891,0.004703914702346879,0.012116823659767151,-0.035399249555657764,0.07148208156936509
2024-10-30,2.0958735942840576,0.01784649194133086,0.0,0.0475600607149711,0.012079572928558081,-0.03539924955565765,0.07448052061343069
2024-10-31,2.0989794731140137,0.015337704148519673,-0.0016987825391804323,0.059777227722771276,0.011597985490363883,-0.035399249555657764,0.08530763790664753
2024-11-01,2.092547655105591,0.01503395130890297,-0.0016987825391803213,0.06268635649887955,0.011687111722333422,-0.03539924955565765,0.07974734910637049
2024-11-05,2.1005353927612305,0.017291462475490398,-0.010516095056283703,0.04258787216702187,0.01168579041436465,-0.035399249555657764,0.05554110527319711
2024-11-06,2.100947618484497,0.006977222986294403,-0.016062142057797657,-0.00424695634795047,0.008077961052898423,-0.03539924955565765,0.013940009659744401
2024-11-07,2.101173162460327,0.007686193124095738,-0.024652754920676756,-0.011261073388831866,0.008131872644228868,-0.03539924955565765,0.011344488747269121
2024-11-08,2.099754810333252,0.007373621654786624,-0.035399249555657764,-0.026879399654668346,0.008216644274473111,-0.035399249555657764,-0.00038185682029501233
2024-11-12,2.089224338531494,0.005226875182328812,-0.019652773131731638,-0.022237006237005752,0.007868748053103168,-0.029075017738501963,0.0018128898128904058
2024-11-13,2.07967472076416,0.006504666424201339,-0.011018121688657456,-0.01123971365491383,0.00783290421838703,-0.03300974005031243,0.0029604602930357604
2024-11-14,2.087414026260376,0.00869954525210486,0.0,0.01349846454965764,0.007579745757690877,-0.033622524672643817,0.011153106334154339
2024-11-15,2.092217206954956,0.006773859399955919,0.0,0.04193608926347303,0.007633687644201473,-0.04495904018577024,0.010424308600480714
2024-11-19,2.076479911804199,0.008450066885832646,-0.005192543378700898,0.04936381574470916,0.01141310327881266,-0.08369347868154531,-0.03344219908824975
2024-11-20,2.087851047515869,0.009865008202364009,-0.008224214668128838,0.0403613234995599,0.01146735891297335,-0.08369347868154553,-0.03185875597227483
2024-11-21,2.0887341499328613,0.0091925727019996,-0.008224214668128726,0.025305497286318035,0.010829003620020839,-0.08369347868154531,-0.044881606150594444
2024-11-22,2.0989160537719727,0.0074500571984716666,-0.01011094626846376,0.005141556548935444,0.010213062343110752,-0.08369347868154542,-0.05397614214560864
2024-11-26,2.102318286895752,0.0025817007037493723,-0.006283895690579078,-0.005203436537525974,0.009623767177980146,-0.07735524307472474,-0.06900027465686431
2024-11-27,2.1027708053588867,0.0038567409577345154,-0.011593543987269528,-0.010243569314818624,0.009652340845111624,-0.07735524307472474,-0.07260055137507926
2024-12-03,2.1009340286254883,0.004130838942259221,-0.018902051524385288,-0.016176734913968982,0.010225015523717882,-0.0740927830011896,-0.05680759731920393
2024-12-04,2.0924758911132812,0.005214112331090554,-0.01102168199737219,-0.012807769394971413,0.010197250558782638,-0.06665571616294386,-0.05793207643031284
2024-12-05,2.1021933555603027,0.004779562614143084,-0.01102168199737208,-0.010481009331055113,0.010164607242195476,-0.06665571616294375,-0.056489468780095864
2024-12-06,2.1005005836486816,0.004702646653476939,-0.010821332541528839,-0.015029566360052704,0.010212074004501448,-0.06266805232510231,-0.054140530350291316
2024-12-10,2.1046690940856934,0.005949626198607597,-0.0224320353894657,-0.01635968044644487,0.010732069887678358,-0.06295595632593765,-0.04948385203498018
2024-12-11,2.0967495441436768,0.01402104452034786,-0.0549025467344032,-0.060346962019048545,0.010980476087526458,-0.057526657736399645,-0.044599760353609685
2024-12-12,2.099945545196533,0.014475952581305459,-0.05241390811306623,-0.056645748248497996,0.011407207478452574,-0.05329876931700639,-0.026483574399169707
2024-12-13,2.0949928760528564,0.016276833899265354,-0.051813039197690536,-0.04556595043870604,0.011529565688757243,-0.05269846149639179,-0.014818789660702492
2024-12-17,2.0996363162994385,0.017620219703143557,-0.0018444674758899549,-0.024472797801136204,0.011851066772559801,-0.021249718804616347,0.018827099730578833
2024-12-18,2.0991010665893555,0.0033408364216065095,0.0,0.018874240398796482,0.007814019601654615,-0.021249718804616236,0.05531738796847807
2024-12-19,2.0940871238708496,0.006265653793298159,-0.009794251501150097,0.010759442758403903,0.007775014265490646,-0.021249718804616458,0.057214492903530534
2024-12-20,2.1012184619903564,0.006526572793708396,-0.01662946235442686,-0.0034196727636217616,0.007758885383281261,-0.021249718804616347,0.047805271557091134
2024-12-24,2.0963528156280518,0.005246391368868996,-0.01662946235442697,-0.012768618730781611,0.00812206039143338,-0.021249718804616458,0.02849052342650693
2024-12-27,2.1037893295288086,0.006244019957317747,-0.0022823835106572377,0.0066232109466466405,0.008087943595695904,-0.019129046209121814,0.04225573632979729
2024-12-31,2.1032183170318604,0.006169998986284032,-0.006579632651643408,0.007286070437866332,0.008705337448996622,-0.02844406001530353,0.025457354541942534
2025-01-03,2.0830721855163574,0.007832400766133627,-0.018072289156626065,-0.008537497174453401,0.008594003350312032,-0.02844406001530364,0.03117664446801438
2025-01-07,2.1052181720733643,0.009862496155604855,-0.014152998797343885,0.02098806423990296,0.008951898885433055,-0.02844406001530353,0.02296279468046003
2025-01-08,2.099912643432617,0.009900574263048998,0.0,0.025918114792672364,0.008945301868747662,-0.02844406001530364,0.02133407700486223
2025-01-14,2.101961612701416,0.007347094264686378,-0.004358095745034984,0.037923321021692935,0.008304877234283036,-0.036711134768289355,0.013230678527458961
2025-01-15,2.096416711807251,0.007225319402313269,-0.004407997604710889,0.024459126386416896,0.007830787634734921,-0.036711134768289466,-0.0004279063398597849
2025-01-16,2.0970511436462402,0.007491527457244487,-0.006137928740144405,0.015103635745837618,0.007905744901930412,-0.036711134768289355,0.0010873258579680023
2025-01-17,2.0957958698272705,0.009120124783914564,-0.016434345786620286,0.00032142917561861495,0.00793104415916385,-0.036711134768289466,-0.008610918441576132
2025-01-22,2.100656747817993,0.004102178751548862,-0.014786226254322687,-0.01483560545308693,0.008593336959065482,-0.05351444372044867,-0.05356188184977295
2025-01-23,2.1043167114257812,0.007142611701008842,-0.01307134847445146,-0.003542011260922573,0.008579584918140653,-0.05310549130529374,-0.05475080614171357
2025-01-24,2.097259283065796,0.008018676847529547,-0.009607484783957565,-0.011397680295904933,0.00859167436953399,-0.05174292852232498,-0.05345696162278857
2025-01-28,2.0984606742858887,0.008787433443929177,-0.02067369762411797,-0.00766853031096415,0.008731576065078293,-0.06161868513271096,-0.0546762832964548
2025-01-29,2.0986666679382324,0.009634115466650087,-0.02067369762411797,0.005698005698004938,0.00918968655861386,-0.06161868513271085,-0.040496540496540945
2025-01-30,2.0979743003845215,0.008178496785534903,-0.01117356267352898,-0.006119951040391869,0.009719942140114835,-0.06766828544448922,-0.07293640281014757
2025-01-31,2.104316234588623,0.008830141973650079,-0.01293336031296366,-0.008989639060066446,0.009974371051318393,-0.08208552542830172,-0.07841809439967518
2025-02-04,2.1036505699157715,0.007206847636790662,-0.016727370835019406,-0.007438424483821149,0.010573629302507314,-0.08547484149467066,-0.07683535038894229
2025-02-05,2.104853630065918,0.004838460675377389,-0.023027869626830455,-0.02348914069877228,0.010445938991155545,-0.08504285039476289,-0.07898286793470921
2025-02-06,2.1049163341522217,0.007333642707089472,-0.011707083980408317,-0.014238477630069246,0.011051188221603789,-0.09267870477224915,-0.09806667116539569
2025-02-07,2.1050045490264893,0.005511071483152202,-0.011707083980408317,-0.00235748330115948,0.010921162698911753,-0.09777000882492692,-0.09180518304661978
2025-02-11,2.0964889526367188,0.00683161058923435,-0.005464666349874747,0.004973247359034039,0.011146849341349763,-0.11248387753716649,-0.10316915900672219
2025-02-12,2.0790884494781494,0.007568083316362886,-0.0151890570904899,0.002037609435167509,0.012762779142994965,-0.11248387753716649,-0.07489078068069943
2025-02-13,2.0924549102783203,0.010895766596372012,-0.03859208471929976,-0.030496987951807664,0.013095473145636104,-0.1124838775371666,-0.06946536144578286
2025-02-14,2.0883121490478516,0.010822873979345645,-0.039847939718959724,-0.03121628795013598,0.013118688091152547,-0.11248387753716649,-0.07664514803335687
2025-02-19,2.0675010681152344,0.00959752584578635,-0.025401092557169047,-0.03272925838708507,0.013313848144736242,-0.09879542987127088,-0.07491211904030515
2025-02-20,2.0465495586395264,0.009858177105710242,-0.012666713711100397,-0.03555118992228001,0.013250335198063668,-0.07741161527062335,-0.07082547824178032
2025-02-25,2.083242654800415,0.012402016528034911,-0.039658457413027204,-0.037467951551587775,0.013709020396344822,-0.07741161527062324,-0.03219813887946765
2025-02-26,2.0769853591918945,0.014470940050416357,-0.037893248497702814,-0.027803260179239397,0.013732711229811798,-0.07571580063626704,-0.04140362924877028
2025-02-27,2.0831239223480225,0.014839999622634647,-0.041445740544361453,-0.030929492906406897,0.01398796318313136,-0.07571580063626715,-0.046712295563579476
2025-02-28,2.09193754196167,0.014006697637984594,-0.019098949196071247,-0.03464121597737735,0.013719739619796266,-0.05416794776726774,-0.05484266646088509
2025-03-04,2.0928120613098145,0.01291230831247071,-0.03529433113159608,-0.023385259754573506,0.01310339992973194,-0.0510270741090223,0.003338852112729107
2025-03-05,2.0862481594085693,0.010286010832327148,-0.027224459904796494,-0.03583871670174932,0.019439473306315153,-0.07724971419238913,-0.07503517701970441
2025-03-06,2.0982275009155273,0.010270871830022876,-0.042548517026729904,-0.03575182077993955,0.02167449637064139,-0.12218048523781,-0.10590994382556795
2025-03-07,2.094367027282715,0.01581555715608483,-0.021828180236799333,-0.01915049432442295,0.021520091147880498,-0.13152594044313748,-0.12166369710391134
2025-03-12,2.1032447814941406,0.015032074154471916,-0.008276166479686986,0.027553497826209528,0.03090030050471693,-0.15034387645852576,-0.07438620322530232
2025-03-13,2.102576494216919,0.01277956246999099,-0.008276166479686764,0.036637601346183546,0.030990293556722708,-0.15034387645852587,-0.04644151986622336
2025-03-14,2.1029067039489746,0.010136194443754498,-0.012417013332092885,0.006440966198299813,0.030616270648548417,-0.15034387645852587,-0.057419358731235826
2025-03-18,2.1017394065856934,0.01215194681058996,-0.012417013332092997,0.02143549300626013,0.030392931751117333,-0.15034387645852576,-0.075398807635636
2025-03-19,2.1023354530334473,0.011934802982479512,-0.00916399005570967,0.002509922810259413,0.030311486315279083,-0.15034387645852576,-0.07871611100741371
2025-03-20,2.1011455059051514,0.011960733861483993,-0.016350009980582336,0.002307177002558669,0.030584068606827844,-0.15034387645852587,-0.0934192048618524
2025-03-21,2.1005687713623047,0.014138934396541677,-0.03418803418803418,-0.010522597557121705,0.0312200510825701,-0.15034387645852587,-0.06558961869527269
2025-03-25,2.102473258972168,0.008315855651497896,-0.025255485147064216,-0.023823390237687647,0.03128526198565461,-0.14248562323724379,-0.053816474356641386
2025-03-26,2.099147319793701,0.011561412482518163,-0.018134523853448714,-0.0021244643053364154,0.03127794602740565,-0.1406599860514628,-0.052214204607889614
2025-03-27,2.1007742881774902,0.03022948156214718,-0.06673273868516716,-0.06191196546507827,0.03128604210215074,-0.1406599860514628,-0.041785042246245796
2025-03-28,2.1001548767089844,0.033816455192557715,-0.11217560474250288,-0.09110722807808647,0.031099775404756117,-0.1406599860514628,-0.019446479905304015
2025-04-01,2.1020047664642334,0.0296972481170903,-0.1406599860514628,-0.12705781456830179,0.031092555226351837,-0.1406599860514628,-0.02369632902660468
2025-04-02,2.099438428878784,0.05491811619758758,-0.07921337266469997,-0.06027236354292864,0.03132801760894781,-0.07921337266469997,-0.016297764563374173
2025-04-03,2.102240562438965,0.050298327037567314,-0.041795242373344754,-0.03516224188790551,0.027372649918331552,-0.04243974844732612,0.05203539823008918
2025-04-04,2.1021525859832764,0.04571582747249056,-0.04179524237334464,0.028383015669575018,0.024884109207503235,-0.0424397484473259,0.09784181585149043
2025-04-08,2.103609561920166,0.04277037805978281,-0.041795242373344754,0.07423860578360553,0.023939169948021963,-0.04243974844732601,0.1516808337960791
2025-04-09,2.1028618812561035,0.020652078616541458,-0.012684611719867123,-0.028612163587360073,0.015223942091347682,-0.02673892329680816,0.05189250419905456
2025-04-10,2.0765771865844727,0.009540157673573812,-0.012684611719867012,0.022746728629081447,0.013064840147875642,-0.026738923296808048,0.13641922465451906
2025-04-11,2.101895332336426,0.013102171202810813,-0.026738923296808048,-0.01443303113755623,0.01296032338372638,-0.026738923296808048,0.12426880012865094
2025-04-15,2.1054749488830566,0.017255410836217254,-0.02289848140619366,0.012028311264862257,0.012924950597306091,-0.02289848140619366,0.11105809376118403
2025-04-16,2.1015939712524414,0.016999894410113833,-0.02289848140619355,0.04527816313810629,0.012450753101981678,-0.02289848140619355,0.1358344894143193
2025-04-17,2.1014649868011475,0.017831162965361698,-0.004577891477042684,0.0313483996970787,0.01260847249004594,-0.009160789581700968,0.12152736258918284
2025-04-22,2.101181983947754,0.008725048048397261,-0.004577891477042684,0.03833986590000227,0.012393315955429722,-0.03315455012125346,0.08672728357971438
2025-04-23,2.09858775138855,0.008971268259096034,-0.004577891477042684,0.023122409288253376,0.01227934065091887,-0.03428743384136035,0.0717639431860595
2025-04-24,2.100054979324341,0.0040207670008102075,-0.0020694412508623916,0.007251533978342328,0.011647756255199057,-0.035880551572761266,0.047644694069899574
2025-04-25,2.098447561264038,0.008544317621704418,-0.0020694412508623916,0.035690131591660235,0.012258144855975033,-0.035880551572761044,0.07572800525593704
2025-04-29,2.103119373321533,0.010686353719560284,-0.009160789581700968,0.01760941212539291,0.012751124413952581,-0.035880551572761044,0.05574078332183641
2025-04-30,2.102487564086914,0.010346879005318856,-0.009160789581701079,0.022734254992319958,0.012793434995783655,-0.035880551572761266,0.05360983102918637
2025-05-01,2.1018121242523193,0.010826932650545362,-0.009160789581701079,0.02975212924416626,0.012794258893736678,-0.035880551572761266,0.04693885345453119
2025-05-02,2.1003332138061523,0.00654215323567453,-0.0072715717062964424,0.0048695846859954095,0.012129562309254568,-0.035880551572761266,0.03550505615881172
2025-05-06,2.103705644607544,0.012902812403539939,-0.0012054001928646363,0.05313800440619931,0.01199400112169395,-0.035880551572761266,0.0411056922816202
2025-05-07,2.1059768199920654,0.01380920672808115,-0.0031826065189792807,0.04669194953439515,0.012110999940897045,-0.03588055157276138,0.04828777410633789
2025-05-08,2.104532480239868,0.013921648316577804,-0.0031826065189792807,0.03634745196943845,0.011901485572102865,-0.035880551572761155,0.038220458422965065
2025-05-09,2.100719928741455,0.013297039881401188,-0.0031826065189792807,0.0489054754080096,0.011885590827813604,-0.035880551572761044,0.04277836573274674
2025-05-13,2.1008477210998535,0.00553866947420314,-0.006584886623120956,0.0034329238856407596,0.009440523457303913,-0.03588055157276138,-0.00017879811904408793
2025-05-14,2.097668170928955,0.012621496190214661,-0.03315455012125346,-0.020286631629926277,0.009988812839684051,-0.035880551572761044,-0.01244820720704587
2025-05-15,2.103398323059082,0.012333160290295936,-0.03428743384136046,-0.023763510128122722,0.010291704978968579,-0.035880551572761266,-0.003596736096199371
2025-05-16,2.103065013885498,0.00994417808599758,-0.03216291136541383,-0.035880551572761266,0.010136073206304585,-0.03216291136541383,-0.02287009009965746
2025-05-20,2.0987305641174316,0.01612594823804962,-0.01307706125381669,-0.021008178756615092,0.010158616866460076,-0.019692680234317694,-0.01300302648256002
2025-05-21,2.099313974380493,0.011386448899025852,-0.013077061253816913,0.008733064811424107,0.008439683552057582,-0.019692680234317694,0.023267723540081997
2025-05-22,2.100332736968994,0.01159376033923729,-0.014334470989760928,0.005792213505388943,0.008593197769909286,-0.019692680234317472,0.033902007880134644
2025-05-23,2.0993354320526123,0.011560306639879869,-0.015196694808694122,0.006572907869129674,0.00881711020442834,-0.019692680234317805,0.0272293251322544
2025-05-28,2.1015048027038574,0.005812302243951414,-0.004954897725829022,0.007881038185722833,0.007392827468106821,-0.019692680234317694,0.03447196269428221
2025-05-29,2.0996041297912598,0.005885864639884047,-0.00380173330210265,0.0035029130442674195,0.00739584790004809,-0.019692680234317805,0.03150713795155502
2025-05-30,2.0971922874450684,0.006242146736462269,-0.00380173330210265,0.017568158623705754,0.007646976854224689,-0.019692680234317694,0.04886450214590998
2025-06-03,2.101217269897461,0.004316275380693436,-0.0015349887133183637,0.011927713014179941,0.00750921149536271,-0.019692680234317583,0.05283069240741467
2025-06-04,2.096940040588379,0.005052198171811809,-0.0052169577835938785,0.008939051918736007,0.007887198925839813,-0.019692680234317583,0.04506229639792925
2025-06-05,2.10182785987854,0.004822424739816039,-0.0052169577835939895,0.011376379092060018,0.007855888340874757,-0.019692680234317694,0.051078278680846134
2025-06-06,2.099583625793457,0.007030927488438895,-0.019692680234317583,-0.013951572462210238,0.007690681458287822,-0.019692680234317583,0.045130468940068225
2025-06-10,2.1013243198394775,0.009090392982369204,-0.015415154062125236,-0.01712871463418908,0.008057262688019049,-0.015415154062125236,0.03470454745132967
2025-06-11,2.1026740074157715,0.009450084635599066,-0.015415154062125347,-0.008197601575084645,0.007915811223380323,-0.015415154062125347,0.04365046383561633
2025-06-12,2.100721597671509,0.009396381721012202,-0.008656142808397105,-0.009437630308620215,0.008957914449337929,-0.022878165639973247,0.024507489385934278
2025-06-13,2.1029179096221924,0.007120934143924063,-0.008656142808396994,0.015145813606975977,0.008164138187981297,-0.022878165639973247,0.04544948963828932
2025-06-17,2.1025993824005127,0.006467470310815599,-0.008092917363310193,0.013551791138807667,0.007809911780640499,-0.022878165639973247,0.05308189219726378
2025-06-18,2.1047747135162354,0.0078182994784326,-0.008092917363310304,0.02339825191129652,0.008018279615238728,-0.022878165639973136,0.04253582094870123
2025-06-24,2.1036458015441895,0.008128279383065515,-5.2955817196553845e-05,0.02034790651346441,0.008534102008093023,-0.022878165639973247,0.03605350218775594
2025-06-25,2.1000630855560303,0.005511509991704674,-5.295581719644282e-05,0.03885810604838036,0.008375111692739681,-0.022878165639973247,0.053974572776014806
2025-06-26,2.1039085388183594,0.004680695443379297,-5.295581719644282e-05,0.030411860448659622,0.008056224458708778,-0.022878165639973358,0.03755926686009481
2025-06-27,2.1009883880615234,0.00790737748850467,-0.009632058788180964,0.0181991491765372,0.008082131059860566,-0.022878165639973136,0.033838767188576035
2025-07-01,2.101745367050171,0.006566592938573553,-0.009632058788181075,0.013945542655928733,0.008249839208680523,-0.022878165639973136,0.003416657950702673
2025-07-02,2.1040611267089844,0.0057244714110683955,-0.009632058788181075,0.008734076707978433,0.008546463049077095,-0.035610428039385855,-0.021144750923464684
2025-07-03,2.1001460552215576,0.006686804220001393,-0.008846680355920511,-0.005494222481671529,0.008948885116630466,-0.035610428039385855,-0.013804233985200032
2025-07-08,2.100029468536377,0.008942829792346329,-0.022878165639973136,-0.014190763918860982,0.00867805727639913,-0.035610428039385855,-0.011739318083729078
2025-07-09,2.102172613143921,0.009030966085084184,-0.022878165639973247,-0.013650586253137198,0.008618738232517653,-0.035610428039385855,-0.01796582195784524
2025-07-10,2.100024461746216,0.01028472091072011,-0.01748137442144604,-0.007597535934291688,0.008531076243716856,-0.035610428039385855,-0.02272416153319623
2025-07-11,2.102146625518799,0.009616597199648342,-0.01748137442144615,0.00032802168395917874,0.00837886174037743,-0.035610428039385744,-0.01783402102791709
2025-07-15,2.1018564701080322,0.007134177406664111,-0.007155665907993769,0.02141743866346779,0.009411944152225585,-0.035610428039385855,0.03484930739190584
2025-07-16,2.100083827972412,0.00730968583592817,-0.007155665907993769,0.024942480652582866,0.009910038633581678,-0.035610428039385966,0.016244858118942718
2025-07-17,2.10137677192688,0.008453895505302556,-0.009421288029522135,0.004362369818608158,0.009720286586391663,-0.035610428039385855,0.00015518311607687352
2025-07-18,2.097966194152832,0.008952610855878331,-0.009421288029522135,0.014410962686824735,0.00973480193833604,-0.035610428039385855,0.003831417624521327
2025-07-22,2.101771354675293,0.00693774832011623,-0.009421288029522135,0.004149093028838369,0.009275000703664993,-0.035610428039385744,-0.005194938792305481
2025-07-23,2.102155923843384,0.006228320095800785,-0.009544549738842778,-0.00998248388687617,0.009083874177345817,-0.03518383040985407,-0.014455044810639084
2025-07-24,2.1047401428222656,0.006692831676377662,-0.020671351038671237,-0.011794193891740745,0.010633172088563207,-0.03518383040985407,0.022438153444694464
2025-07-25,2.1024022102355957,0.00523468570167719,-0.03304516855082096,-0.03518383040985407,0.010651670125545102,-0.03304516855082096,0.004967929632339274
2025-07-29,2.1038625240325928,0.009705314841523958,-0.025886354266868583,-0.01977188908619032,0.010738504850194014,-0.025886354266868583,0.01978896325638524
2025-07-30,2.0996158123016357,0.009654925778456863,-0.014818804072131098,-0.016679263432733626,0.01062508611682555,-0.01929162506557458,0.027277724336951747
2025-07-31,2.105550527572632,0.008808027293824523,-0.005536308083358699,-0.007661304332720054,0.010345995113312004,-0.01929162506557447,0.03394600604565534
2025-08-01,2.0976803302764893,0.005776439856154321,-0.005692996047981014,0.0071064557653994775,0.009774492349889797,-0.019291625065574358,0.04482533636636199
2025-08-05,2.100739002227783,0.01005651439148982,-0.006201414970740116,0.013673576032050105,0.009880564935870716,-0.01929162506557458,0.04523602159902418
2025-08-06,2.0956010818481445,0.010647690362908297,-0.004044046847919147,0.03228229539697769,0.009830044194926222,-0.01929162506557458,0.05317494977727333
2025-08-07,2.1033763885498047,0.013120204963360145,-0.013351835242752408,0.020710421736314766,0.00978915641517097,-0.019291625065574358,0.05572381435899332
2025-08-08,2.098534107208252,0.013586809364979703,-0.018411656202933946,0.015635943409440634,0.010092301134261756,-0.01929162506557447,0.046259980389409705
2025-08-12,2.0966272354125977,0.009508753089314015,-0.018411656202933946,0.001288770512930304,0.00951187201635448,-0.01929162506557458,0.04368072858492944
2025-08-13,2.098755359649658,0.005817024694753381,-0.005128293084522562,-0.018107051596635948,0.009423479757011256,-0.011113489306353364,0.016397881305738604
2025-08-14,2.1011548042297363,0.0031449293919661695,-0.005440192208683747,-0.0060201701427006205,0.008878963494570789,-0.011376920163985171,0.02987788144895731
2025-08-15,2.098562240600586,0.011273882986865262,-0.005440192208683858,0.026739074217740022,0.008809410755596266,-0.014093550883316541,0.03234203947935477
2025-08-19,2.096992015838623,0.012540365845032871,-0.008177177782256018,0.018465762828214105,0.009116485498012866,-0.014949701170620666,0.03933413420284926
2025-08-20,2.089200019836426,0.011904719684890652,-0.008177177782255907,0.029367664546817718,0.009250672908912025,-0.014949701170620777,0.035841479398537546
2025-08-21,2.0997304916381836,0.011650546368376626,-0.008177177782256018,0.031939675254085254,0.009245262634332162,-0.014949701170620666,0.03624486827107143
2025-08-22,2.099849224090576,0.00557012281182303,-0.004815731389204547,-0.000671636778830087,0.007264556912095989,-0.014949701170620555,0.007831549774346636
2025-08-26,2.1009974479675293,0.004159744503801556,-0.010919002073440098,-0.003285815387726876,0.007277872867255147,-0.02482348340556695,-0.0019665000438777724
2025-08-27,2.10331392288208,0.007068059748482609,-0.010919002073439987,0.004687997053259396,0.007472266397013622,-0.02482348340556706,0.0016892846613572043
2025-08-28,2.1034812927246094,0.007230987952012323,-0.006132804623966925,0.00810982542973715,0.007482989778482637,-0.02482348340556706,-0.0018470868643920557
2025-08-29,2.097827911376953,0.006582411847063489,-0.001687735228097842,0.013240137105988703,0.0074106871134579505,-0.02482348340556695,0.004145468791331153
2025-09-03,2.101576328277588,0.007664019097295195,-0.009535022552401795,0.009771601494480198,0.007345556428301955,-0.02482348340556695,0.01495242033503752
2025-09-04,2.1037514209747314,0.008449822006013926,-0.009535022552401795,0.012165247387804445,0.006714826051516256,-0.024823483405566837,0.003699031927445695
2025-09-05,2.0999367237091064,0.009862138089836086,-0.011113489306353364,-0.003765197631408923,0.006646571634524449,-0.02482348340556695,0.00048443841311462954
2025-09-09,2.0966334342956543,0.009076192953942814,-0.014093550883316541,0.002125380727649784,0.007090293621781604,-0.02482348340556695,0.008435343607174017
2025-09-10,2.098853588104248,0.009086340206628662,-0.014949701170620555,0.0016742285991730999,0.007490998317154413,-0.024823483405566837,-0.0021213655171803403
2025-09-11,2.102660655975342,0.007482131441550702,-0.0038793246978121587,-0.0028812750053502922,0.008729212008357192,-0.04342940326813727,-0.04618554621935378
2025-09-12,2.102452516555786,0.006550758727732786,-0.007585116754048604,0.0006764702997126282,0.009595060563901033,-0.04342940326813727,-0.016852312420495452
2025-09-16,2.1014084815979004,0.006431717700878239,-0.008909616948565402,0.0023616135061377275,0.00981924415383454,-0.04342940326813738,-0.003833866046788259
2025-09-17,2.1040749549865723,0.007244918317728766,-0.01650893681460075,-0.004459613755299685,0.010156800666507464,-0.04342940326813727,-0.015218951296653627
2025-09-18,2.1033051013946533,0.003179439206128919,-0.01453071302258857,-0.02200561262184142,0.009766590213007176,-0.03956314310886455,-0.025068519321659877
2025-09-19,2.103808879852295,0.006140280663325288,-0.013724475314310536,-0.004571085382536921,0.010041501713304882,-0.03956314310886455,-0.0057889292983221985
2025-09-23,2.096132278442383,0.006235589611914641,-0.00558894331936044,-0.004326617887808526,0.010359267956411644,-0.03956314310886466,-0.012294945040258964
2025-09-24,2.0956809520721436,0.00530557840884983,-0.0022457598712878335,0.006632661650085359,0.010645628011284438,-0.03956314310886466,0.008854771644530413
2025-09-25,2.092515468597412,0.00407973975865608,-0.0022457598712877225,0.01361073961842485,0.010604828370370524,-0.03956314310886466,0.0199082460090394
2025-09-26,2.1031625270843506,0.002004205258560919,0.0,0.006703760809814385,0.01043137083874614,-0.03956314310886466,0.013575115639874458
2025-09-30,2.1004087924957275,0.005335010195414511,-0.01080506009275728,-0.0016106571816857373,0.010703248383289619,-0.03956314310886477,-0.0006207741221080365
2025-10-01,2.101811408996582,0.006702239419640063,-0.010805060092757168,0.005016974095690241,0.010904868891552453,-0.03956314310886455,-0.01434854591367507
2025-10-02,2.102224349975586,0.008211592191795783,-0.011868942932659277,-0.007215031315239928,0.010993282464600383,-0.03956314310886455,-0.00963674321503094
2025-10-03,2.0963356494903564,0.012984217954599928,-0.03956314310886455,-0.03814010787773836,0.010962515446178869,-0.03956314310886455,-0.013284943730438648
2025-10-07,2.1017422676086426,0.01717803968081839,-0.038604256452068775,-0.0011595274505514785,0.010971020349989948,-0.038604256452068775,-0.006116927420303009
2025-10-08,2.094559907913208,0.016484578410091773,-0.02802684925054222,-0.01006705825581955,0.010881579089025454,-0.03103607923542473,-0.024893089505299337
2025-10-09,2.095656394958496,0.016647383020791183,-0.01228736636858685,-0.01147317598371489,0.010973314859321856,-0.03103607923542473,-0.0027757683831565183
2025-10-10,2.0936434268951416,0.010357883908460368,-0.012287366368587072,0.019194489156584504,0.009030597288897116,-0.03103607923542462,0.032521591636810454
2025-10-14,2.104740619659424,0.007826003445330363,-0.01228736636858685,0.006174501160873147,0.007930190801723544,-0.03103607923542462,0.007150307883845519
2025-10-15,2.0988755226135254,0.00933542689719002,-0.011353565755371497,-0.0061520876756538945,0.008929402965286569,-0.031036079235424507,-0.01267397297115569
2025-10-16,2.1011650562286377,0.008888286410060911,-0.011353565755371386,0.019877129388539805,0.008544958871582286,-0.03103607923542462,-0.002467623083338366
2025-10-17,2.1035022735595703,0.008849393764232334,-0.011353565755371609,0.02311245457324307,0.009393528218097172,-0.04874499818115696,-0.023027544747477813
2025-10-21,2.101991653442383,0.009291457905568576,-0.008780052250405457,0.0023743834127583074,0.008942860946901962,-0.04874499818115685,-0.03370955605718551
2025-10-22,2.095102310180664,0.008149312902321461,-0.01507986375210879,0.007441734600683203,0.009241455182343305,-0.05977380204371874,-0.038274194093968705
2025-10-23,2.0999975204467773,0.006596352866014047,-0.02544727008168335,-0.016519548131956774,0.010260242830016647,-0.05977380204371863,-0.028316841595888653
2025-10-24,2.1018593311309814,0.0068044838658112,-0.025447270081683238,-0.01575182166746858,0.010422423193897773,-0.05977380204371863,-0.024333161817186033
2025-10-28,2.104883909225464,0.006075749586069558,-0.013547997179598759,-0.019817505463158858,0.01112880049402807,-0.05011442794380527,0.005054464777219936
2025-10-29,2.1041951179504395,0.007159982104375921,-0.009089682619986994,-0.007101366551388155,0.011069098218817757,-0.05011442794380516,0.016485914783601174
2025-10-30,2.105727195739746,0.006821309481602751,-0.011754190697831124,-0.005734742700079121,0.010869943417328354,-0.05011442794380516,0.02173433549941506
2025-10-31,2.1040165424346924,0.008176883197957917,-0.011287329171587479,-0.000337279503524357,0.010851656314796784,-0.05011442794380527,0.011872238524065049
2025-11-04,2.10267972946167,0.007125048675752054,-0.009164229071910168,0.01523170918497585,0.010746310068178172,-0.05011442794380516,0.03328851750370121
2025-11-05,2.104379892349243,0.006928962958297285,-3.3525546466406375e-05,0.012173883637962346,0.01069089651534444,-0.05011442794380505,0.026968533892429924
2025-11-06,2.1035256385803223,0.010425100734149864,-0.01879291047892695,0.00233784406409443,0.010531509922920351,-0.05011442794380516,0.03127932970427061
2025-11-07,2.1028504371643066,0.008850569412292609,-0.02083089721530884,-0.011167718209116995,0.01029674785122803,-0.05011442794380516,0.018759067444920063
2025-11-11,2.089949369430542,0.010193181671921419,-0.03897232013096563,-0.0324370536761992,0.011058896137770275,-0.05011442794380505,0.04140543802594987
2025-11-12,2.075399875640869,0.009772956298750373,-0.020565902822704096,-0.03464577451848394,0.011507268741447942,-0.03192141373557156,0.024188563887543424
2025-11-13,2.100498676300049,0.009129333939324238,-0.029906510167871825,-0.03192141373557167,0.010627424404850531,-0.029906510167871825,0.041812795805100444
2025-11-14,2.090799570083618,0.015363785467388208,-0.01602381075983328,-0.006551112324279629,0.010737941974404738,-0.021070761702402407,0.03751535416951013
2025-11-18,2.080204963684082,0.014088028690171698,-0.016023810759833168,0.037578613628094004,0.00984650279514229,-0.025497392312150424,0.05350058039813499
2025-11-19,2.0867362022399902,0.013795182276414165,0.0,0.042585959265603934,0.009948113785525466,-0.025497392312150535,0.06209518395585101
2025-11-20,2.0691921710968018,0.007405817453841559,0.0,0.06480488190914957,0.009024526293540227,-0.025497392312150535,0.08736872233879134
2025-11-21,2.0990402698516846,0.007758073962720649,-0.005417189667701217,0.03413930484956729,0.007964219344162166,-0.025497392312150424,0.05870309988622813
2025-11-25,2.096971273422241,0.005209602856139539,-0.009017638898063729,0.008866550895004544,0.006928671222288912,-0.025497392312150535,0.031171081743713858
2025-11-26,2.096963405609131,0.0050404270192739445,-0.009017638898063729,0.007717842323651469,0.007031715051931617,-0.025497392312150424,0.018679027009764537
2025-12-02,2.102811813354492,0.004228280255917922,-0.005729526820112407,0.006466451118295691,0.007728478030650714,-0.025497392312150757,0.022487998365079864
2025-12-03,2.1001768112182617,0.008203761766419132,-0.005729526820112518,0.0185041129446033,0.008055337452342546,-0.025497392312150757,0.028802631840592507
2025-12-04,2.1022932529449463,0.008540805706685221,-0.005729526820112518,0.023206785802520447,0.008488569430535909,-0.025497392312150424,0.038514988137480666
2025-12-05,2.1036288738250732,0.011186995307977645,-0.013086729766273897,0.009433962264151718,0.00870226974728295,-0.025497392312150535,0.03062006032063569
2025-12-09,2.1026523113250732,0.011402455313847084,-0.021070761702402407,0.007037589004802003,0.008683807182010925,-0.025497392312150424,0.04927236948670388
2025-12-10,2.103276252746582,0.007390359630474737,-0.025497392312150535,-0.016201634788826524,0.007858444255611673,-0.025497392312150535,0.031247821355652183
2025-12-11,2.0959436893463135,0.005724604324154312,-0.012575231198317383,-0.021199536411049658,0.007654124690585085,-0.020792416692366755,0.023700781440953556
2025-12-12,2.0997538566589355,0.00581546900348819,-0.010687322286498824,0.0010833061868937843,0.0069576713177824205,-0.020792416692366644,0.03830657479504995
2025-12-16,2.104257345199585,0.005525279209533231,-0.0029216510574755494,0.013736724699085157,0.007060307600481047,-0.020792416692366644,0.05591730827249286
2025-12-17,2.1027770042419434,0.00434355910307288,-0.0029216510574757715,0.019833552782668518,0.0077341157774125004,-0.020792416692366866,0.04632445831342702
2025-12-18,2.10379695892334,0.004567683949718218,-0.0029216510574756605,0.015586589429959385,0.00840833876034282,-0.020792416692366755,0.060347462953663555
2025-12-19,2.1048359870910645,0.004537604557469001,-0.007369053222743727,-3.270271596023111e-05,0.008293337848410824,-0.020792416692366644,0.050754615170790274
2025-12-23,2.1033501625061035,0.00424545500196933,-0.019582987990183764,-0.0179231307688551,0.008574822153461396,-0.019582987990183764,0.035064871640430706
2025-12-24,2.091949939727783,0.00800287250559151,-0.019582987990183875,-0.006306994587037651,0.008582773654581613,-0.019582987990183875,0.033453079536403196
2025-12-30,2.1045403480529785,0.010944049011820665,-0.007226192560523592,0.023430962343095718,0.008714404270256087,-0.023404553306048625,0.029731725326113567
2025-12-31,2.0992164611816406,0.008270228283319069,-0.007226192560523592,0.03772709189762602,0.008423959656138553,-0.023404553306048403,0.04875016576050939
