ticker,num_pairs,num_points,corr_real_hall,mae,rmse,kl_divergence,js_divergence,tail_abs_p99_real,tail_abs_p99_hall,tail_ratio_p99
AA,100,2000,0.9664101976463804,0.008039165328941646,0.010220785764001115,0.09569116660156418,0.009730410776425572,0.09948739319999995,0.09717317996,0.9767386282265162
TTMI,1,20,0.993648895908155,0.005055593092,0.00667391566801553,13.596706908468068,0.4021826815258884,0.1668880588999999,0.1716773051999999,1.0286973575675042
AEIS,1,20,0.9930084185872953,0.0029605868450000004,0.004318349286888569,12.940157199512079,0.40420924292798976,0.07666323869999998,0.07763116499999999,1.0126256901797186
SATS,27,540,0.9941705551298131,0.002603958402474074,0.0082593518483674,0.3432479393671627,0.02402476815586996,0.19076459,0.18859734640000017,0.9886391725005157
BILL,35,700,0.9756394050537257,0.002528630368232857,0.01028531616903038,0.1507905375793201,0.006472334190831628,0.09892739309999991,0.09257101933999996,0.9357470811590611
AAON,45,900,0.9896387535324944,0.001765125657381111,0.005610679384041424,0.28224647232223105,0.01284220803647724,0.1634368601,0.1372966523,0.8400592878252438
ULS,4,80,0.9858082382412962,0.0016782810825,0.0038895253876243437,0.5737813124807607,0.036176030236013866,0.0633785256999996,0.05828108124999976,0.9195714259096457
FN,39,780,0.9901110942509135,0.0016531786843589742,0.005520072415351953,0.19607224862746436,0.01112106271345674,0.1194635592000008,0.11450619240000012,0.9585031047693693
ELF,51,1020,0.9908775301723091,0.0016480214024117647,0.0065719464878460235,0.22687807611379818,0.00956743976983585,0.2114292101999999,0.1725569782999995,0.8161454045861046
FOXF,54,1080,0.9866815704186385,0.0015752402818611112,0.007171828467491652,0.1728171868532286,0.008037674648838236,0.09621556444000089,0.09194085064000072,0.9555714938130844
GME,100,2000,0.9951774563964233,0.0015516171673849999,0.005459116584234291,0.08919488884583766,0.004808702721611597,0.20550584159999985,0.20524583329999999,0.9987347887632997
FIX,49,980,0.9863772613265314,0.0015296788054591835,0.006534489933422729,0.2675594939422942,0.011077902176057575,0.12171365385000055,0.10575881904000002,0.868914995932476
NXT,41,820,0.9920923120529154,0.0014839350036682927,0.005129076855439526,0.19533826337061683,0.010910060650405284,0.11302790584999986,0.11463569104999975,1.0142246747642445
CALX,53,1060,0.990987197591044,0.0014792663585646226,0.005081488081313093,0.1220268595462321,0.006842077895136731,0.12815823410000002,0.12161519715000069,0.9489456374305697
CRS,35,700,0.990248531582557,0.0014784465431642855,0.004339365257324036,0.2242757805199501,0.013510208913813944,0.1177430001,0.09889347789999997,0.8399096151449259
CIEN,100,2000,0.9900961841868472,0.0014703373861609692,0.0048402353291319925,0.12260545862821075,0.006006358366143471,0.13836229,0.10830880345,0.7827913476280279
FG,2,40,0.9942428836418923,0.0014696600499999996,0.002291253580417902,5.570067599917285,0.19663536125402803,0.05678381244,0.05960937058,1.0497599230940262
PVH,86,1720,0.9902826621213656,0.0014681387230784885,0.0046632346481602985,0.14852441609880163,0.008152454294590012,0.11078577405000001,0.1059122185399996,0.9560091938537085
SITM,32,640,0.9939935305626467,0.0014642910451093747,0.0056649340093866615,0.0843155224791852,0.00415295557548053,0.1340313978,0.1340313978,1.0
ONTO,50,1000,0.9879427809765169,0.001446625052775,0.0069745788461950545,0.1418071975651202,0.0067211757526964965,0.1222946471999999,0.12225648639999993,0.999687960177541
ENTG,28,560,0.9897153364175993,0.0014364259346732141,0.0059988643758325565,0.2725116649929319,0.012961305908528009,0.15616532,0.12578502379999978,0.8054606733428381
RH,100,2000,0.9832739802689466,0.0014236128125555002,0.0076503072565429105,0.07243224797356104,0.004786817516206254,0.12656325019999998,0.1265650052,1.0000138665844727
SIX,11,220,0.9948536524362859,0.0014234038995454544,0.0034620986398583953,0.5064359259636589,0.029704877981234248,0.1257154769,0.12655138070000005,1.0066491717695583
KSS,38,760,0.9923491044641529,0.0014204806145,0.005176250477475113,0.08231068742404196,0.007085122979700514,0.1388711579,0.13625945799999986,0.9811933598056352
DOCU,39,780,0.9907178200614167,0.0014007789066702958,0.005830984040475642,0.3269547479906336,0.0137512845950222,0.15324227920000263,0.1269900167000014,0.8286878618808694
BROS,1,20,0.996852002322889,0.00139530802925,0.0016878140702275524,11.085071307286182,0.34025679891708804,0.05254789289999998,0.051734969019999986,0.9845298481987277
NARI,48,960,0.9937091925463393,0.0013939794844760416,0.004308874063051008,0.12235218931723156,0.008414489374294652,0.13108444,0.1191042601999999,0.9086071558149839
URBN,9,180,0.9956584586099365,0.0013893143994444443,0.0035555326400771004,0.33318592312995454,0.016853398263501372,0.1436936,0.1436936,1.0
SMTC,22,440,0.988105103024781,0.0013834341168409091,0.006978891463148251,0.1301557396472596,0.005691866442187253,0.09147739,0.09147739,1.0
NCR,40,800,0.9926368514852875,0.0013763046838999999,0.004559803504126149,0.1796252279970702,0.0078109645131368075,0.11922686799999987,0.11151515234999998,0.9353189781853541
GDDY,22,440,0.9813084580796417,0.001351916392159091,0.0041451971806409004,0.24658193863898997,0.013167262401325805,0.09365308922000125,0.07487078357000082,0.7994480928880119
PSTG,53,1060,0.9898086478498203,0.0013420782192169814,0.005607447531167731,0.16766502701559693,0.008518806911601687,0.1189519441,0.10203158120000083,0.8577546333687944
DY,30,600,0.992938309967667,0.0013344107753650001,0.0037560190347331944,0.19779484426651867,0.011830051968270545,0.08885907664999951,0.08862638224999972,0.9973813097235262
WHR,47,940,0.9915635688470833,0.0013310456030820954,0.004383361739039762,0.2735188763055084,0.011604443060894015,0.14422496,0.12229003400000012,0.8479117206896789
GWRE,33,660,0.9866633972042386,0.001308989981060606,0.005663221744718687,0.28525299944693516,0.010241507579233537,0.1519351,0.11128244500999998,0.7324340788270781
MPW,53,1060,0.9934967611119853,0.0013035397469680773,0.0042327105061816086,0.036003032142568024,0.002295832147160529,0.11156440205,0.10956248131000028,0.9820559183465841
TNDM,26,520,0.9970820100289621,0.001295816568815385,0.002823541113682332,0.12897381352133305,0.011302770353813302,0.10801334049999943,0.09560654875999958,0.8851364870064368
GPS,57,1140,0.9921573052419895,0.0012818358623953169,0.0049584278130130385,0.09515779564820173,0.0050994681119846605,0.11284066963999861,0.11699615239999968,1.036826108647339
BOH,31,620,0.9928515921403975,0.0012757401016290323,0.003197967818544577,0.19612644760585668,0.011772042893800325,0.10112388174999992,0.09992190344999999,0.9881138037899744
LSCC,100,2000,0.9940576730407703,0.0012707851989172347,0.003775256751220825,0.09558042138735925,0.004867874686977654,0.09931873759999989,0.09931873759999989,1.0
WING,96,1920,0.9898567833611022,0.0012675427047,0.0049905907092712455,0.07466236071218933,0.005635838114098613,0.10485522886,0.09720875,0.9270758459722654
ARWR,67,1340,0.9946443277625646,0.0012630672598360738,0.004330696615351648,0.09073917795465834,0.0046669127712426805,0.11989948354999984,0.11688267244,0.9748388314888631
SPWR,32,640,0.9973077936378455,0.00125083356040625,0.0032420918197939453,0.23379301137237918,0.01114711836511107,0.14124139250000017,0.13264587890000007,0.9391430978705474
ZI,44,880,0.9921373456715339,0.001250185702900341,0.0052757287486428165,0.1748758494899244,0.007725724187090182,0.1599481702000009,0.13810784110000077,0.8634537108321354
TKO,26,520,0.9908483908934085,0.001240556125,0.003630857660564255,0.3551942598318221,0.014503223978515322,0.08705401059999876,0.06932508509999996,0.7963456780703558
ACHC,90,1800,0.9898381658733727,0.00124038474605,0.0042326814641681625,0.09869603586154455,0.0055674027273803495,0.08348952009999999,0.08057626585999998,0.9651063482397474
ANF,41,820,0.9942668356417574,0.001238617144987805,0.004734414340675597,0.10587226248839071,0.00967068381102471,0.1651221990999985,0.13691193810000002,0.8291552489383074
CC,73,1460,0.9877830279295265,0.0012013797802520546,0.005991361186730605,0.08039886202129701,0.0037391924470430654,0.11788835164,0.10642052160000104,0.9027229587956349
VSAT,26,520,0.9952008021820079,0.00119745591095,0.0046175649836313415,0.193792235412829,0.010431776187701077,0.1514661,0.14742592599999974,0.9733262162292403
ICUI,46,920,0.9914043605154542,0.0011967486747326088,0.00380001735703917,0.16377019922651814,0.007978922693722693,0.066556096,0.066556096,1.0
PENN,45,900,0.9951930251666615,0.0011943785237766666,0.0032437732292699317,0.07262171067803251,0.006131135695811115,0.09466169,0.09466206490000001,1.0000039604194686
WVE,4,80,0.998078071204353,0.001190507157070766,0.0029843769632145103,0.5349754087358319,0.02793833658963801,0.13222091569999989,0.13213514539999988,0.999351310648955
AVTR,41,820,0.9907811780301062,0.0011846385624246,0.004844627751017177,0.18202599395001148,0.010119100313742043,0.12113256044999904,0.10389977229999957,0.8577361191245289
CROX,100,2000,0.9914380111492281,0.0011764365212225,0.004758794748146216,0.10848632503486678,0.004760360619713502,0.10480863973999996,0.10352548999999998,0.9877572140695356
X,83,1660,0.9906883003058199,0.0011632991231066265,0.004396351955342342,0.11161806619482205,0.005818747972698523,0.10119601,0.10063386390000008,0.9944449776231303
LNTH,82,1640,0.9903486688036383,0.0011517299475674084,0.005625744950562983,0.12285496871993692,0.005964528771300069,0.13531054249999952,0.11215067829999968,0.8288391741537809
ELY,13,260,0.9955981523463738,0.0011475349634615386,0.003024377515015657,0.1818062847308979,0.015695033958770175,0.09793067924000003,0.09753488,0.9959583733813381
SMCI,31,620,0.9972526717420591,0.0011456729930112903,0.0039511458341921135,0.09951362254383407,0.008226242022337363,0.22059039019999932,0.2099865678999999,0.9519298084998833
MTZ,100,2000,0.9925072510329972,0.0011451348941785,0.0035804761047314206,0.12340597637837947,0.005863486373271555,0.082926616,0.07742876939999999,0.9337022675566551
MAC,32,640,0.9959045463335716,0.00113227913785,0.0025939475332350465,0.04067909387124426,0.010527639417400331,0.0786118861,0.07806447664000002,0.9930365560838518
MKSI,100,2000,0.9938650434257019,0.001131870036765,0.0034853372253774587,0.060620306691774706,0.0033469073365468643,0.08840187579999996,0.0885307445,1.001457759791111
PRG,4,80,0.9978418045820019,0.0011267859396249997,0.0022271986231779026,0.3580305362283503,0.035989016746842704,0.13900413619999996,0.13900413619999996,1.0
CR,91,1820,0.9867551576380359,0.001125784352348901,0.008424714128573227,0.07921274296411578,0.003816103710735867,0.07515399679999941,0.07056013459999994,0.9388740134177466
STAA,37,740,0.997644981268321,0.0011257173279797298,0.0024649104238395527,0.04661197608678776,0.007106965493100442,0.09765855755000002,0.09686289605000001,0.9918526187570132
ETRN,59,1180,0.9904586985050445,0.0011190141880206262,0.004863153604844645,0.20984275734190447,0.009172890139041327,0.11983641420000016,0.11525917656000005,0.9618042840270491
VFC,27,540,0.988000872636851,0.0011122480863518516,0.008268115326962526,0.14512796425475233,0.009425974040079117,0.1719802,0.16862681230000012,0.9805013152676885
FOUR,36,720,0.9928895290231816,0.0011056869254763887,0.004118062597185676,0.17163746168108698,0.011270890195268243,0.12493124,0.11822483409999951,0.9463192240787773
AAL,39,780,0.9910908069057929,0.0011004322134835504,0.004422196721976571,0.15941894784889216,0.006760932788180489,0.1197169,0.11525375950000002,0.9627192109050604
VICR,38,760,0.9904120983241164,0.0010856985512105262,0.007538481399797674,0.11482531955793362,0.006572391330541948,0.1480275,0.13762414659999983,0.929720130381178
RCM,63,1260,0.9941294657514012,0.0010846561911506199,0.00327177596885579,0.1018883166802185,0.005020444026145508,0.09300298790000007,0.09127206550000022,0.9813885291313329
IART,59,1180,0.9879099123982216,0.0010807007463498565,0.003784410317301944,0.12007921762795537,0.005410043463464048,0.05903183843000012,0.05791329555000004,0.9810518711639576
ALTM,22,440,0.9977794343659081,0.0010759267433846868,0.003013315295467303,0.14232437751359253,0.009556259949679223,0.13040802,0.13097854080000002,1.0043748904400205
IIVI,13,260,0.9969024675134253,0.0010681617464615382,0.0022949765651612106,0.13103577488848417,0.01831621725815965,0.08037042764,0.07678642614,0.9554064647253878
MEDP,100,2000,0.9873025123818231,0.0010680603119367924,0.005872722194233748,0.07496900929751889,0.003468315176081556,0.087432116,0.08296765163999999,0.9489379353463204
TRIP,37,740,0.9961166991447563,0.0010634865847162162,0.0026451301356509994,0.03493493739161303,0.004031048618351093,0.08968800110000001,0.08969090504,1.000032378244184
MTSI,87,1740,0.989042563469906,0.0010609765552931033,0.0038707687606850615,0.08008149068896013,0.00414674062287189,0.07516771289999934,0.07387343685999954,0.9827814896839864
CVLT,100,2000,0.9886390059846834,0.00105846408034275,0.00483254679024641,0.08365278982528046,0.0038502766645191902,0.09283351233999991,0.08629590389999998,0.9295770646266606
FLR,100,2000,0.991217842976968,0.0010523158496831039,0.004070380509743486,0.08360771958606109,0.003972901380053828,0.09586535400999992,0.08915616519999998,0.9300144574722993
HL,4,80,0.9987364614904505,0.0010510501531249996,0.002626123239796727,0.5963661653046135,0.0491282252733676,0.12841343939999977,0.12916128509999975,1.0058237338980578
BLDR,47,940,0.996032968859738,0.001048548559881915,0.002552343668526067,0.05859912848006636,0.006928465366382833,0.08302042,0.08302042,1.0
JBLU,37,740,0.996837792846064,0.0010446903076659873,0.0024726290058180475,0.09141646709658507,0.00809404220035801,0.08582716210000003,0.08582113530000003,0.9999297798056869
CNM,57,1140,0.9880873864356485,0.0010412206490021999,0.004478661993652207,0.25261548020096836,0.010271368237992894,0.09802897119999984,0.07537934459999919,0.7689496653617773
ALGM,78,1560,0.9922929835887869,0.0010402667069440033,0.003909443888136796,0.07851837837913025,0.0037670422473335304,0.1061215341,0.10612153,0.9999999613650516
TDC,73,1460,0.9874003422983384,0.0010367856522006849,0.004524393096342234,0.14829172071320207,0.00633486978087839,0.07118266260000135,0.06528801540000137,0.9171898467310231
UE,3,60,0.9938483674806367,0.0010216481251666665,0.0019171928377685783,0.860054006226315,0.07173455471611755,0.05402953951999993,0.051477949619999956,0.9527741690440381
HLNE,39,780,0.9929859476921908,0.0010192318624884617,0.0032282413740712264,0.29882012905788075,0.013273769502117928,0.1172133521,0.09934328250000013,0.8475423722652851
YELP,9,180,0.9966610750977672,0.0010184291905,0.0022489225673526115,0.6238195689552214,0.036597868069343044,0.063041516,0.06304151684,1.0000000133245526
OLN,100,2000,0.993228197994429,0.001015813062687,0.0033124820369962627,0.04415393704429074,0.0020364855814288076,0.09306193073999998,0.09242802480000001,0.9931883431285022
HTZ,33,660,0.9971690034834759,0.0010154741217630072,0.0027565503890568176,0.10107377884813035,0.008682504071984721,0.12386336,0.11620507093999974,0.9381714733073585
NUVA,22,440,0.9967782203895289,0.0010030673057045455,0.0021933304662291576,0.04812205825426543,0.01321530906432504,0.09369564,0.08286978455,0.8844572122032573
PSN,39,780,0.9913882831548324,0.0009963067492358973,0.003859840457153359,0.2422994119877152,0.012123386310494347,0.10587603,0.09062996265000005,0.8560007647623362
DOCS,68,1360,0.9905370848116478,0.0009926106484191178,0.00568241230621374,0.14455738087434036,0.007265038329292655,0.10808216276000038,0.10383813,0.9607332731727031
SAIL,13,260,0.9854711108808253,0.0009889903616153845,0.006517569635387556,0.2137105499341863,0.007809253439195189,0.0949380441,0.09340440566000002,0.9838459022982972
RMBS,53,1060,0.9940863819580065,0.0009875273759150944,0.004250163530854226,0.0798978782447719,0.006790009979832623,0.1351926865000002,0.13271747070000006,0.9816912004333894
WAL,39,780,0.9902227109367336,0.0009799209490564103,0.0037104869993891307,0.16914342339430727,0.009268461573757613,0.08335552710000048,0.08254242390000034,0.9902453595065788
AR,80,1600,0.9957954260412125,0.0009799120079114617,0.002538694260985805,0.12486508926583849,0.00629705339928548,0.08658179775,0.0823785708,0.9514536881974133
FIVE,100,2000,0.9851608669315585,0.0009795639326085001,0.005533415524660844,0.08983610434742756,0.003746296092381388,0.11200116,0.10479932249999997,0.9356985454436362
OKTA,24,480,0.9906338910136506,0.0009789131051875,0.005102980482059239,0.2952180900179036,0.012524802587365363,0.1762048342,0.1343041608,0.7622047454586804
RUN,54,1080,0.9982382565822691,0.0009718897802962964,0.003153613862269175,0.04887095749139063,0.0023932525073287504,0.1713539464000001,0.1713539464000001,1.0
STLD,22,440,0.9971148408892719,0.000968203159840909,0.0021533189891027064,0.026613981882386735,0.007213916990826055,0.08248893,0.08248893,1.0
CLF,100,2000,0.9968948186806259,0.0009672148290985847,0.003071328287071364,0.11202315758836222,0.004435761112475194,0.1391234,0.12157199989999994,0.8738429329645475
HELE,61,1220,0.9902112390851063,0.0009638652735532787,0.004413068444759566,0.070776941068423,0.00306467025511759,0.0942357781,0.09423093639999999,0.9999486214249235
AMKR,100,2000,0.9939101244565673,0.0009554424812756614,0.003579067071322376,0.1112093177837642,0.005412839935252699,0.10812603009999999,0.09763690109999994,0.902991638643357
PEN,100,2000,0.9949766312031673,0.000954875946718,0.002757820192086096,0.06930232714801832,0.004889421073198565,0.10178381575,0.09031079105999998,0.8872804619726586
CCMP,10,200,0.986966386773418,0.0009509202888929234,0.005858313448818503,0.0962678317271183,0.004702890007211813,0.0377917825299999,0.0377917825299999,1.0
VSH,65,1300,0.9906687385684838,0.000950549656346882,0.0027909762094738607,0.05754100616892564,0.0033385338023816232,0.05460911,0.054609105049999995,0.9999999093557832
DKS,100,2000,0.9935641288031813,0.0009470020107250001,0.003275910451220275,0.08586947647386027,0.006765164276643823,0.10515882449999998,0.0969037599,0.92149907875777
DUOL,46,920,0.9941003517203638,0.0009463681222793478,0.003997533674396824,0.07553368717149939,0.003681584754427405,0.10344418696,0.1027382639999998,0.9931758083199671
QDEL,59,1180,0.9917450882998238,0.0009443001736368439,0.004007743479283709,0.07606025485180908,0.004848549022000846,0.10016106,0.08983919944000013,0.8969473709643262
QLYS,100,2000,0.9906206180648872,0.0009442678168455,0.00313477609856593,0.10264967060772055,0.0044787366307759285,0.07439368249999999,0.05889779017999997,0.7917041904734314
GT,100,2000,0.9944367559282923,0.0009426762188346066,0.003459963519963045,0.04820122957113902,0.002146311470777382,0.101782694,0.10175909834,0.9997681761105675
VNO,77,1540,0.9958142161888617,0.0009373565439181817,0.0026243592136954872,0.06910033045980571,0.005951664750367977,0.11109871149999856,0.09374230219999995,0.8437748821236434
EXEL,100,2000,0.9894202610231932,0.0009365408520675,0.004020827902287033,0.13385637915458767,0.0061826515742289725,0.09233872235999992,0.09226310629999998,0.9991811012967546
AVAV,14,280,0.9982452050381565,0.0009334104211785716,0.00244768746218578,0.2296934136913295,0.014083090856881648,0.1491923,0.14976721489999995,1.0038535158986084
SMG,100,2000,0.9946347168119983,0.0009329874186396693,0.0031948934399862144,0.0551153889683665,0.003670331779044784,0.10151639006,0.09474237409999998,0.9332717016828876
MIDD,100,2000,0.9875502564922973,0.0009323288214980001,0.0035425866172813275,0.06191306103858409,0.0030980358516085353,0.06678700653999994,0.06522163514,0.9765617373633535
FND,60,1200,0.9936739398108148,0.0009274813262143078,0.0030733962608898453,0.12351730126474578,0.005954459868030986,0.07672902960999996,0.07750274925999996,1.0100837929781294
DAN,32,640,0.9953716709635335,0.0009253952698359375,0.003344517992975857,0.12144926969224312,0.006408193756895308,0.09009282780000002,0.09017010565000004,1.0008577580689504
THC,100,2000,0.9937014987929392,0.0009238107509884154,0.0032959761456085395,0.07723251647652757,0.004232929645020504,0.09546146,0.09235905325999998,0.9675009502264053
CG,54,1080,0.9922734508472997,0.0009178162831694444,0.0031444658797495292,0.05529773388562213,0.003926573872974196,0.07880490816000013,0.07820489175,0.992386052797855
SFM,100,2000,0.9892398425452092,0.0009156141280907542,0.003945206839429231,0.10400971087253255,0.004186195635670523,0.07020813915999999,0.06706543149999998,0.9552372745154523
CNXC,100,2000,0.9873359751433474,0.000914741479109,0.004814343677160358,0.0365266108539278,0.0022388949263680655,0.07399914303999997,0.07306569025999998,0.9873856271619874
YETI,100,2000,0.9957142971787887,0.0009142835561925,0.0027464270323749396,0.0866347103064351,0.003925127470764028,0.0846677,0.0844297337,0.9971894087119408
SAM,100,2000,0.9909432397682082,0.000910102615168,0.003258789167053221,0.09333707707504688,0.004554720115927911,0.06006103802,0.06006103802,1.0
BLKB,100,2000,0.9904798236699592,0.0009084305743957078,0.003441656152796836,0.13208560335574726,0.0073695814705535805,0.08131808716,0.07773229814999998,0.9559041643103989
PEGA,22,440,0.9945895111311002,0.0009051245853374816,0.0029117586425530134,0.31303215635441045,0.015478007136093869,0.11881405440000041,0.1059456728,0.8916931025964521
MRCY,37,740,0.992780523877368,0.0009045444764950306,0.0033507469251606737,0.09957462734493455,0.004974330176310461,0.09682140136000003,0.09250239940000009,0.9553920734534601
PBF,79,1580,0.9973829099377891,0.0009018334286772152,0.002480556044919013,0.09292456877691911,0.005229533583708083,0.096664816,0.09688835764000003,1.0023125439973943
SWAV,46,920,0.9957684520864685,0.0008992571344891304,0.003110337538858045,0.16159978449934648,0.0075556708201523085,0.1001048903399997,0.0967604938799999,0.9665910781317398
WCC,68,1360,0.9888149336408955,0.0008970772325235294,0.004185054325735496,0.06500808142134205,0.004081691141475515,0.08669,0.08162109506000033,0.9415283776675548
GMED,100,2000,0.9878879974254393,0.0008942621451912347,0.004146624408148498,0.07062146811075397,0.004293761039019062,0.06272605933999997,0.05786774329,0.9225470864722112
OPCH,100,2000,0.9901417511475791,0.0008878935621797924,0.0040231182130016805,0.16052013673380683,0.0067672326265916655,0.08499321,0.07578369979999992,0.8916441654574515
ENS,100,2000,0.9916852883472873,0.0008846316573867077,0.003137256531345053,0.1356263731956495,0.006505297736901195,0.07533346,0.07061252709999997,0.9373328544845806
TPH,6,120,0.9963900164898344,0.0008834446148833333,0.0021899928084735225,1.059218365772975,0.04676536914021055,0.059294911880000016,0.05893993830000002,0.9940134225898104
PDCO,47,940,0.9904602284482303,0.0008814057319446809,0.00347258832935267,0.1576511100924807,0.007546528552676601,0.06671610305,0.06665702185000001,0.9991144386842302
PGNY,61,1220,0.9949679109827159,0.0008793125141885246,0.003687509101978557,0.1258164876387447,0.0052905844205522546,0.09331963193999984,0.09331963193999984,1.0
MAT,100,2000,0.9888283535536294,0.0008781481249503769,0.0037731225444357385,0.11710815707300459,0.005274401052540959,0.07663323,0.07384147979999998,0.9635699787154997
CRBG,5,100,0.9965230285508075,0.000874732493,0.0014978176544773502,1.0339613706995119,0.08926098541353283,0.04020445590000003,0.04015634660000001,0.9988033838806404
MANH,100,2000,0.9897440913381484,0.00086913177089019,0.0040551233684319515,0.0891930414856715,0.0047071710132712,0.074402735,0.07005413464,0.9415532189777701
DEI,32,640,0.9964925208972137,0.000861421403771875,0.0019812241612768445,0.03128280597461572,0.007559071767597977,0.06157946898,0.05999642960000001,0.9742927406451957
FULT,32,640,0.995085409381858,0.0008573995694239415,0.001940062060633635,0.1248289053068558,0.01380414362842204,0.06351242844,0.0629221837,0.9907066261754168
CGNX,100,2000,0.9911391983031984,0.0008557893166349999,0.0037605415404121305,0.11498178201551243,0.005633674953389831,0.08935756694999994,0.0807657965,0.9038495480208468
BLD,100,2000,0.995974106454353,0.0008522075196907076,0.0022786166015263637,0.047464587851912626,0.0030085900538617816,0.07381318005000001,0.07039703406,0.9537190243302625
SYNA,100,2000,0.9948305265376873,0.0008510061014585,0.003340560445841794,0.05910776220260537,0.002779609180666796,0.0963440001,0.0963440001,1.0
HAE,100,2000,0.9886983026366089,0.000846992442621425,0.003555953204100064,0.049974681790473645,0.0024917267265579563,0.069737695,0.0633492494,0.9083932211983777
G,100,2000,0.9878800584763685,0.0008440828116808307,0.003027291484463995,0.11330023955316595,0.005285054288250221,0.058385900049999995,0.05026597060999997,0.8609265347790074
NVT,100,2000,0.9917061775766479,0.0008434735098878387,0.003020600603545049,0.09758669183847936,0.004881325284344089,0.0752127401,0.0750769615,0.9981947393510797
COLB,76,1520,0.9926986128125995,0.0008409598510134765,0.0032864840216113673,0.07262674311368156,0.004727632524052347,0.08729700459999969,0.08798972749999988,1.007935242488265
KNSL,100,2000,0.9883806905396773,0.000840271172724,0.0037356148442602823,0.07713044845286744,0.0037396220632891523,0.0739033663,0.06983241483999998,0.9449152093630677
RGEN,100,2000,0.9970682137062736,0.000839099704263,0.002518634329390068,0.04085742054247314,0.003654901722201268,0.11640682,0.1051120867,0.9029718937429955
EVR,100,2000,0.9940769750268286,0.000834200360827,0.0025199958414784257,0.06220489202315654,0.003213646064766939,0.07160204,0.0717372476,1.0018883205003655
XRX,37,740,0.9960687467304196,0.0008333263865481909,0.0024618989386148873,0.05358464649419425,0.0035814140686203136,0.07726122,0.07654016070000003,0.9906672545424473
SHC,83,1660,0.9891277006201155,0.0008327055066262559,0.0036723317964565006,0.09421334561364245,0.004557539282427577,0.06930348,0.06752316680000024,0.9743113448271319
HBI,26,520,0.9927375920260536,0.0008287239440384614,0.0039269929751682125,0.04590346492488512,0.004731675292150383,0.07728367,0.07720101163999997,0.9989304550366199
SLAB,100,2000,0.993957663957722,0.0008264726085175847,0.003367555818315163,0.04183155397106539,0.002060641181707079,0.0881401001,0.08647686289999999,0.9811296197971983
TEX,100,2000,0.9954018965393695,0.000826028982655,0.0026351559212693183,0.06101138509632367,0.002943892178861608,0.08762282065999999,0.08586885675999997,0.9799827957284568
CMP,2,40,0.9975006323272635,0.0008253381575000001,0.0017201425064536971,1.716586577318862,0.07716821375301905,0.05363745986,0.052715679589999995,0.9828146173885572
MASI,100,2000,0.9899373711369369,0.0008251152987379999,0.004316333946741642,0.09916990726700278,0.004329870066205896,0.07420558619999996,0.07420558619999996,1.0
CELH,88,1760,0.9966730055722223,0.0008193645537522726,0.003244875161035639,0.051013928443780616,0.003183830835857739,0.13742661,0.13510756150000008,0.9831251858719362
OMCL,27,540,0.9960784540301217,0.0008191023362222222,0.0024233019552626677,0.18093782254162813,0.009629892164273908,0.06987261,0.06987261,1.0
CHE,100,2000,0.9877201679711969,0.0008156572950018501,0.002741308180085203,0.09968238926737377,0.004593989882340258,0.05883528707,0.05208926074,0.88534047055853
ALK,27,540,0.9870398153643536,0.0008136813494444443,0.005216610638685283,0.17073664954908963,0.0075346254914822625,0.10639801385000003,0.10639801690000003,1.0000000286659487
LFUS,100,2000,0.9921521462587081,0.00081258846392,0.002795440053212355,0.025074036202116845,0.0029313788061925954,0.07077033,0.06665689505,0.9418762785195434
ADNT,61,1220,0.9974468392831919,0.0008092523531172131,0.002132150504798286,0.0052613176340500145,0.001472156361718067,0.09095315669999995,0.08865652985999992,0.9747493443512331
CBT,100,2000,0.9945725554437052,0.0008084289416544415,0.0022110856275686435,0.06939253817603894,0.004833043158894879,0.07336092620999998,0.06860801305999999,0.9352119255365656
SWN,51,1020,0.996670840678248,0.0008057975340421569,0.002278340530861366,0.08475691005894784,0.007010791042330344,0.07854503,0.07854503324,1.000000041250223
HGV,74,1480,0.9934228595115591,0.0008049674408878378,0.0027459622905467718,0.06670482016219881,0.004469203578566045,0.08170458086000011,0.0786431521000001,0.9625305126374035
APG,15,300,0.9950257340735733,0.0008044173632333335,0.0015368508026559998,0.4344805765750236,0.037632100631319554,0.04878284111999992,0.04873312895999996,0.9989809498819949
EWBC,100,2000,0.9943137915231088,0.0008037816854460534,0.0025556250937155242,0.02467958918179778,0.002809693936142584,0.08539938009999999,0.08388907173999999,0.9823147620248358
ZION,47,940,0.9907704869933007,0.0008025210222234043,0.002962646001607769,0.12180157702901319,0.00706176651121333,0.06324304500000004,0.06335507500000001,1.0017714200826346
CMC,100,2000,0.9942720254547726,0.0007978682074938306,0.002459461638248164,0.09581858195355923,0.004144038057941807,0.0633568601,0.0633568601,1.0
LEG,59,1180,0.9959677199090496,0.0007915988860610169,0.0019005930912929507,0.07073719065761996,0.005624489262241686,0.07512881,0.07431043705000004,0.9891070689127118
EXLS,84,1680,0.9925028654700353,0.000788647426871923,0.0025820190312849517,0.10012996349662964,0.005527299408165301,0.07190381,0.06686466,0.9299181781883326
PEB,26,520,0.997369690706899,0.0007867763885625001,0.001977106511475857,0.06106947148274696,0.008569894529772512,0.07498401886,0.0742942485599998,0.9908011025484238
SABR,21,420,0.9983541433453152,0.0007833415025238095,0.002685112578624026,0.0132563725257822,0.00407002936536554,0.1211563881,0.1211563881,1.0
ENV,42,840,0.9955988849470904,0.0007827398947385446,0.0020326796607188216,0.13823273093157212,0.008386582077019368,0.0789716886,0.07458539035,0.9444573323964608
UMPQ,24,480,0.995475906443384,0.0007797488903708333,0.001883619763079186,0.09221617862545661,0.006907064323356959,0.05826797394999991,0.05737543989999999,0.9846822535692452
POWI,96,1920,0.9951144770824552,0.0007794063309999999,0.0025980345432063,0.0462847041736263,0.0026182681639706357,0.07728366924,0.07697393825999992,0.9959922842296962
XRAY,46,920,0.9917551548143658,0.0007768146896815217,0.003660849600199952,0.14521793574390002,0.005183376540854146,0.07794407,0.07679904275999994,0.9853096298409864
TPL,5,100,0.997067556902678,0.0007762445354600001,0.0017240078990037027,0.16549353526311456,0.050186963588564226,0.068481304,0.06849875536000001,1.0002548339324848
NTNX,10,200,0.9910832753542528,0.000774487423,0.0039632311996954305,0.11144960533518343,0.009069291404221596,0.07001347214999988,0.0729231959999999,1.041559485062619
IAA,27,540,0.9914675770637414,0.0007731251953123655,0.0033650268560756606,0.13985775018697022,0.007636216215664637,0.0722235561,0.07172901050000002,0.9931525720041362
GPK,68,1360,0.9879509880982732,0.0007727581852222058,0.0031299290077687033,0.10882129293364254,0.005164838108179481,0.05762497397000007,0.0562070871000001,0.9753945768246571
CIVI,61,1220,0.9951860884569664,0.0007712497296557377,0.0033155246521453926,0.12744180242340553,0.005296646881325967,0.10964483394999962,0.10873565525999936,0.9917079660094623
IPGP,91,1820,0.99332334476796,0.0007711421517206593,0.0030090106775501604,0.10432398261982567,0.004550644238472685,0.0815261581,0.0815261581,1.0
SKX,90,1800,0.9889471468263574,0.0007658658449058378,0.0037373892136809868,0.10154951910717626,0.004116586545309091,0.07240669424999994,0.07240659810999994,0.9999986722222165
CHWY,37,740,0.9942617165325875,0.0007613887478513514,0.0032025715666601814,0.23663024868881646,0.011729579615390827,0.10563669420000038,0.09191567445000007,0.8701112349841003
MUR,100,2000,0.9969285361098779,0.000760777623675,0.0022280874369493804,0.021356951938600797,0.0020247419955299216,0.09356356,0.09356356,1.0
WMS,74,1480,0.9931562776381924,0.0007584023523418919,0.0027413003449730123,0.08122935652981848,0.003671476375897363,0.06644364,0.06593463510000003,0.9923392983888304
LIVN,100,2000,0.9928365097375665,0.0007552278104942923,0.003127311285260994,0.1001040412617703,0.0040461390030964925,0.09415576006000001,0.07796431749999996,0.8280355599096414
OVV,68,1360,0.996232459971685,0.0007511270726085181,0.002135882460309159,0.05423584735827235,0.002990149819844335,0.0649951029000001,0.0644749359,0.9919968278102365
NYT,100,2000,0.9902369570347911,0.0007509299489486038,0.002642338466498451,0.12361036686891726,0.006017086294461316,0.05903969499999997,0.05857267002,0.9920896444332924
VAC,96,1920,0.9945179433064495,0.0007507632322270834,0.002880482828264029,0.08695491833903807,0.003684054702399896,0.08982089969999955,0.08252865,0.9188134418119217
SLG,26,520,0.996980298339859,0.000746847481023077,0.0019150204090228713,0.06267209536348617,0.008959128078818986,0.06396504604999981,0.061778549059999965,0.9658173154711603
ENSG,39,780,0.9921886158890781,0.0007454696918102071,0.002333507613019562,0.17442622378223877,0.00925262603645007,0.07325126194000056,0.06869035830000009,0.937736176562579
GNTX,100,2000,0.9913244156714893,0.0007446713247953123,0.002460051997164561,0.11794705244609255,0.005330365876972163,0.05222004,0.05069669574,0.97082835899781
SLM,100,2000,0.9935513521658843,0.000743947191848254,0.0026468889974811186,0.07768503678982615,0.003627844565508847,0.06415423,0.06415422009999999,0.9999998456843763
UMBF,100,2000,0.9948765293634716,0.0007423465156700846,0.002215953576270661,0.03938597491237736,0.0031967293571849853,0.07188696405,0.06799375709999998,0.9458426572682614
COLM,100,2000,0.9934906924872554,0.000737797292562,0.0023740766752004773,0.07125871551883341,0.003478237291776057,0.05698195133999999,0.05697505544999999,0.9998789811538946
EEFT,98,1960,0.9925958686812797,0.0007313343020193877,0.0027429024774606133,0.06255422963499103,0.0030602695988654303,0.06839137500000002,0.06799137765000013,0.9941513480318258
KEX,100,2000,0.9897398192037271,0.0007252844456111231,0.0032308068337814945,0.08330532169777607,0.0032724026409509032,0.06275797,0.06275797,1.0
OC,100,2000,0.9951813025242648,0.0007246116519983934,0.002160194172409217,0.064345370086403,0.003287090800784956,0.07233095884999999,0.07099342754999999,0.9815081768406558
NGVT,32,640,0.9971126356814805,0.0007229776273343751,0.001781752432041498,0.06659319087513711,0.004576727053157626,0.07181367844000018,0.0680529308400001,0.9476318762428781
H,61,1220,0.9907787207882349,0.000719543251454376,0.0027674512349987338,0.14907229790439996,0.006339434956637165,0.06848308869999994,0.06866439885999999,1.0026475172694722
NBIX,100,2000,0.9905387188344111,0.000717064402893,0.00304215526778308,0.052476007625059724,0.004162240156301907,0.06771254,0.06411660223999999,0.9468940648216709
RBC,63,1260,0.9943302317820263,0.000715890683118254,0.003077877702725344,0.1609817379555234,0.007022234876944215,0.09490726734000111,0.09490725790000111,0.9999999005344873
ASB,97,1940,0.9943745788308429,0.0007129582388576016,0.0021823094368771633,0.04567796317914803,0.0024445624708933633,0.06371869968999958,0.06115442227,0.9597562813981587
HAIN,16,320,0.9974299424340443,0.0007110205189781249,0.0016993094120137972,0.14876402579306316,0.012792668850638697,0.07586939,0.07509766080000001,0.9898281876261298
APPF,46,920,0.9884097572212438,0.0007090025562391305,0.004081554745712711,0.07949289268355633,0.004220716274921312,0.09301998905,0.09183999119999967,0.9873145776294806
SRCL,63,1260,0.9924566720879072,0.0007081095563492062,0.002460126368764292,0.08859459964232957,0.004703364925417959,0.05107831623000063,0.05107831623000063,1.0
BRBR,97,1940,0.9911635313311348,0.0007041078760998254,0.004008333702501271,0.04526044558704324,0.002736495835280785,0.08619271,0.08523729579999975,0.9889153711491349
ROIV,46,920,0.9955165218349299,0.0007033799749456521,0.0019290296612394903,0.14142041257067686,0.009416626790252397,0.06206371243,0.06161505572999994,0.9927710302456352
SAIC,100,2000,0.9913352970259992,0.0007026397677465846,0.002934815083099124,0.13363580063423167,0.006417926294619283,0.0685995429999999,0.06854945209999995,0.9992698070889487
DECK,53,1060,0.9936043001337369,0.0007018073401981133,0.0029955378168643417,0.060663644674166226,0.004546193595536088,0.07857489485000103,0.08292414180000043,1.05535161018417
WTFC,100,2000,0.9937462412075926,0.000701701318622,0.0022803135088304938,0.0468305594483048,0.003039469115609898,0.061519852099999994,0.0622556627,1.011960539157408
LANC,85,1700,0.9865235155983935,0.0007015738370270588,0.003197015564127437,0.0937268778973871,0.004542064426376034,0.05053254105999999,0.05053254105999999,1.0
CRI,65,1300,0.9954598254802213,0.0007003249020635856,0.0020360068143429042,0.059780645828989856,0.0035513702028656664,0.058050536,0.057632064979999995,0.992791263460513
TKR,100,2000,0.9951886216791501,0.000698731051035,0.0020114662463096796,0.052991427052580795,0.0027228480496291688,0.063530505,0.05928893995999998,0.9332357732714384
FLS,100,2000,0.9917824937009049,0.0006983514820085,0.0029903165273142537,0.06729380329177899,0.002985285873395645,0.0673980484,0.06738902009999999,0.999866045082694
DLB,63,1260,0.9902053258697675,0.0006973266552449207,0.002307577564160976,0.14156850004894012,0.008654800700549404,0.07068336430000022,0.05806689682000002,0.8215072583917719
COTY,100,2000,0.995705883703561,0.0006958700314761885,0.0024441640562792143,0.06234407851172892,0.0028860986040668353,0.08040720009999999,0.0804072,0.9999999987563304
TWLO,10,200,0.9933706890969766,0.00068358427465,0.0033991042521004816,0.12497928203209012,0.01259294821398529,0.09158756799999998,0.09277795529999992,1.0129972585362235
NEOG,73,1460,0.9974935074963904,0.0006810337530513698,0.0018634119635894042,0.040842179551815704,0.0028810521792514577,0.08187877164,0.07885787060000005,0.9631051983378295
KBH,100,2000,0.9975162653669141,0.0006809386802440001,0.0017082323471287427,0.02239049641630096,0.002389882654014748,0.07206785,0.07183856005,0.9968184155625567
ST,63,1260,0.9927499230172034,0.0006799196483382296,0.0031057603146315265,0.08560265756955068,0.004117346767611486,0.0810226441,0.07971148,0.9838173128689588
MMS,100,2000,0.9912480977634067,0.0006794573683175849,0.002301049309545492,0.08664317913184816,0.0039559663065744455,0.046611853040000005,0.04685273341,1.0051677921878215
LECO,100,2000,0.9922141015730491,0.0006793818126622923,0.00216630145485031,0.13493640717675615,0.005912626640510848,0.04746122622999995,0.049319536419999976,1.0391542810334176
CASY,100,2000,0.9895574597117317,0.0006775858260295,0.0027325276393961075,0.14499347150833505,0.006503103591502746,0.062238447,0.055669263649999995,0.8944513613908135
CHDN,100,2000,0.9904266013524188,0.0006769200934092923,0.002719851848941069,0.02768738274839498,0.0018098910159798488,0.063212745,0.06224662019999999,0.9847162973226363
RBA,41,820,0.9929719183781381,0.0006728216702176731,0.0019702218325146187,0.1467080614539466,0.00853536990791089,0.06565433,0.05224871753999994,0.7958152575770698
UNM,100,2000,0.9913891848958818,0.0006625325727209386,0.0026758815354847873,0.09469738299675372,0.0038435704852258596,0.068862654,0.058085698139999906,0.8435007186914392
SSD,100,2000,0.9955001050125892,0.0006585124412755001,0.0018886300856130293,0.07895913414144096,0.004590961057439962,0.06380125313999994,0.06149762556999999,0.9638936939852095
BC,100,2000,0.9957198104977646,0.00065164922219,0.0023101222793846018,0.05191437504250653,0.0022600764410815816,0.07906375689999998,0.07722562739999995,0.97675130082264
COKE,89,1780,0.9924070371837675,0.0006489111832146067,0.0025434026194885153,0.11698707347842628,0.004760479668386023,0.06562074834000013,0.06407288554000021,0.9764119910370421
ASH,100,2000,0.9945191547497337,0.0006474070740082925,0.0022069099745546956,0.050570709891732527,0.00523464911560053,0.07631317005,0.07335501039999998,0.9612365775388199
WTS,98,1960,0.9944877294731834,0.000644833117069898,0.001844433391673108,0.12152652545611704,0.004889390464939031,0.058335327,0.05739132535000004,0.9838176676373143
WSO,100,2000,0.9953814803471369,0.000644788935514,0.0018298196955279225,0.01583771029159089,0.0023758264361501543,0.0559933,0.055579890399999984,0.9926168023674258
WH,100,2000,0.9939654215071707,0.0006436356890542461,0.002115929378462169,0.08255373355169454,0.004040001751025071,0.0552083963,0.055237403369999966,1.0005254104799992
ASGN,100,2000,0.9961955283093945,0.0006426779475139999,0.0019412595046667158,0.047940753769053976,0.0031706768806122605,0.06038995505,0.060389955,0.9999999991720477
VOYA,100,2000,0.9949842877452952,0.0006426714826725,0.001869008959677985,0.04749014424688389,0.00314457668550067,0.0632534008,0.061717976399999985,0.9757258205791204
CABO,54,1080,0.9977012494449572,0.0006418141936907408,0.0015612116147909031,0.07134205481708719,0.007628623136641301,0.06660106976,0.06845774614000001,1.0278775759412067
MLI,36,720,0.9923451028138743,0.0006411323671944444,0.002273010571639489,0.11358477021485902,0.007966759478117291,0.04811544943,0.050905116059999915,1.0579786048566047
TLN,10,200,0.9982506701761172,0.0006393024011500001,0.0018960283733633527,0.3064054709951947,0.014824800601678826,0.11132953369999993,0.11132953369999993,1.0
PK,100,2000,0.9954951439107905,0.00063760135025,0.002296412883478079,0.0671920385196468,0.004056885584478205,0.07228302495,0.0701653501,0.970703012893209
PZZA,37,740,0.9976591001296522,0.0006374795406202703,0.0016071628582303248,0.09023788967478674,0.00645720003031369,0.063081856,0.063013361,0.9989141885742867
UFPI,76,1520,0.9963451690330629,0.0006361099666709413,0.0016958577438114023,0.10406159156662079,0.0037089788961388852,0.061708369049999996,0.06021249754999999,0.975759017406732
PNFP,99,1980,0.9940938308370014,0.0006344382277040404,0.0025956171635050907,0.08376846451519349,0.0047727368629572955,0.074028805,0.07409692140000002,1.000920133723623
SIGI,100,2000,0.9880555493153945,0.0006342042154685,0.003272546053175059,0.10650649241956475,0.004913902705483954,0.049079746040000004,0.047547098,0.9687722907377945
PLNT,68,1360,0.9942550832222085,0.0006340482193632353,0.0025306843570642203,0.1465547400908066,0.006548858006336611,0.06037313,0.05978577556000008,0.9902712607413279
RS,100,2000,0.9928320302316351,0.0006323330891395,0.0022027485473263965,0.0714868397773667,0.0034227290961332335,0.05411028022999999,0.052945733040000005,0.9784782635563892
MORN,63,1260,0.9925601108358911,0.0006319763809236507,0.0021064664783834574,0.17702376619768273,0.009326497117050157,0.06363134455000011,0.05850619543000016,0.9194555897530545
DAR,100,2000,0.9977116495642719,0.0006319706240885848,0.001810459540768107,0.03716082501399369,0.0024866539389881274,0.08222908,0.07514652624,0.9138680165216491
BYD,100,2000,0.9930382535194596,0.0006316449101618308,0.002358277987751841,0.11427090929056037,0.00452698626552024,0.069227174,0.06642983533999999,0.9595918986957346
THO,100,2000,0.9949379545605196,0.0006310123241473001,0.00277029200619894,0.13439428783988713,0.005178752593779217,0.08081762505000001,0.08055876475,0.9967969820959245
HIW,37,740,0.9972409678972296,0.0006274852550062472,0.0015583744212790526,0.04148582505236238,0.005899269455582859,0.06240420244,0.06240420244,1.0
TCBI,100,2000,0.9954656520946147,0.0006272352599349999,0.0021666136386218125,0.0788320295515931,0.003504133133472939,0.07081971009999999,0.07081971009999999,1.0
ARW,100,2000,0.9924773829603317,0.0006264368789976693,0.0022843561251139335,0.08688333002648471,0.003908839065284522,0.053595115980000003,0.053594950040000006,0.9999969038223546
AXTA,74,1480,0.9927516196949013,0.0006255283072544141,0.002208462969002272,0.163124624603039,0.007468775598968245,0.05975248499000002,0.05946620760000001,0.9952089458698175
ALLY,63,1260,0.9950894102021084,0.0006254564807328908,0.0020889957375465505,0.10293854163074076,0.004736326677451705,0.06608054,0.06489190830000016,0.9820123791361295
PRGO,96,1920,0.9920947890580607,0.000624269080828125,0.0028763505917288714,0.0700023416829792,0.003431891643692118,0.056911286,0.05691128524,0.9999999866458825
TPX,69,1380,0.9971705038436252,0.0006238771694927537,0.001948777802226575,0.055634983618325355,0.0036888694369338493,0.07670339,0.0765445684,0.9979294057277
KMT,26,520,0.997469074134295,0.000620472590423077,0.001720178643910414,0.053189509848266876,0.005931333944072111,0.06230971524,0.062017149629999914,0.9953046549984508
VNT,100,2000,0.9939969608211455,0.0006184076963923306,0.002117915909943963,0.12217207934736146,0.005718155119850599,0.05871362198,0.057398317549999994,0.9775979681436099
CADE,99,1980,0.9963808056673971,0.0006172683779863636,0.0019035784057962483,0.030575688256694468,0.0023921882932951993,0.06760019730000003,0.06686046150000002,0.9890571946599925
KBR,100,2000,0.9923143036291213,0.0006151857481035694,0.002429944912424504,0.09723193048297424,0.005672314608267806,0.060768887479999964,0.059881155709999995,0.985391673160182
CSL,100,2000,0.9944237381620818,0.0006116158388475,0.0021904835424912694,0.14257445131276453,0.00610805907367787,0.06327222896,0.0627266056,0.9913765743839223
STOR,23,460,0.9875029516347941,0.0006109146359404728,0.0039647643684684285,0.1300359660580771,0.006402709733845654,0.053050857489999874,0.05224209864,0.9847550277551625
JBGS,26,520,0.9969357759754771,0.00061021779925,0.001508965319413312,0.05981708475564644,0.007780842789223644,0.04465954962,0.044659548,0.9999999637255634
LAMR,100,2000,0.9930445855539192,0.0006097870579513847,0.002107930148582772,0.10198342965929734,0.004685917317597385,0.05258275,0.05204691244999999,0.9898096324364928
JHG,100,2000,0.9956952890055574,0.0006097688397228115,0.0018977993338802348,0.06521990897124857,0.0041289090263324875,0.06282653,0.06259622406000001,0.9963342565632705
KRC,100,2000,0.9966562421441505,0.0006083443133425001,0.0018579934078095986,0.04308125891939846,0.0038864142528531624,0.072295755,0.0719743193,0.9955538786475084
IBOC,100,2000,0.9952725756118775,0.00060699948254615,0.00172651798422895,0.04638457675176536,0.002630248204797854,0.05611783,0.05398343797999999,0.9619658846395164
CBSH,100,2000,0.9949880775260842,0.0006038508975533501,0.001571588125855143,0.042118504114500806,0.003418553471987967,0.04747333899999997,0.04781100549999999,1.007112760701328
CBRL,26,520,0.9968915617262228,0.0006027661275538462,0.0019877196643967466,0.1433567157778071,0.006278611630698369,0.06090129,0.06116143769999998,1.0042716287290463
LPX,100,2000,0.9952220914046135,0.0006026308567777,0.002332633061733364,0.07886830527096325,0.003297678046680882,0.07262889375999998,0.07213076723999999,0.9931414827596572
WU,92,1840,0.9937360824860222,0.0006021636704810705,0.0020864601566439713,0.07898418089184164,0.003521739991135175,0.05832333677999995,0.05632119183,0.9656716323081412
MAN,90,1800,0.9932422153384259,0.0006019572657515726,0.0024905569228699125,0.049111743357918944,0.0024410976159902507,0.06523289005,0.06476465464999999,0.9928220963437137
DBX,68,1360,0.9885923710801272,0.000601842148657486,0.0034858807169281794,0.16304553536733699,0.00589761652450545,0.054318294,0.05353810868000011,0.9856367852790094
MTX,14,280,0.9968130336549367,0.0006008281845101095,0.0014875494301630414,0.10432369144640677,0.012145922514002552,0.05022346622999995,0.04940205424999993,0.9836448568436448
HXL,100,2000,0.9937705785034049,0.0005996096793920001,0.002228714608723985,0.13902225201665272,0.005440222402217431,0.05642380442999992,0.05734697741999997,1.0163614098575249
UBSI,100,2000,0.9959093785655405,0.000598537899836,0.0016289351231368791,0.03209751341419895,0.0027758237690449833,0.05405444619999999,0.0531564967,0.9833880547646793
VC,100,2000,0.9973975445021626,0.0005982370143445894,0.0016998737142127182,0.02421399884600877,0.002381833305072867,0.07068849944999998,0.07163843199999999,1.013438289925392
HLI,53,1060,0.9916170582040729,0.0005946650885349057,0.0021349416736726446,0.13924119423058193,0.006264700310408158,0.04799333742000002,0.04832385564000009,1.0068867521570262
CNX,100,2000,0.9977457715953284,0.0005944711892679728,0.0014948488770083722,0.03400534697119457,0.0032647976173167345,0.06753062,0.06634794,0.9824867593396891
SNV,97,1940,0.99533492695313,0.0005943761011821729,0.0024730625832392475,0.08226590789807672,0.004180088027445697,0.08054696383999974,0.08136196009999994,1.0101182741241386
PII,100,2000,0.997191658881828,0.000593127311315,0.0021003284849493062,0.059242286942843586,0.0025306585497442574,0.0961243701,0.09368728039999999,0.9746464949786963
BURL,58,1160,0.9948559125965939,0.0005912095554620691,0.002848912148208894,0.08466513571540192,0.005510912913089888,0.09873556409999999,0.09180751966000039,0.9298323303953292
HOMB,100,2000,0.9951816788167569,0.0005905688900754154,0.0016903566339419099,0.03209305954293582,0.0029210364729929466,0.05329858,0.05329858,1.0
TTC,100,2000,0.9951986319136181,0.000589416613868,0.0019496947760064766,0.0700393197939123,0.0032662554257285163,0.067580886,0.06320300679999999,0.9352201567762811
UNVR,36,720,0.9952307926831091,0.0005859686938291666,0.0020175050360386492,0.06479885673005473,0.005566719583783049,0.0646517553699997,0.06092029755999994,0.9422837355514206
AZPN,72,1440,0.9958234914094294,0.0005824098451076389,0.0019211481244098317,0.08972888386426046,0.004912157036090298,0.069463484,0.06766885014999983,0.9741643559082039
TMHC,100,2000,0.9974723559856875,0.0005802259078015,0.0016294224348136139,0.004374262540426424,0.0011854507010776068,0.06748545804999999,0.06718983650999999,0.9956194779061739
PCTY,100,2000,0.9966179766709415,0.0005785324092186998,0.002072727997588112,0.07146019924961003,0.0028919634849257766,0.07269731259999998,0.06925250639999998,0.9526143941667522
CYTK,47,940,0.9984421687566699,0.0005776833510425532,0.001699195051309866,0.02988462461923543,0.004133485690869201,0.09687635,0.09410231200000004,0.971365168072497
UTHR,100,2000,0.9929736062893445,0.00057683264896,0.002603335845494841,0.07332713647713855,0.003742159757129007,0.06333670670000001,0.061551330799999984,0.9718113556415774
WFRD,63,1260,0.9976405560084446,0.0005765479239149449,0.0020663488961942386,0.058950480926985044,0.003456830370773289,0.08992289680000017,0.08951523790000009,0.9954665728695689
VVV,100,2000,0.9958863784253618,0.0005761448334548388,0.001793915886293827,0.08150296539321661,0.003619621659852678,0.06452033,0.06271625559999999,0.9720386675021655
HQY,100,2000,0.9956742707456789,0.0005725349229700847,0.002323063881145589,0.048072956245593185,0.003417306209646926,0.08583811,0.07960379771999998,0.927371277396485
R,100,2000,0.9943424775579716,0.000571531768279,0.0024391222820030847,0.13418261604176202,0.006800971791949267,0.07177072,0.06824797603999999,0.9509166975056123
WLK,80,1600,0.995525953272761,0.000571145718696875,0.00219264731495703,0.0461838098006533,0.002539549153751733,0.07311381406,0.07155794085,0.9787198461740323
AYI,100,2000,0.9948795801942202,0.0005697325958005767,0.0020933336427026426,0.1042386599824961,0.004936887690314133,0.06205493496999999,0.06111373224999999,0.9848327498779104
BMRN,41,820,0.9907229189431359,0.0005679621093414634,0.003138809311907797,0.1567225257127054,0.0067608615130140305,0.06054851271999975,0.059723009319999805,0.9863662481055909
FSLR,22,440,0.9982867553764371,0.0005610908090454545,0.0018389331660901868,0.06893917595892143,0.009686872987828546,0.0907040561,0.09023140730000002,0.9947891106492648
NUS,21,420,0.9977981381684692,0.0005607156132075461,0.0015433823033971046,0.09991954596481217,0.006960883361576713,0.07885922355000001,0.07301343675000001,0.9258706016006671
MUSA,100,2000,0.9936878992013972,0.0005604088678,0.0022084346812763916,0.081112210415293,0.004280655834737106,0.053920712040000006,0.04926909677999997,0.9137323102011463
FFIN,100,2000,0.9965342085977765,0.0005554931900453115,0.0016375514106417288,0.032023270338817605,0.0028582281534899868,0.06343844054999999,0.061668487019999996,0.9720996683610944
REXR,100,2000,0.9966207172881315,0.0005551430021108629,0.0014625140964364101,0.058318583307625516,0.0033244312905537114,0.05201670009999999,0.0527770641,1.014617690059889
RYN,100,2000,0.9951001074538881,0.0005532280143825,0.0016964447274463725,0.07344458184822017,0.003537955139682162,0.04736401505,0.04713233223,0.9951084632551648
LSTR,100,2000,0.9953062111736195,0.0005522434584582541,0.001615235228730108,0.06809812959504956,0.0041402156926576075,0.04682280177999993,0.04735243724999995,1.0113114860680177
LEA,100,2000,0.9968349375142314,0.0005504840323705,0.0017102681373014118,0.03284226740206629,0.00292840589140021,0.06688940255999999,0.06688940255999999,1.0
KRG,100,2000,0.9968439187439723,0.0005498955687296366,0.0013599264052949218,0.027103479311994555,0.0032392012860299677,0.05057663505,0.05057663505,1.0
CFR,100,2000,0.9956264715852745,0.0005461813062284999,0.0018645228494795917,0.051821047682334864,0.002373623290287701,0.06904901006,0.06610797839999999,0.9574066064459953
ORA,90,1800,0.9968918500299905,0.0005459095030273376,0.0014385892036670467,0.017313463680392837,0.0026142005355816907,0.058655046,0.058655046,1.0
MTN,63,1260,0.9961334027998713,0.0005443101246392858,0.0019302104837041905,0.17756100636727518,0.009323104073002252,0.08317565,0.0803766364,0.9663481607898465
ARMK,74,1480,0.9909812109357189,0.0005437355903798441,0.0022974346663535007,0.14897967941992488,0.006797347982169182,0.04779216404,0.047792159300000005,0.9999999008205614
NSA,100,2000,0.9971006757423103,0.000543451891186,0.0013987397588623096,0.03719813609689429,0.003952195503915535,0.05782920334999995,0.057773285,0.999033043051596
MSM,100,2000,0.9945350130915351,0.0005424957791566,0.0017104861599944454,0.13819766600170558,0.005791570965169999,0.0533681113,0.0531436587,0.9957942562602923
SNX,100,2000,0.9936422424020719,0.0005410405132877501,0.0021522363509459694,0.094371482077898,0.005466099347111654,0.056846596,0.05573380978999999,0.9804247520819012
TRU,10,200,0.9980338318145563,0.0005406745955,0.001664298594848036,0.21226482598537685,0.012966127320831203,0.05140657669999944,0.05131916706999952,0.9982996411040939
ATR,100,2000,0.9930726257721668,0.0005390173966926692,0.001714223134805072,0.11655481634363277,0.0054275690789079775,0.04470682489999999,0.042813088819999984,0.9576410070669097
CAVA,26,520,0.9958983274023369,0.000535413662851923,0.003073359355744063,0.10824098400587938,0.005547606036454364,0.11535855324000001,0.1118648311999998,0.969714234949431
SON,100,2000,0.9941404946461604,0.0005352148515334001,0.0017670912573848128,0.04031522130412647,0.002714660928543622,0.05010349827,0.04893346683,0.9766477096330703
HUBB,40,800,0.9972218138525115,0.00053302258599625,0.0013085817548521346,0.07166668908707799,0.008645718395711197,0.04890026,0.04890915679999999,1.0001819376829488
LSI,35,700,0.9966390415373441,0.0005329550653142856,0.0014474125159822555,0.03615660915727344,0.003948238666344527,0.04384657047999996,0.04384451451999996,0.9999531101297664
OLLI,100,2000,0.9981430801352462,0.0005296371161335,0.0016291723364845606,0.03041835484569551,0.0024539809934710386,0.08927278529999999,0.08353394,0.9357156239640706
AMG,100,2000,0.9947655544106001,0.0005285377202074999,0.0019406656078615266,0.07708296529286701,0.0031994894554234973,0.05382727629999996,0.05530162029999999,1.0273902768511443
ACI,28,560,0.9939044395001785,0.0005283689983821429,0.0018834169304857238,0.10737175013915212,0.007047953446035038,0.051935641229999996,0.05215074539999998,1.0041417447615095
VLY,100,2000,0.9968643471387673,0.0005243158929997868,0.0019371832106563696,0.027284050351874825,0.001662484040772481,0.07935827,0.07435677669999999,0.9369757770677207
CATY,37,740,0.9979198983981864,0.0005233865525135135,0.0013156205503391909,0.03596650478033223,0.004271098517910933,0.067491874,0.067491874,1.0
CRUS,100,2000,0.9941356766492777,0.000521199544346,0.002430625799430245,0.050835265379790516,0.0022626545914799,0.0735117538,0.0735058479,0.9999196604665961
OHI,100,2000,0.9946795818455982,0.0005201864471719768,0.0016286390385134527,0.050467503261812124,0.0034527343388852678,0.047866277,0.04248659620999995,0.8876102106290813
DT,86,1720,0.9951223854461518,0.0005201568299974775,0.0021667267270000182,0.08175482429726273,0.003612857319545114,0.06275699776999998,0.06336512400999997,1.0096901741894782
AIRC,56,1120,0.992181156667219,0.0005178655897173215,0.0020937357585610232,0.01856060590454432,0.0015787848804621253,0.04292734384,0.04102057498999997,0.9555814853789465
BWA,4,80,0.99600536502168,0.0005176451287500001,0.0013435861310177682,0.13381936966875208,0.04027592570628902,0.036811353769999985,0.03709458219999999,1.00769405091075
MTDR,96,1920,0.998208712902461,0.000517075847765625,0.0017472745681798027,0.06262038765971202,0.0029266347523835673,0.0916749096599999,0.09108180659999994,0.9935303665724936
SLGN,100,2000,0.9893127483744395,0.0005158700039002076,0.002848032999717959,0.09752647906196125,0.004547629589880339,0.05248332808999999,0.05142669211999999,0.9798672071979115
ALV,74,1480,0.9964080661788779,0.0005135855071088099,0.0015150514643162243,0.03835857693733723,0.002294422142700153,0.05487399766000014,0.05452048660000008,0.9935577673383591
RGLD,100,2000,0.9972936851128608,0.000512699425015,0.0014168946865685142,0.04054915286409631,0.0030039677775257146,0.06284996365,0.06262184816,0.9963704753869018
NDSN,3,60,0.9972174775694517,0.0005116606816666667,0.0015505062857249544,0.41949590654179997,0.03203258766204879,0.06706564659999993,0.06279833625999998,0.9363711444481927
GBCI,100,2000,0.9973183091860374,0.0005113985839251693,0.001627392892653037,0.038263018764428364,0.0022668545102187566,0.07333848346,0.07284775304,0.9933086914693613
AVT,100,2000,0.9956020388870227,0.000511044042155,0.0016885889394619344,0.04172549267411489,0.0033889298083850617,0.057730533,0.057730533,1.0
AMED,89,1780,0.9946343181690572,0.0005102723045717414,0.0018592514896756144,0.03663164293516791,0.0032636944919710283,0.05608539502000001,0.05632611116000006,1.0042919576462679
AFG,100,2000,0.9946752934266659,0.000508261008268623,0.0015048065700948672,0.07846930708597422,0.0045788695148172446,0.04462428,0.0446265822,1.000051590748355
HRB,100,2000,0.9961166162049013,0.0005033705585536912,0.0016859567409880567,0.0689754069785162,0.002918448186143958,0.05434318833,0.05344741812999999,0.9835164216983291
RGA,100,2000,0.9964225246967198,0.0005032607048473499,0.0014650581842346557,0.08607947206973438,0.004784413812231197,0.06354126885999997,0.061213493019999995,0.963365921364763
ERIE,24,480,0.9966717402682486,0.0005018227408958334,0.0012821861987641933,0.21873444241397932,0.013087460633722337,0.059350357679999834,0.05559699905,0.9367592921640527
DCI,100,2000,0.9944196913885752,0.0004972521303236039,0.0015356788962802136,0.0842522243592618,0.004704717593331305,0.04228887316,0.041955845,0.9921249223468314
VAL,74,1480,0.9986345492290662,0.0004967417346108109,0.0014881836733697236,0.00605529627265369,0.0018155679579044707,0.082253635,0.082253635,1.0
NLY,86,1720,0.9965791504528592,0.0004958205692030215,0.0015434347638584693,0.11140676246627691,0.005422388773096429,0.0733045581,0.07167952585999993,0.9778317708731938
TOL,100,2000,0.9980766393409796,0.0004955690759200001,0.0014040795405387107,0.05641725566140775,0.0031553206490808165,0.06973708139999998,0.06931265589999999,0.9939139193743203
ALTR,14,280,0.9949634484594599,0.0004928730694285714,0.0016853428699941506,0.03887020966555785,0.011490858452847544,0.07950952639999995,0.07895915,0.993077855888223
ESNT,100,2000,0.9967395728301124,0.0004926980204978846,0.001258647128685318,0.03233578677515677,0.002741375554674372,0.04787308763999999,0.046205925009999996,0.9651753686217847
WMG,41,820,0.995840179655708,0.000492103812065947,0.0014707542889844597,0.12909415152214823,0.008890464217105157,0.05736011544,0.0521520639199999,0.9092043054646946
MTG,100,2000,0.997052846630894,0.0004912042211565537,0.0012327718935897316,0.016130986312104027,0.002434269828192277,0.04933826,0.04817390343,0.9764005343925788
CMA,34,680,0.9940895513348985,0.0004911919970441177,0.0023631393393828107,0.16629425917276497,0.007927402688980257,0.071458966,0.06787691166000016,0.9498725696646684
PPC,96,1920,0.9920037293546413,0.0004905281549587859,0.0024998952380209617,0.06497029064285278,0.0032126425886603504,0.05513360243999988,0.055203205809999996,1.0012624491584032
SF,100,2000,0.9962876332974017,0.0004901637401518307,0.0017325042286280726,0.08705477329910355,0.003759653660194314,0.06647445,0.06647444505,0.9999999255352996
NATI,39,780,0.9955132518539356,0.0004873446316337667,0.0015974542952777932,0.03545252161741937,0.004721772047624135,0.055813380850000364,0.05419444187000026,0.9709937123438009
CHH,100,2000,0.9955042809787108,0.00048108639749965004,0.0017225651427255062,0.08775587387509579,0.005157956905885844,0.05322616005,0.05322616005,1.0
RYAN,41,820,0.9959872820118828,0.0004709169359756098,0.0018311925729814435,0.0799112007794281,0.0063914674653764315,0.07504393234999994,0.070279896,0.9365167016064564
FAF,100,2000,0.997585779844703,0.000470761877857,0.001198284405807104,0.01862365607403796,0.0030346898989955036,0.05623301005,0.055423836069999996,0.9856103384954759
TXRH,100,2000,0.9959035060702299,0.000469937753305,0.0016613855603886864,0.026198756886408568,0.0014361164926047563,0.05524511656999999,0.05246981112,0.9497637868772808
LII,65,1300,0.9975529354739687,0.0004673231366738461,0.0013138804719639346,0.009991174263796965,0.0027945167706723067,0.053955530030000004,0.05357030404,0.9928603057038674
SWX,100,2000,0.9959414695904817,0.000466586452664,0.001451205019920182,0.022697577202777527,0.0024199753903748613,0.046212628839999985,0.045788767509999995,0.9908280195124257
RNR,100,2000,0.9971878279033363,0.0004613124371135,0.0014468597362978734,0.06332612512562333,0.004810800777750613,0.062062312040000005,0.06014344845999998,0.9690816613669937
PRI,100,2000,0.9956151690804638,0.0004610527965742923,0.001539960676579231,0.08853349848869557,0.004172631586981262,0.04466751233,0.04466751233,1.0
CUZ,100,2000,0.997281630184272,0.00045474963439120765,0.0013963034922530569,0.01444456952894208,0.0019240894074802914,0.060493603,0.058887733719999995,0.9734538992494792
ORI,100,2000,0.9925303357474621,0.0004522984848078306,0.0017384609688160222,0.04811735216049773,0.002647793377191626,0.04318415011999999,0.04465657452999999,1.0340964081939423
GO,59,1180,0.9982466222162144,0.0004501029114872882,0.0012066158507771378,0.03330621171167209,0.002077275699209075,0.06208145284,0.061534896820000025,0.9911961464334832
FYBR,82,1640,0.9979400586906673,0.0004475333429182926,0.00171635588382804,0.004660191493507136,0.0013870368267920594,0.08886393,0.08886393,1.0
BRX,100,2000,0.9969647897032792,0.00044736177110858466,0.0012492652255177822,0.06822863640325778,0.004051301143906809,0.044903323,0.04492669934999998,1.000520592874607
UGI,100,2000,0.996269584482841,0.0004472729685625,0.0015021037505778855,0.1122650738066247,0.004099935806617332,0.052386867369999986,0.052372439879999996,0.999724597199178
VNOM,39,780,0.998324870084655,0.0004465784148380273,0.0012197415201830382,0.015030373944686346,0.004330596903189845,0.06174707228000083,0.06166130324000081,0.9986109618345776
LOPE,100,2000,0.9926561063425441,0.0004432990116666038,0.0021473798640186275,0.08321535325526846,0.004786347451309221,0.04952126312999999,0.04952648903999999,1.0001055286087166
ACM,100,2000,0.9944322972004338,0.0004429332785269999,0.0016098797489499722,0.052073259711231654,0.0019290465553733409,0.04835557403999999,0.047001934959999984,0.9720065554618322
NFG,100,2000,0.9948002241656269,0.0004419486999841694,0.0014485616188806866,0.04844113695647097,0.002987282695994563,0.04498373003,0.04061248566999999,0.9028261027468198
PINS,4,80,0.9982652880433708,0.0004413261313749998,0.0015102314011327894,0.08535385622397772,0.024979981782146072,0.1010796821,0.09167433499999993,0.9069511606625831
CART,33,660,0.998710291564299,0.0004402781934924242,0.001367943779759559,0.1398132131657735,0.005990461084611549,0.10978111,0.10917302354999997,0.9944609190961903
EQH,53,1060,0.9957916101734979,0.0004377320050471698,0.0018375708647398897,0.08850693259340228,0.005039761143464183,0.0695032,0.06897024710000008,0.9923319660101991
PFGC,100,2000,0.9966581182959495,0.00043722452305412296,0.0015513817647809106,0.06494128192452599,0.004153735834442953,0.062274154,0.05803032966,0.9318525573225772
POST,100,2000,0.9884193784877917,0.00043706669028,0.0024074218644195796,0.03773717171763294,0.0028432761653322067,0.04217752,0.042178156960000004,1.0000151018836574
JAZZ,100,2000,0.99625004784469,0.00043669073040808465,0.0017464868639564977,0.027558399405505682,0.0019142419357408595,0.07159154,0.06987650226,0.9760441283984114
PCH,99,1980,0.9973516311022463,0.0004352117211768532,0.0012709943127635888,0.03397375780252379,0.0029878350013143847,0.055807974,0.05475587484,0.9811478703742229
BJ,100,2000,0.9970114575470715,0.00043509011967250006,0.0016487666880354377,0.12884934237499693,0.005245303752081072,0.070445,0.06395266445,0.9078382347931011
SEIC,100,2000,0.9946740919443531,0.00043030766362616937,0.001413984447047477,0.04330104989103818,0.0037487428122468655,0.03804744772999997,0.03815344846999997,1.0027860144720409
CACI,100,2000,0.9966175813594825,0.0004243009827677076,0.0014393609112570164,0.04046710076611512,0.003045048975490536,0.05614289347,0.0521075564,0.9281238137083851
IBKR,90,1800,0.9957866545111564,0.00042430019398,0.0020291524778263273,0.04830523829817218,0.001954363999599182,0.06952658319999998,0.0688586407,0.9903929911516207
NVST,100,2000,0.9974624409344196,0.00042297695914806553,0.001641430462684424,0.02280745743319479,0.002347433831008558,0.07376615,0.07376615,1.0
FLO,100,2000,0.9954666448789148,0.0004202902950055106,0.0014771680554739974,0.06834344723496906,0.0038735465695146384,0.048318830049999976,0.04939816619999999,1.022337795614735
TRN,9,180,0.9979961618346814,0.0004182867614444444,0.0012855860108337868,0.15369159058868914,0.017602643988576618,0.05054674763,0.05054674763,1.0
CW,100,2000,0.9957781943060956,0.0004165335333906693,0.0016397511868102782,0.07160665977288144,0.003481733991093095,0.054796163040000005,0.054796163040000005,1.0
CCK,68,1360,0.994174000655006,0.0004146528805691176,0.0018433190345746836,0.11887728370380353,0.005283773831595639,0.05776413205,0.05422234630000016,0.9386853809742332
SARO,2,40,0.9988594739103073,0.0004129192418584674,0.0007496177956945564,2.2502686781719383,0.10336315879803423,0.04254535111999999,0.042581580949999996,1.0008515579034198
FR,100,2000,0.9972010776916305,0.00041088733395250006,0.0011033117276362562,0.046397199575878706,0.0025862102818701525,0.044965041439999985,0.04476647739,0.9955840349827111
NXST,79,1580,0.9977725831120003,0.0004048723788922152,0.0014106167671181485,0.10164405869096513,0.004365145252540884,0.0722751861,0.06555595830000004,0.9070327153401828
ENR,37,740,0.9981721622058155,0.00040161451504054055,0.001163960367478297,0.16228117389283161,0.008345974738729257,0.056922581879999996,0.052777615920000014,0.9271823971593893
USFD,74,1480,0.9963844377879504,0.00039994044926369997,0.0012374726986337013,0.05083883805391211,0.0028173886840534117,0.041609123,0.0415878246,0.999488131485011
EGP,100,2000,0.9967382882947692,0.00039838175385700005,0.0012114950588463832,0.030822542293661607,0.0023746101778512672,0.04819859,0.047247343649999995,0.9802640212089191
MDU,61,1220,0.9973549714168668,0.00039818700009754094,0.0009871083306299616,0.02216500917612849,0.0026838310591417993,0.037453495,0.038797734549999914,1.0358908974983485
STWD,74,1480,0.9964362879175628,0.00039272153022734674,0.0012663213169539344,0.03737727460510746,0.0047283296470963165,0.052268427,0.04692309726000001,0.8977331049201082
FHI,90,1800,0.9974765196275788,0.0003843997097760383,0.0010788756252399793,0.025009177200747877,0.002198260714263796,0.04959217,0.04887932049999999,0.985625765115743
HR,89,1780,0.9975024685350337,0.00038053845502841835,0.0011486004573471314,0.052192608898268364,0.002751274320730376,0.04163258770000001,0.04163257980000001,0.9999998102448001
NJR,100,2000,0.9971037662048319,0.00038004106725145366,0.001006390932874254,0.007046119666824995,0.0017942293763484765,0.038735283329999995,0.03623766974999997,0.9355209678286862
CNO,100,2000,0.9971188750951602,0.00037740790239237704,0.0013810873809394326,0.03794375672244679,0.002665358259421057,0.05692250050999998,0.057938525629999994,1.017849270690797
ILMN,41,820,0.9971546893168192,0.0003714854788780487,0.0021307995923836188,0.06578479876754659,0.003064195379600409,0.07395754,0.0738911,0.9991016467016074
ACC,12,240,0.9873572938062648,0.0003689736119310337,0.002143150615151851,0.16773925914920118,0.008138328861959442,0.034749919059999995,0.03429975981,0.9870457468052589
HE,37,740,0.997730440946159,0.00035888223997567565,0.0009847371097878041,0.014144396683601512,0.003809984525877425,0.03799630518000002,0.03743927453000001,0.9853398732492228
BERY,43,860,0.9951570513202774,0.00035409503501162795,0.0016816446569807803,0.07345361785568649,0.005380491859308544,0.052188702,0.04817180049999999,0.923031205106423
OGE,100,2000,0.9964404954369902,0.000353605933265,0.0010356588204922595,0.024846871048823747,0.0024745839294611307,0.03597719002,0.035977956729999996,1.0000213110028762
GGG,100,2000,0.996648280807375,0.0003524982955715,0.001140960205621315,0.05430531496643042,0.002468606065627316,0.038919651189999994,0.038919651189999994,1.0
BKH,100,2000,0.9965402064405666,0.00035106237000785,0.0011927630177906057,0.025286872302118173,0.002724291795914529,0.04317966,0.040182585509999987,0.9305905954331272
Y,20,400,0.9908839203178174,0.0003496454008625001,0.003974283946527996,0.09387078320610723,0.0038830593563608743,0.03611981238999978,0.03611981238999978,1.0
IDA,100,2000,0.9966724849460402,0.0003418635942493481,0.001014193150929649,0.0341479264646735,0.0030766864386862257,0.036827995,0.03614295604,0.9813989613064734
POR,91,1820,0.997585876888542,0.00033469351350723587,0.0009692484391501143,0.005392088664677673,0.001512049198230937,0.04298963962,0.04198523740999998,0.9766361798126648
NNN,100,2000,0.9971051098406839,0.00033098899666529234,0.0009741406568957928,0.011311872258306046,0.0030610020682524043,0.040418678549999976,0.0395177682,0.9777105441761164
WERN,55,1100,0.9976349067763454,0.0003293522787681818,0.0011477118577962549,0.05666257560321291,0.0033616115916903647,0.04324316839999998,0.04498145,1.0401978315723974
RLI,100,2000,0.9974643763723097,0.0003238746043395,0.0010175868663424186,0.03117985503277653,0.0024706488914995562,0.043910457699999995,0.04292647395,0.9775911297321778
EPR,100,2000,0.9971945244404752,0.0002989023180868,0.001220810468995947,0.021546510739630934,0.0018206784469083062,0.06026764,0.05590582843999999,0.927625977058335
SRC,49,980,0.9983863204065767,0.0002920524070204082,0.000950970140091979,0.009329512005978539,0.002700602534460014,0.04774375552000012,0.04976459053000002,1.0423266872911445
BSY,8,160,0.9991341772905656,0.000289845308125,0.0008036145255277522,0.14705011070691237,0.010761226038528391,0.07561725169999998,0.07514530479999999,0.9937587403748503
OGS,100,2000,0.9956405907836589,0.00028701798698875,0.0014376469790337747,0.011244196742381904,0.0012404772640203922,0.0401324016,0.04051024505,1.0094149224799942
TRGP,18,360,0.999326429209709,0.00028564917786111105,0.0009897766305420259,0.007415972586936277,0.0019009452276653443,0.07851206980000054,0.07851206980000054,1.0
CFX,4,80,0.999363703356102,0.0002853927182500001,0.0007541492533941655,0.5383970826039455,0.027199849861711034,0.06650470589999997,0.06650470589999997,1.0
FTI,10,200,0.9988383291146685,0.0002798177388,0.0008662607697637885,0.11241543914897935,0.007580305848261705,0.052889463,0.051866732609999994,0.9806628705986293
CHK,24,480,0.9964532812020526,0.00027811223266458336,0.0013294179121174322,0.08947726978568102,0.0057430930637133865,0.04743701,0.04743701,1.0
IRT,92,1840,0.9978943097892812,0.00027591523149021735,0.0011318845315968495,0.022572699322569518,0.001719435022438018,0.05190786183,0.051408359429999904,0.990377133975659
ADC,77,1540,0.9978659978595377,0.0002628128680279221,0.0007450162768264727,0.008601021356281952,0.002335015641778983,0.0331848305599999,0.033248819719999975,1.001928265382714
AMH,49,980,0.9968784991717357,0.0002602703614906435,0.001006427861501717,0.04396677446160035,0.003086407829697424,0.041205837920000106,0.04121549962000011,1.0002344740572624
VST,18,360,0.9992562212628386,0.00025264430044444444,0.0007199479038394866,0.02083130733021831,0.006133858113959529,0.04978562099000013,0.04978562099000013,1.0
ELAN,10,200,0.9993609057163403,0.00023672455609415318,0.0007297168697711142,0.020203075612257353,0.005612833109320696,0.05984692,0.05966259784,0.9969201061641936
LHCG,24,480,0.997957007320512,0.0002343703672872837,0.0008634526716617911,0.056662271767684416,0.00674407252568697,0.053546476049999986,0.05444662983,1.0168107006548757
MCY,10,200,0.9991954026855683,0.0001922173945,0.0005869608982625994,0.12136599856684162,0.009284170697449653,0.04247162,0.04247162,1.0
EQT,16,320,0.9997019366961842,0.0001764877775,0.000877818127755873,0.00419079753475417,0.001056542689666672,0.0872730716,0.0872730716,1.0
PNM,59,1180,0.9970656950701974,0.00017154925314924056,0.0007407320587860742,0.034629850280982095,0.0021099521504816974,0.029683778,0.029683778,1.0
HPP,14,280,0.9992452211317621,0.00015583583923214285,0.0008554116131469636,0.006854717282857675,0.0016906765998446114,0.05817246979999954,0.05817246979999954,1.0
SAFM,11,220,0.9992944957182677,0.00013414604854545455,0.0003334741916742991,0.030612030443179828,0.008882495929617127,0.027936619,0.027936619,1.0
COHR,10,200,0.998957056745306,0.00012817202469999999,0.00039667252523553875,0.12015519715263696,0.008805587470188956,0.02050522635999996,0.020496134749999968,0.9995566198665465
CPT,4,80,0.9992670093777518,7.442930000000001e-05,0.0006657158972709005,0.017328679232658767,0.0053940387239752915,0.05065193484,0.045948003079999966,0.9071322393733057
CONE,4,80,0.998447922427013,4.388839915375001e-05,8.587062097652574e-05,0.628188087410763,0.03151507475989332,0.004138974749999993,0.004138974749999993,1.0
MIME,6,120,0.9983892831072888,4.196479152500003e-05,0.00017593820262118114,0.3775310808189183,0.01608790723549169,0.006810469,0.006810469,1.0
BAH,4,80,0.9999867313915443,1.775712499999995e-05,0.00015882455433984335,0.01732867897939314,0.0053940386032700505,0.08467536084,0.08467536084,1.0
FLG,6,120,1.0,0.0,0.0,0.0,0.0,0.04713116524,0.04713116524,1.0
ADS,4,80,1.0,0.0,0.0,0.0,0.0,0.07435031679999979,0.07435031679999979,1.0
MOH,3,60,1.0,0.0,0.0,0.0,0.0,0.04071407164,0.04071407164,1.0
PATH,3,60,1.0,0.0,0.0,0.0,0.0,0.0773535041,0.0773535041,1.0
INDB,2,40,1.0,0.0,0.0,0.0,0.0,0.068143256,0.068143256,1.0
