avg_epoch_s,baseline_batch_size,baseline_device,baseline_eval_frac,baseline_graphs_total,baseline_seed,baseline_split_mode,econ_ann_return_uplift,econ_avg_cost_bps_applied,econ_bh_ann_return,econ_bh_ann_vol,econ_bh_calmar,econ_bh_cvar_95_daily,econ_bh_hit_rate_daily,econ_bh_max_drawdown,econ_bh_max_drawdown_duration_days,econ_bh_sharpe,econ_bh_sortino,econ_bh_total_return,econ_calmar_uplift,econ_cvar_95_daily_delta,econ_eval_s,econ_hit_rate_delta,econ_max_drawdown_delta,econ_max_drawdown_duration_delta,econ_num_days,econ_oos_ann_return_uplift_mean,econ_oos_ann_return_uplift_min,econ_oos_folds_requested,econ_oos_folds_used,econ_oos_min_fold_days,econ_oos_sharpe_uplift_mean,econ_oos_sharpe_uplift_min,econ_regime_confidence_mean,econ_regime_confidence_temp,econ_regime_exposure_mean,econ_regime_gate_enabled,econ_regime_high_count,econ_regime_low_count,econ_regime_mid_count,econ_regime_min_confidence,econ_regime_neutral_exposure,econ_regime_threshold_quantile,econ_regime_threshold_window,econ_regime_thresholding_enabled,econ_regime_vol_window,econ_sharpe_uplift,econ_signal_polarity_effective,econ_signal_polarity_requested,econ_signal_quantile,econ_signal_window,econ_slippage_bps,econ_slippage_vol_lookback,econ_slippage_vol_scale,econ_sortino_uplift,econ_strategy_ann_return,econ_strategy_ann_vol,econ_strategy_calmar,econ_strategy_cvar_95_daily,econ_strategy_hit_rate_daily,econ_strategy_max_drawdown,econ_strategy_max_drawdown_duration_days,econ_strategy_sharpe,econ_strategy_sortino,econ_strategy_total_return,econ_ticker_effective,econ_ticker_requested,econ_ticker_rows,econ_ticker_source,econ_turnover_cost_bps,econ_turnover_mean_daily,error_message,error_type,eval_acc,eval_auprc,eval_auroc,eval_block_bootstrap_acc,eval_block_bootstrap_auprc,eval_block_bootstrap_auroc,eval_block_bootstrap_brier,eval_block_bootstrap_ece,eval_block_bootstrap_sep,eval_brier,eval_ece,eval_g_neg,eval_g_pos,eval_neg_mode_effective,eval_neg_modes,eval_neg_modes_reported,eval_objective,eval_sep,fold_eval_end_date,fold_eval_end_idx,fold_eval_start_date,fold_eval_start_idx,fold_id,fold_train_end_idx,fold_train_start_idx,goodness_target,goodness_target_eval,goodness_temp,graphs_per_s,hall_lr,hall_node_fraction,hall_steps,mode,neg_mix_end,neg_mode_effective,objective_track,portfolio_head_enabled_effective,portfolio_loss_train,primary_eval_metric,primary_eval_metric_name,primary_eval_metric_robust,primary_eval_metric_robust_name,retry_applied,risk_head_enabled_effective,risk_loss_train,row_type,safe_mode_applied,split_mode_effective,status,target_cal_acc,time_econ_eval_s,time_forward_neg_s,time_forward_pos_s,time_hallucinate_s,time_loss_terms_s,time_neg_gen_s,time_optimizer_s,eval_time_flip_acc,eval_time_flip_auprc,eval_time_flip_auroc,eval_time_flip_brier,eval_time_flip_ece,eval_time_flip_sep,backprop_amp,backprop_amp_dtype,backprop_fused_optimizer,eval_bce
1.1584785649899814,32,cuda,0.2,2064,7,walk_forward,-0.058964199338133794,0.16505192069822466,0.10430646797852461,0.2738295694032427,0.42055753606137986,-0.03667885875410169,0.513317191283293,-0.24801949563281922,192.0,0.38091747434668904,0.5254897245554229,0.1765735816075069,0.16246177429385728,0.026118578333798666,0.06518877299993164,-0.004842615012106588,0.17024802591466615,0.0,413.0,-0.09744134439844457,-0.404387630759953,4.0,4.0,63.0,0.16227017159186258,-0.1451610795080538,0.2584061611559667,1.0,0.2731253713403942,1.0,129.0,124.0,160.0,0.05,0.2,0.6,252.0,1.0,21.0,0.22697212958294172,low,low,0.6,252.0,0.5,21.0,0.25,0.36180990960136994,0.045342268640390815,0.07458964316428683,0.5830193103552371,-0.010560280420303029,0.5084745762711864,-0.07777146971815307,192.0,0.6078896039296308,0.8872996341567928,0.0753814990864905,BWC,"SPY,MDY,BWC,AAON,AUTO",10439.0,requested_priority,1.0,0.08544629931295834,,,0.7699757869249395,0.8240701376874027,0.8399181562886574,0.652542372881356,0.7494017780862655,0.7160210823772197,0.30400012443020097,0.28113510736869596,9.362067222595217,0.20174888308540623,0.18682635789999769,5.840392497869638,18.476933259230393,shuffle+noise,['block_bootstrap'],block_bootstrap,ff,12.636540761360754,2023-11-30,1650,2021-10-21,1238,0,1237,0,2.0,8.80178451538086,0.2,1068.759255795095,0.03,0.2,1,ff_layerwise,0.5,shuffle+noise,critic,False,0.0,12.636540761360754,eval_sep,12.636540761360754,eval_sep,False,False,0.0,fold,False,walk_forward,ok,0.8424878716468811,0.06518877299993164,0.0008498580237946457,0.0010828091448200048,0.0,0.010558280758513864,0.0007440642257947321,0.013490721270051676,,,,,,,,,,
1.3556856802144306,32,cuda,0.2,2064,7,walk_forward,-0.4328408646139217,0.13875832139728006,0.5155212115281935,0.25920209323110094,2.427639084630793,-0.03435038080226137,0.576271186440678,-0.21235496445576318,70.0,1.9888775013424065,2.8715762945977175,0.9766104498762758,-1.0171890645255537,0.022490865234395245,0.061772842999971544,0.0,0.1537351298386509,4.0,413.0,-0.5014147949680892,-1.1801959042634294,4.0,4.0,63.0,-1.2075197493969476,-2.814833043778449,0.26133451806339913,1.0,0.2618514133819337,1.0,124.0,124.0,165.0,0.05,0.2,0.6,252.0,1.0,21.0,-0.9720958499571937,low,low,0.6,252.0,0.5,21.0,0.25,-1.4581754342200206,0.08268034691427184,0.08131573460401478,1.4104500201052395,-0.011859515567866121,0.576271186440678,-0.05861983461711229,74.0,1.0167816513852128,1.4134008603776969,0.13904814733542792,BWC,"SPY,MDY,BWC,AAON,AUTO",10439.0,requested_priority,1.0,0.07363156709683558,,,0.7542372881355932,0.8319786966765944,0.8317279224243561,0.5508474576271186,0.5948705906526526,0.6012933182465747,0.4162389780296669,0.40787432322304484,7.193858146667477,0.22712900258945712,0.21756178489062544,11.140901748950665,32.004048127394455,shuffle+noise,['block_bootstrap'],block_bootstrap,ff,20.86314637844379,2025-01-07,1856,2022-11-09,1444,1,1443,0,2.0,14.805520057678223,0.2,1065.349810868824,0.03,0.2,1,ff_layerwise,0.5,shuffle+noise,critic,False,0.0,20.86314637844379,eval_sep,20.86314637844379,eval_sep,False,False,0.0,fold,False,walk_forward,ok,0.8448753356933594,0.061772842999971544,0.0008443877586524284,0.0010599782672162568,0.0,0.010400375307085121,0.000715505635045583,0.013551071709347995,,,,,,,,,,
1.5329839006953885,32,cuda,0.2,2064,7,walk_forward,-0.3090707614442658,0.15682324509170403,0.46132674311725475,0.3066538189921049,1.4482563029899311,-0.044595157052934854,0.5641646489104116,-0.31853943405241447,122.0,1.5043893620288877,2.2122452118411857,0.8620981653832571,-0.1007675638701504,0.030939033697699524,0.05829769000001761,-0.002421307506053294,0.20554703771339422,17.0,413.0,-0.38387342138595326,-0.887283381493138,4.0,4.0,63.0,-0.5439471693962867,-1.218482500598546,0.25553320373661326,1.0,0.2754884957188999,1.0,124.0,124.0,165.0,0.05,0.2,0.6,252.0,1.0,21.0,0.07571814584516323,low,low,0.6,252.0,0.5,21.0,0.25,0.2417373312005906,0.15225598167298893,0.09635798888003583,1.3474887391197807,-0.01365612335523533,0.5617433414043583,-0.11299239633902025,139.0,1.580107507874051,2.4539825430417763,0.2614554727340681,BWC,"SPY,MDY,BWC,AAON,AUTO",10439.0,requested_priority,1.0,0.0808523373004942,,,0.4794188861985472,0.35604457819115076,0.21323335424373713,0.5048426150121066,0.5385166223722146,0.4870169843289226,0.4942647200949644,0.4946764883833145,1.2981709700364341,0.5171505069695718,0.5182553980102022,26.714491477379433,12.75077115572416,shuffle+noise,['block_bootstrap'],block_bootstrap,ff,-13.963720321655273,2026-02-05,2062,2023-11-30,1650,2,1649,0,2.0,63.947505950927734,0.2,1076.5151207357512,0.03,0.2,1,ff_layerwise,0.5,shuffle+noise,critic,False,0.0,-13.963720321655273,eval_sep,-13.963720321655273,eval_sep,False,False,0.0,fold,False,walk_forward,ok,0.4812121099093929,0.05829769000001761,0.0008458679045378054,0.0010616224883864245,0.0,0.01044677753804252,0.0007189905594224665,0.013485020942344791,,,,,,,,,,
0.6003705638156357,32,cuda,0.2,2064,7,walk_forward,-0.09533549002364916,0.15748444952257273,0.10430646797852461,0.2738295694032427,0.42055753606137986,-0.03667885875410169,0.513317191283293,-0.24801949563281922,192.0,0.38091747434668904,0.5254897245554229,0.1765735816075069,-0.3374597515548201,0.023359329324468745,0.06234776600012992,-0.002421307506053294,0.1400626107634365,49.0,413.0,-0.1332875686211945,-0.4836803762548856,4.0,4.0,63.0,-0.36824214096263846,-1.1568229599603277,0.2649549891627459,1.0,0.34511424591418616,1.0,129.0,124.0,160.0,0.05,0.2,0.6,252.0,1.0,21.0,-0.28807559889964696,low,low,0.6,252.0,0.5,21.0,0.25,-0.3939693776669736,0.008970977954875448,0.09662641896966616,0.08309778450655977,-0.013319529429632947,0.5108958837772397,-0.10795688486938271,241.0,0.09284187544704206,0.1315203468884493,0.014744523932397113,BWC,"SPY,MDY,BWC,AAON,AUTO",10439.0,requested_priority,1.0,0.08276154066888511,,,1.0,1.0,1.0,,,,,,,2.306850001597279e-06,0.0015022178326471462,1.1384620116307185,14.156375518211952,shuffle+noise,['time_flip'],time_flip,ff,13.017913506581234,2023-11-30,1650,2021-10-21,1238,0,1237,0,1.5,7.5258588790893555,0.2,2062.2521627096667,0.03,0.2,1,ff_e2e,0.5,shuffle+noise,critic,False,0.0,13.017913506581234,eval_sep,13.017913506581234,eval_sep,False,False,0.0,fold,False,walk_forward,ok,1.0,0.06234776600012992,0.00039777758040950993,0.00039777758040950993,0.0,0.006245806357844581,0.0003000476593860861,0.005226615710154618,0.5,0.5153332135508396,0.5227385984557569,0.4986836753451884,0.49867864287609553,-0.0011854171752929688,,,,
0.7085045560320614,32,cuda,0.2,2064,7,walk_forward,-0.4442040230204545,0.04369398054886559,0.5155212115281935,0.25920209323110094,2.427639084630793,-0.03435038080226137,0.576271186440678,-0.21235496445576318,70.0,1.9888775013424065,2.8715762945977175,0.9766104498762758,-1.6363836280505195,0.022609185440830508,0.06119154499992874,0.0,0.12222327826687451,123.0,413.0,-0.5110784079334054,-1.2380032031156565,4.0,4.0,63.0,-0.9694222623062788,-3.6506298502724843,0.29001286741160154,1.0,0.26322511644900654,1.0,124.0,124.0,165.0,0.05,0.2,0.6,252.0,1.0,21.0,-1.1124223025187283,low,low,0.6,252.0,0.5,21.0,0.25,-1.727202951756154,0.07131718850773905,0.08137003306438982,0.7912554565802736,-0.011741195361430862,0.576271186440678,-0.09013168618888867,193.0,0.8764551988236782,1.1443733428415634,0.1195213938084736,BWC,"SPY,MDY,BWC,AAON,AUTO",10439.0,requested_priority,1.0,0.023094677784474247,,,1.0,1.0,1.0,,,,,,,5.267497049808279e-07,0.0006925930826713052,1.138569244971642,15.790880570044884,shuffle+noise,['time_flip'],time_flip,ff,14.652311325073242,2025-01-07,1856,2022-11-09,1444,1,1443,0,1.5,8.140779495239258,0.2,2038.277744025965,0.03,0.2,1,ff_e2e,0.5,shuffle+noise,critic,False,0.0,14.652311325073242,eval_sep,14.652311325073242,eval_sep,False,False,0.0,fold,False,walk_forward,ok,1.0,0.06119154499992874,0.0003849504201735904,0.0003849504201735904,0.0,0.006146308400043064,0.00030125944108796987,0.005322445279957185,0.5,0.5636768667943525,0.5822658279054225,0.4995166057272922,0.4995201112444686,0.009095998910757075,,,,
0.810521879873747,32,cuda,0.2,2064,7,walk_forward,-0.2933640854510373,0.06488594095426259,0.46132674311725475,0.3066538189921049,1.4482563029899311,-0.044595157052934854,0.5641646489104116,-0.31853943405241447,122.0,1.5043893620288877,2.2122452118411857,0.8620981653832571,0.8677782705376873,0.03233713192831029,0.05894795799986241,-0.002421307506053294,0.24601778019368614,-20.0,413.0,-0.3717195077847034,-1.0192060127635167,4.0,4.0,63.0,-0.12412387946180564,-1.4767167084327548,0.23904544971491076,1.0,0.27906687060792523,1.0,124.0,124.0,165.0,0.05,0.2,0.6,252.0,1.0,21.0,0.38717492393486075,low,low,0.6,252.0,0.5,21.0,0.25,0.7691206981260925,0.16796265766621743,0.08879563804020585,2.3160345735276184,-0.012258025124624565,0.5617433414043583,-0.07252165385872833,102.0,1.8915642859637485,2.9813659099672782,0.2897590071178213,BWC,"SPY,MDY,BWC,AAON,AUTO",10439.0,requested_priority,1.0,0.03300572509314501,,,1.0,1.0,1.0,,,,,,,3.827460660554072e-07,0.0005829184921926662,1.1391920768297636,16.182083716759315,shuffle+noise,['time_flip'],time_flip,ff,15.042891639929552,2026-02-05,2062,2023-11-30,1650,2,1649,0,1.5,8.283666610717773,0.2,2035.8852083745342,0.03,0.2,1,ff_e2e,0.5,shuffle+noise,critic,False,0.0,15.042891639929552,eval_sep,15.042891639929552,eval_sep,False,False,0.0,fold,False,walk_forward,ok,1.0,0.05894795799986241,0.00038644306098019744,0.00038644306098019744,0.0,0.006168140343614054,0.0003039978603091745,0.005401348043617697,0.5,0.5654881160967861,0.5404586999982411,0.4996191284355492,0.49962075294746777,0.02431194598858255,,,,
0.2944732910500953,32,cuda,0.2,2064,7,walk_forward,-0.09290567998950494,0.14322554924991615,0.10430646797852461,0.2738295694032427,0.42055753606137986,-0.03667885875410169,0.513317191283293,-0.24801949563281922,192.0,0.38091747434668904,0.5254897245554229,0.1765735816075069,-0.27828986685864676,0.024367570404137263,0.061435269999947195,-0.004842615012106588,0.16788331252874789,38.0,413.0,-0.1333018699780688,-0.49182043541580245,4.0,4.0,63.0,-0.35528762895096444,-1.0459232217113348,0.25404507362336926,1.0,0.282060143705171,1.0,129.0,124.0,160.0,0.05,0.2,0.6,252.0,1.0,21.0,-0.2467305677193798,low,low,0.6,252.0,0.5,21.0,0.25,-0.34482523541175847,0.011400787989019667,0.08496200020978364,0.14226766920273307,-0.012311288349964427,0.5084745762711864,-0.08013618310407133,230.0,0.13418690662730925,0.18066448914366437,0.018752579615289644,BWC,"SPY,MDY,BWC,AAON,AUTO",10439.0,requested_priority,1.0,0.07564373951554994,,,0.9987893462469734,1.0,1.0,,,,,,,0.0012090647056233609,0.0012308225385240803,190.53890169583835,186.7326689500075,shuffle+noise,,,bce,-3.8062327458308403,2023-11-30,1650,2021-10-21,1238,0,1237,0,1.5,,0.2,4213.3251788326315,0.03,0.2,1,backprop,0.5,shuffle+noise,classifier,False,0.0,1.0,eval_auroc,1.0,eval_auroc,False,False,0.0,fold,False,walk_forward,ok,,0.061435269999947195,0.0004619872706926356,0.0004619872706926356,0.0,0.001405606679488674,0.0002990900069226672,0.002142239640871594,,,,,,,True,bfloat16,True,0.008681919304764842
0.3359705162004052,32,cuda,0.2,2064,7,walk_forward,-0.4094047334242601,0.10354198132717862,0.5155212115281935,0.25920209323110094,2.427639084630793,-0.03435038080226137,0.576271186440678,-0.21235496445576318,70.0,1.9888775013424065,2.8715762945977175,0.9766104498762758,-0.8906330857629525,0.02374529730245544,0.07019049900009122,0.0,0.14331393391840752,1.0,413.0,-0.4786835000278461,-1.169776276872998,4.0,4.0,63.0,-0.7495929644300184,-2.8554886439032847,0.2640195454663466,1.0,0.2615047589650046,1.0,124.0,124.0,165.0,0.05,0.2,0.6,252.0,1.0,21.0,-0.6012627906704335,low,low,0.6,252.0,0.5,21.0,0.25,-0.9256575175814843,0.10611647810393343,0.07647402213871382,1.5370059988678406,-0.010605083499805929,0.576271186440678,-0.06904103053735566,71.0,1.387614710671973,1.9459187770162332,0.1797357666316346,BWC,"SPY,MDY,BWC,AAON,AUTO",10439.0,requested_priority,1.0,0.05478948449927876,,,1.0,1.0,1.0,,,,,,,9.640149074969398e-15,3.5608676939083004e-09,395.9378820566031,510.27845412034253,shuffle+noise,,,bce,114.34057206373944,2025-01-07,1856,2022-11-09,1444,1,1443,0,1.5,,0.2,4300.6957344870325,0.03,0.2,1,backprop,0.5,shuffle+noise,classifier,False,0.0,1.0,eval_auroc,1.0,eval_auroc,False,False,0.0,fold,False,walk_forward,ok,,0.07019049900009122,0.00043842992391391223,0.00043842992391391223,0.0,0.0014010264618250206,0.000295540384129827,0.0019709649558274024,,,,,,,True,bfloat16,True,3.533945054477886e-09
0.38888064943487227,32,cuda,0.2,2064,7,walk_forward,-0.3761532276965065,0.09868466999048453,0.46132674311725475,0.3066538189921049,1.4482563029899311,-0.044595157052934854,0.5641646489104116,-0.31853943405241447,122.0,1.5043893620288877,2.2122452118411857,0.8620981653832571,-0.2508963252756149,0.03165780130319973,0.05863215199997285,0.0,0.24740500747558913,-24.0,413.0,-0.45869279011457476,-1.0967413830851518,4.0,4.0,63.0,-0.8644057976699162,-1.9566970042155898,0.2532258390483471,1.0,0.2666273558152317,1.0,124.0,124.0,165.0,0.05,0.2,0.6,252.0,1.0,21.0,-0.4963450762370434,low,low,0.6,252.0,0.5,21.0,0.25,-0.8065467301472509,0.08517351542074825,0.08449382296120282,1.1973599777143162,-0.012937355749735122,0.5641646489104116,-0.07113442657682534,98.0,1.0080442857918444,1.4056984816939349,0.14335006641154546,BWC,"SPY,MDY,BWC,AAON,AUTO",10439.0,requested_priority,1.0,0.05048373557018289,,,1.0,1.0,1.0,,,,,,,4.2351548741564394e-20,7.239083723851748e-12,441.42298889160156,955.7319171612079,shuffle+noise,,,bce,514.3089282696063,2026-02-05,2062,2023-11-30,1650,2,1649,0,1.5,,0.2,4246.001271221165,0.03,0.2,1,backprop,0.5,shuffle+noise,classifier,False,0.0,1.0,eval_auroc,1.0,eval_auroc,False,False,0.0,fold,False,walk_forward,ok,,0.05863215199997285,0.00044985927507716145,0.00044985927507716145,0.0,0.0013928801903486882,0.00029888840253813843,0.002054493000036298,,,,,,,True,bfloat16,True,7.1774910279133145e-12
