epoch,epoch_s,fold_eval_end_idx,fold_eval_start_idx,fold_id,fold_train_end_idx,fold_train_start_idx,graphs_per_s_epoch,graphs_seen,mode,row_type,seed_run,split_mode_effective,train_loss
1,242.59144508605823,8319,6240,0,6239,0,25.722259075485486,6240,ff_financial,epoch,7,walk_forward,1.4691452753849519
2,240.02782188588753,8319,6240,0,6239,0,25.996986311722566,6240,ff_financial,epoch,7,walk_forward,1.468541695521428
3,238.3892940580845,8319,6240,0,6239,0,26.17567212762331,6240,ff_financial,epoch,7,walk_forward,1.468862760372651
4,240.58641270687804,8319,6240,0,6239,0,25.936626801957413,6240,ff_financial,epoch,7,walk_forward,1.4697895881457206
5,239.83764892211184,8319,6240,0,6239,0,26.01759993914243,6240,ff_financial,epoch,7,walk_forward,nan
1,334.6055705808103,9359,7280,1,7279,0,21.756959955458402,7280,ff_financial,epoch,7,walk_forward,2.1325082548877647
2,330.0408715051599,9359,7280,1,7279,0,22.05787412570865,7280,ff_financial,epoch,7,walk_forward,2.135891454261646
3,328.57676393259317,9359,7280,1,7279,0,22.156161966137923,7280,ff_financial,epoch,7,walk_forward,2.143646338529754
4,331.5312429140322,9359,7280,1,7279,0,21.958714768513513,7280,ff_financial,epoch,7,walk_forward,2.1391279368024123
5,329.7960143657401,9359,7280,1,7279,0,22.07425100027607,7280,ff_financial,epoch,7,walk_forward,2.132998366104929
1,433.4816620601341,10399,8320,2,8319,0,19.193430145254496,8320,ff_financial,epoch,7,walk_forward,1.5596781524328085
2,436.8263724837452,10399,8320,2,8319,0,19.0464690872335,8320,ff_financial,epoch,7,walk_forward,1.5622633292124821
3,432.26042454270646,10399,8320,2,8319,0,19.247656106389634,8320,ff_financial,epoch,7,walk_forward,1.55925245651832
4,429.944494261872,10399,8320,2,8319,0,19.351335139862094,8320,ff_financial,epoch,7,walk_forward,1.558231090582334
5,434.9672513580881,10399,8320,2,8319,0,19.12787680916818,8320,ff_financial,epoch,7,walk_forward,1.5596865507272573
1,252.6928878952749,8319,6240,0,6239,0,24.69400722740595,6240,ff_financial,epoch,17,walk_forward,2.1880862596707464
2,254.00326054682955,8319,6240,0,6239,0,24.56661377718636,6240,ff_financial,epoch,17,walk_forward,2.191578775797135
3,251.67229803232476,8319,6240,0,6239,0,24.794147185792117,6240,ff_financial,epoch,17,walk_forward,2.1874437821217074
4,255.37146922014654,8319,6240,0,6239,0,24.43499275410724,6240,ff_financial,epoch,17,walk_forward,nan
5,255.6472731148824,8319,6240,0,6239,0,24.408631173608793,6240,ff_financial,epoch,17,walk_forward,nan
1,338.8443783619441,9359,7280,1,7279,0,21.484789079852188,7280,ff_financial,epoch,17,walk_forward,1.4991001010986797
2,334.8576699811965,9359,7280,1,7279,0,21.740580110973113,7280,ff_financial,epoch,17,walk_forward,1.4999097972585445
3,336.17334727710113,9359,7280,1,7279,0,21.655494282832713,7280,ff_financial,epoch,17,walk_forward,1.4990650101711875
4,335.0206192461774,9359,7280,1,7279,0,21.730005801972936,7280,ff_financial,epoch,17,walk_forward,1.4988088869211966
5,333.690731740091,9359,7280,1,7279,0,21.816608336818696,7280,ff_financial,epoch,17,walk_forward,1.494980785407518
1,444.7674975898117,10399,8320,2,8319,0,18.706402884846472,8320,ff_financial,epoch,17,walk_forward,1.9413091003894807
2,432.05426752381027,10399,8320,2,8319,0,19.256840229084162,8320,ff_financial,epoch,17,walk_forward,1.9396909800859599
3,434.19678665697575,10399,8320,2,8319,0,19.161818455770767,8320,ff_financial,epoch,17,walk_forward,1.9360165412609394
4,432.0601400937885,10399,8320,2,8319,0,19.256578489730515,8320,ff_financial,epoch,17,walk_forward,1.9377550235161414
5,439.6509156678803,10399,8320,2,8319,0,18.92410479200518,8320,ff_financial,epoch,17,walk_forward,1.9441276669502259
1,255.71979319909588,8319,6240,0,6239,0,24.401709081399577,6240,ff_financial,epoch,27,walk_forward,2.2673873876914
2,252.75582319498062,8319,6240,0,6239,0,24.687858507561845,6240,ff_financial,epoch,27,walk_forward,2.256162308423947
3,254.55148766282946,8319,6240,0,6239,0,24.51370470191594,6240,ff_financial,epoch,27,walk_forward,2.26908564384167
4,251.71616222709417,8319,6240,0,6239,0,24.789826544274003,6240,ff_financial,epoch,27,walk_forward,2.2665860634583694
5,255.63930825516582,8319,6240,0,6239,0,24.40939166433496,6240,ff_financial,epoch,27,walk_forward,2.266717016391265
1,341.5554683338851,9359,7280,1,7279,0,21.31425397904474,7280,ff_financial,epoch,27,walk_forward,2.4974458881637505
2,336.0307905850932,9359,7280,1,7279,0,21.664681344599828,7280,ff_financial,epoch,27,walk_forward,2.5035232546036705
3,334.6264095036313,9359,7280,1,7279,0,21.755605036670005,7280,ff_financial,epoch,27,walk_forward,2.5019241890363526
4,335.2077906043269,9359,7280,1,7279,0,21.71787232890771,7280,ff_financial,epoch,27,walk_forward,2.4981135135157064
5,336.3585265991278,9359,7280,1,7279,0,21.643572034896877,7280,ff_financial,epoch,27,walk_forward,2.4947385939589717
1,444.91480426536873,10399,8320,2,8319,0,18.70020938893629,8320,ff_financial,epoch,27,walk_forward,2.1525229692459105
2,431.340107944794,10399,8320,2,8319,0,19.28872332239703,8320,ff_financial,epoch,27,walk_forward,2.155932078911708
3,433.9030112763867,10399,8320,2,8319,0,19.17479202443318,8320,ff_financial,epoch,27,walk_forward,2.150828932798826
4,431.76310150977224,10399,8320,2,8319,0,19.269826372163234,8320,ff_financial,epoch,27,walk_forward,2.153847169876099
5,431.5349875506945,10399,8320,2,8319,0,19.280012606214484,8320,ff_financial,epoch,27,walk_forward,2.1536876485897944
1,252.71866127382964,8319,6240,0,6239,0,24.691488822183725,6240,backprop_supervised_return,epoch,7,walk_forward,1.1814081121713687
2,253.6167813790962,8319,6240,0,6239,0,24.60405011872104,6240,backprop_supervised_return,epoch,7,walk_forward,1.1662926235451148
3,251.21474839001894,8319,6240,0,6239,0,24.711924915976194,6208,backprop_supervised_return,epoch,7,walk_forward,1.1805075565113003
4,250.6790348207578,8319,6240,0,6239,0,24.892388804918475,6240,backprop_supervised_return,epoch,7,walk_forward,1.1777240546850059
5,251.44831562088802,8319,6240,0,6239,0,24.561707580939366,6176,backprop_supervised_return,epoch,7,walk_forward,1.160632921585456
1,336.3278141692281,9359,7280,1,7279,0,21.645548459863523,7280,backprop_supervised_return,epoch,7,walk_forward,0.8035887909824388
2,337.1310233590193,9359,7280,1,7279,0,21.59397829207591,7280,backprop_supervised_return,epoch,7,walk_forward,0.797980820662097
3,337.93440984375775,9359,7280,1,7279,0,21.542641968202854,7280,backprop_supervised_return,epoch,7,walk_forward,0.7999001106802832
4,333.8125418671407,9359,7280,1,7279,0,21.808647330265625,7280,backprop_supervised_return,epoch,7,walk_forward,0.8055506447297439
5,332.7913277349435,9359,7280,1,7279,0,21.875570044295934,7280,backprop_supervised_return,epoch,7,walk_forward,0.7928902941445509
1,440.9348993273452,10399,8320,2,8319,0,18.86899860431171,8320,backprop_supervised_return,epoch,7,walk_forward,0.5290349224439034
2,433.2025154270232,10399,8320,2,8319,0,19.20579798988166,8320,backprop_supervised_return,epoch,7,walk_forward,0.5439986526966095
3,434.633952611126,10399,8320,2,8319,0,19.142545008314244,8320,backprop_supervised_return,epoch,7,walk_forward,0.5395497020334006
4,434.16433095978573,10399,8320,2,8319,0,19.16325088615038,8320,backprop_supervised_return,epoch,7,walk_forward,0.5472871958063199
5,434.75685343472287,10399,8320,2,8319,0,19.137133628301083,8320,backprop_supervised_return,epoch,7,walk_forward,0.5404761758847878
1,255.09104604367167,8319,6240,0,6239,0,24.461854293904576,6240,backprop_supervised_return,epoch,17,walk_forward,2.751023658727988
2,251.43914771219715,8319,6240,0,6239,0,24.689870517322206,6208,backprop_supervised_return,epoch,17,walk_forward,2.6898960305243422
3,253.68108669528738,8319,6240,0,6239,0,24.597813267392947,6240,backprop_supervised_return,epoch,17,walk_forward,2.695211636714446
4,250.24976486572996,8319,6240,0,6239,0,24.935088364011193,6240,backprop_supervised_return,epoch,17,walk_forward,2.765503976283929
5,250.72244510008022,8319,6240,0,6239,0,24.76044774340793,6208,backprop_supervised_return,epoch,17,walk_forward,2.7042576682936286
1,339.7101378273219,9359,7280,1,7279,0,21.430034577597734,7280,backprop_supervised_return,epoch,17,walk_forward,0.5675922656725896
2,332.0232293782756,9359,7280,1,7279,0,21.92617671249099,7280,backprop_supervised_return,epoch,17,walk_forward,0.5875896480457302
3,335.01578108081594,9359,7280,1,7279,0,21.730319618119253,7280,backprop_supervised_return,epoch,17,walk_forward,0.5843074497227606
4,335.59822037862614,9359,7280,1,7279,0,21.692606092447726,7280,backprop_supervised_return,epoch,17,walk_forward,0.575044283987505
5,336.01083339890465,9359,7280,1,7279,0,21.665968106919173,7280,backprop_supervised_return,epoch,17,walk_forward,0.5858152715260523
1,434.97042494267225,10399,8320,2,8319,0,19.127737250403978,8320,backprop_supervised_return,epoch,17,walk_forward,1.0534560033908258
2,435.9954999657348,10399,8320,2,8319,0,19.0827657639904,8320,backprop_supervised_return,epoch,17,walk_forward,1.0499844212944691
3,437.41990763833746,10399,8320,2,8319,0,19.020624929762107,8320,backprop_supervised_return,epoch,17,walk_forward,1.0461103015221083
4,431.1233188309707,10399,8320,2,8319,0,19.29842260112587,8320,backprop_supervised_return,epoch,17,walk_forward,1.050459413918165
5,432.61849137721583,10399,8320,2,8319,0,19.23172533266843,8320,backprop_supervised_return,epoch,17,walk_forward,1.0457438084941644
1,252.9131947257556,8319,6240,0,6239,0,24.672496849230402,6240,backprop_supervised_return,epoch,27,walk_forward,2.758208041924697
2,252.04811875382438,8319,6240,0,6239,0,24.63021755803446,6208,backprop_supervised_return,epoch,27,walk_forward,2.7744403112794935
3,256.87074195500463,8319,6240,0,6239,0,24.292373481340448,6240,backprop_supervised_return,epoch,27,walk_forward,2.7793027706635303
4,253.4027139460668,8319,6240,0,6239,0,24.624834923149624,6240,backprop_supervised_return,epoch,27,walk_forward,2.757335472718263
5,254.4570388291031,8319,6240,0,6239,0,24.271287712924646,6176,backprop_supervised_return,epoch,27,walk_forward,2.7516945523301555
1,342.7078042300418,9359,7280,1,7279,0,21.242585987663464,7280,backprop_supervised_return,epoch,27,walk_forward,4.862807175569367
2,336.5611606957391,9359,7280,1,7279,0,21.63054104327067,7280,backprop_supervised_return,epoch,27,walk_forward,4.843430746019933
3,337.6867117402144,9359,7280,1,7279,0,21.55844380871159,7280,backprop_supervised_return,epoch,27,walk_forward,4.853858232498169
4,340.5386306126602,9359,7280,1,7279,0,21.377897676109793,7280,backprop_supervised_return,epoch,27,walk_forward,4.843825964551223
5,338.4693041429855,9359,7280,1,7279,0,21.508597414566676,7280,backprop_supervised_return,epoch,27,walk_forward,4.853126304191456
1,439.6436515641399,10399,8320,2,8319,0,18.924417469465475,8320,backprop_supervised_return,epoch,27,walk_forward,2.5549876414812527
2,435.5532012851909,10399,8320,2,8319,0,19.102144067475795,8320,backprop_supervised_return,epoch,27,walk_forward,2.5599912226200106
3,437.13032405497506,10399,8320,2,8319,0,19.033225429937566,8320,backprop_supervised_return,epoch,27,walk_forward,2.5564482711828673
4,433.0955445826985,10399,8320,2,8319,0,19.210541655459856,8320,backprop_supervised_return,epoch,27,walk_forward,2.5602057736653547
5,437.92640823917463,10399,8320,2,8319,0,18.998625895737284,8320,backprop_supervised_return,epoch,27,walk_forward,2.5601583590874304
