epoch,loss,g_pos,g_neg,hallucinate_ratio,gate_ratio,hall_hardness,hall_close_ratio,energy_penalty,risk_loss,dist_forward_loss,goodness_target_used,neg_mix_end_used,neg_gate_margin_used,hall_lr_used,hall_steps_used,hall_node_fraction_used
1,4.830038,0.528741,0.529886,0.0000,0.0000,0.000000,0.0000,0.109465,0.317915,0.005833,2.697421,0.200000,0.950000,0.020000,1,0.200000
2,4.129586,1.770238,1.774196,0.0000,0.0000,0.000000,0.0000,0.512073,0.320015,0.005979,2.697421,0.200000,0.950000,0.020000,1,0.200000
3,3.855275,2.942531,2.913935,0.0000,0.0000,0.000000,0.0000,0.857588,0.316670,0.006016,2.697421,0.200000,0.950000,0.020000,1,0.200000
4,3.767211,2.526568,2.484436,0.0000,0.0000,0.000000,0.0000,0.744889,0.315549,0.009702,2.697421,0.200000,0.950000,0.020000,1,0.200000
5,3.714377,2.781616,2.716353,0.0000,0.0000,0.000000,0.0000,0.811660,0.313962,0.009227,2.697421,0.200000,0.950000,0.020000,1,0.200000
6,3.661230,2.701809,2.612744,0.0000,0.0000,0.000000,0.0000,0.777458,0.313657,0.006592,2.697421,0.200000,0.950000,0.020118,1,0.206667
7,3.601749,2.737391,2.628478,0.0000,0.0000,0.000000,0.0000,0.776030,0.312670,0.009949,2.697421,0.200000,0.950000,0.020235,2,0.213333
8,3.529327,2.772567,2.635800,0.0000,0.0000,0.000000,0.0000,0.774025,0.311714,0.005195,2.697421,0.200000,0.950000,0.020353,2,0.220000
9,3.438540,2.799110,2.611080,0.0000,0.0000,0.000000,0.0000,0.766673,0.312494,0.004145,2.697421,0.200000,0.950000,0.020471,2,0.226667
10,3.333982,2.817297,2.553702,0.0000,0.0000,0.000000,0.0000,0.754628,0.312377,0.005272,2.697421,0.200000,0.950000,0.020588,3,0.233333
11,3.204418,2.910771,2.501875,0.0000,0.0000,0.000000,0.0000,0.753256,0.312036,0.003047,2.697421,0.200000,0.950000,0.020706,3,0.240000
12,3.061226,3.074235,2.417493,0.0000,0.0000,0.000000,0.0000,0.747326,0.310487,0.004216,2.697421,0.200000,0.950000,0.020824,4,0.246667
13,2.905488,3.356673,2.293270,0.0000,0.0000,0.000000,0.0000,0.731976,0.310349,0.002579,2.697421,0.200000,0.950000,0.020941,4,0.253333
14,2.764891,3.586870,2.140387,0.0000,0.0000,0.000000,0.0000,0.698500,0.310356,0.002101,2.697421,0.200000,0.950000,0.021059,4,0.260000
15,2.640310,3.873411,2.010545,0.0000,0.0000,0.000000,0.0000,0.665790,0.312106,0.001434,2.697421,0.200000,0.950000,0.021177,5,0.266667
16,2.539418,4.135423,1.880720,0.0000,0.0000,0.000000,0.0000,0.630607,0.310106,0.002017,2.697421,0.200000,0.950000,0.021294,5,0.273333
17,2.443689,4.290828,1.844444,0.0000,0.0000,0.000000,0.0000,0.627139,0.310670,0.000767,2.697421,0.200000,0.950000,0.021412,5,0.280000
18,2.368405,4.557518,1.775420,0.0000,0.0000,0.000000,0.0000,0.614898,0.309741,0.000532,2.697421,0.200000,0.950000,0.021530,6,0.286667
19,2.301452,4.736124,1.765405,0.0000,0.0000,0.000000,0.0000,0.631323,0.310130,0.000398,2.697421,0.200000,0.950000,0.021647,6,0.293333
20,2.240793,4.969495,1.676925,0.0000,0.0000,0.000000,0.0000,0.636138,0.310004,0.000573,2.697421,0.200000,0.950000,0.021765,6,0.300000
21,2.187058,5.061619,1.647530,0.0000,0.0000,0.000000,0.0000,0.654000,0.310266,0.000856,2.697421,0.200000,0.950000,0.021883,7,0.306667
22,2.133295,5.175399,1.566017,0.0000,0.0000,0.000000,0.0000,0.640839,0.309450,0.000746,2.697421,0.200000,0.950000,0.022000,7,0.313333
23,2.083046,5.476285,1.541762,0.0000,0.0000,0.000000,0.0000,0.661365,0.309616,0.001161,2.697421,0.200000,0.950000,0.022118,8,0.320000
24,2.037837,5.471653,1.490725,0.0000,0.0000,0.000000,0.0000,0.659305,0.308552,0.000790,2.697421,0.200000,0.950000,0.022236,8,0.326667
25,1.996219,5.805082,1.475034,0.0000,0.0000,0.000000,0.0000,0.684995,0.310237,0.000396,2.697421,0.200000,0.950000,0.022353,8,0.333333
26,1.961780,5.816413,1.443741,0.0000,0.0000,0.000000,0.0000,0.671446,0.309954,0.000614,2.697421,0.200000,0.950000,0.022471,9,0.340000
27,1.925713,6.028331,1.423149,0.0000,0.0000,0.000000,0.0000,0.681647,0.308557,0.000113,2.697421,0.200000,0.950000,0.022589,9,0.346667
28,1.893267,5.979082,1.381122,0.0000,0.0000,0.000000,0.0000,0.663571,0.309219,0.000408,2.697421,0.200000,0.950000,0.022706,9,0.353333
29,1.867191,6.282706,1.422727,0.0000,0.0000,0.000000,0.0000,0.711936,0.309615,0.000098,2.697421,0.200000,0.950000,0.022824,10,0.360000
30,1.843951,6.245008,1.354827,0.0000,0.0000,0.000000,0.0000,0.667500,0.308176,0.000375,2.697421,0.200000,0.950000,0.022941,10,0.366667
31,1.817853,6.394941,1.388948,0.0000,0.0000,0.000000,0.0000,0.697229,0.307753,0.000318,2.697421,0.200000,0.950000,0.023059,11,0.373333
32,1.799307,6.343362,1.342190,0.0000,0.0000,0.000000,0.0000,0.669115,0.308160,0.000487,2.697421,0.200000,0.950000,0.023177,11,0.380000
33,1.773750,6.600624,1.368237,0.0000,0.0000,0.000000,0.0000,0.700238,0.308942,0.000549,2.697421,0.200000,0.950000,0.023294,11,0.386667
34,1.749520,6.317357,1.309507,0.0000,0.0000,0.000000,0.0000,0.663283,0.307963,0.000899,2.697421,0.200000,0.950000,0.023412,12,0.393333
35,1.732104,6.638706,1.351026,0.0000,0.0000,0.000000,0.0000,0.696745,0.308341,0.000153,2.697421,0.200000,0.950000,0.023530,12,0.400000
36,1.712173,6.497713,1.316569,0.0000,0.0000,0.000000,0.0000,0.669605,0.308893,0.000135,2.697421,0.200000,0.950000,0.023530,12,0.400000
37,1.692884,6.538910,1.316019,0.0000,0.0000,0.000000,0.0000,0.682508,0.307998,0.000342,2.697421,0.200000,0.950000,0.023530,12,0.400000
38,1.676959,6.615060,1.303474,0.0000,0.0000,0.000000,0.0000,0.677664,0.307812,0.000157,2.697421,0.200000,0.950000,0.023530,12,0.400000
39,1.656203,6.514320,1.292833,0.0000,0.0000,0.000000,0.0000,0.663576,0.306504,0.000587,2.697421,0.200000,0.950000,0.023530,12,0.400000
40,1.635619,6.599010,1.291300,0.0000,0.0000,0.000000,0.0000,0.670413,0.306829,0.000106,2.697421,0.200000,0.950000,0.023530,12,0.400000
41,1.621996,6.697460,1.283914,0.0000,0.0000,0.000000,0.0000,0.668997,0.307258,0.000461,2.697421,0.200000,0.950000,0.023530,12,0.400000
42,1.601270,6.644917,1.281674,0.0000,0.0000,0.000000,0.0000,0.671279,0.307347,0.000630,2.697421,0.200000,0.950000,0.023530,12,0.400000
43,1.584301,6.660272,1.260907,0.0000,0.0000,0.000000,0.0000,0.654766,0.306476,0.000607,2.697421,0.200000,0.950000,0.023530,12,0.400000
44,1.569406,6.730528,1.269317,0.0000,0.0000,0.000000,0.0000,0.669793,0.307296,0.001049,2.697421,0.200000,0.950000,0.023530,12,0.400000
45,1.550633,6.673788,1.250489,0.0000,0.0000,0.000000,0.0000,0.655027,0.307303,0.000868,2.697421,0.200000,0.950000,0.023530,12,0.400000
46,1.534969,6.849897,1.265582,0.0000,0.0000,0.000000,0.0000,0.672330,0.309101,0.000732,2.697421,0.200000,0.950000,0.023530,12,0.400000
47,1.523963,6.693657,1.221497,0.0000,0.0000,0.000000,0.0000,0.639651,0.307563,0.000000,2.697421,0.200000,0.950000,0.023530,12,0.400000
48,1.506556,6.814444,1.250429,0.0000,0.0000,0.000000,0.0000,0.668194,0.306684,0.000303,2.697421,0.200000,0.950000,0.023530,12,0.400000
49,1.489880,6.917619,1.231670,0.0000,0.0000,0.000000,0.0000,0.656896,0.307519,0.000781,2.697421,0.200000,0.950000,0.023530,12,0.400000
50,1.479513,6.750482,1.215300,0.0000,0.0000,0.000000,0.0000,0.636497,0.307215,0.000247,2.697421,0.200000,0.950000,0.023530,12,0.400000
51,1.455728,7.034708,1.233486,0.0000,0.0000,0.000000,0.0000,0.666335,0.308095,0.000624,2.697421,0.200000,0.950000,0.023530,12,0.400000
52,1.450486,6.909191,1.193526,0.0000,0.0000,0.000000,0.0000,0.634366,0.307586,0.000407,2.697421,0.200000,0.950000,0.023530,12,0.400000
53,1.434078,6.978032,1.213245,0.0000,0.0000,0.000000,0.0000,0.652452,0.305871,0.000291,2.697421,0.200000,0.950000,0.023530,12,0.400000
54,1.421979,6.926596,1.192558,0.0000,0.0000,0.000000,0.0000,0.640554,0.307754,0.000000,2.697421,0.200000,0.950000,0.023530,12,0.400000
55,1.409471,7.104286,1.200730,0.0000,0.0000,0.000000,0.0000,0.644746,0.307301,0.000857,2.697421,0.200000,0.950000,0.023530,12,0.400000
56,1.398597,6.985614,1.187164,0.0000,0.0000,0.000000,0.0000,0.636966,0.307131,0.000647,2.697421,0.200000,0.950000,0.023530,12,0.400000
57,1.386069,7.075192,1.192392,0.0000,0.0000,0.000000,0.0000,0.643371,0.307254,0.000409,2.697421,0.200000,0.950000,0.023530,12,0.400000
58,1.374756,7.214902,1.190429,0.0000,0.0000,0.000000,0.0000,0.641603,0.306240,0.000225,2.697421,0.200000,0.950000,0.023530,12,0.400000
59,1.367748,7.025686,1.169364,0.0000,0.0000,0.000000,0.0000,0.629140,0.307709,0.000560,2.697421,0.200000,0.950000,0.023530,12,0.400000
60,1.356715,7.275712,1.183581,0.0000,0.0000,0.000000,0.0000,0.645315,0.306570,0.000244,2.697421,0.200000,0.950000,0.023530,12,0.400000
61,1.348627,7.048386,1.135579,0.0000,0.0000,0.000000,0.0000,0.605682,0.307354,0.000528,2.697421,0.200000,0.950000,0.023530,12,0.400000
62,1.337135,7.245904,1.164081,0.0000,0.0000,0.000000,0.0000,0.630311,0.307011,0.000140,2.697421,0.200000,0.950000,0.023530,12,0.400000
63,1.330857,7.405771,1.185077,0.0000,0.0000,0.000000,0.0000,0.649744,0.306781,0.000451,2.697421,0.200000,0.950000,0.023530,12,0.400000
64,1.317973,7.225927,1.144401,0.0000,0.0000,0.000000,0.0000,0.624185,0.306616,0.000289,2.697421,0.200000,0.950000,0.023530,12,0.400000
65,1.306994,7.337796,1.143802,0.0000,0.0000,0.000000,0.0000,0.628352,0.307670,0.000445,2.697421,0.200000,0.950000,0.023530,12,0.400000
66,1.300631,7.363767,1.143196,0.0000,0.0000,0.000000,0.0000,0.624426,0.306407,0.000657,2.697421,0.200000,0.950000,0.023530,12,0.400000
67,1.288379,7.349469,1.128205,0.0000,0.0000,0.000000,0.0000,0.618190,0.306611,0.000377,2.697421,0.200000,0.950000,0.023530,12,0.400000
68,1.289396,7.405837,1.148036,0.0000,0.0000,0.000000,0.0000,0.627346,0.305909,0.000055,2.697421,0.200000,0.950000,0.023530,12,0.400000
69,1.280954,7.389605,1.125422,0.0000,0.0000,0.000000,0.0000,0.613722,0.306417,0.000153,2.697421,0.200000,0.950000,0.023530,12,0.400000
70,1.270939,7.503738,1.135512,0.0000,0.0000,0.000000,0.0000,0.623718,0.305996,0.000988,2.697421,0.200000,0.950000,0.023530,12,0.400000
71,1.261668,7.506725,1.123326,0.0000,0.0000,0.000000,0.0000,0.614296,0.307524,0.000400,2.697421,0.200000,0.950000,0.023530,12,0.400000
72,1.257739,7.568933,1.128776,0.0000,0.0000,0.000000,0.0000,0.623257,0.305353,0.000679,2.697421,0.200000,0.950000,0.023530,12,0.400000
73,1.249804,7.554099,1.100787,0.0000,0.0000,0.000000,0.0000,0.598501,0.307069,0.000235,2.697421,0.200000,0.950000,0.023530,12,0.400000
74,1.242081,7.587838,1.121737,0.0000,0.0000,0.000000,0.0000,0.620474,0.306564,0.000236,2.697421,0.200000,0.950000,0.023530,12,0.400000
75,1.233907,7.637256,1.108905,0.0000,0.0000,0.000000,0.0000,0.623416,0.307645,0.000245,2.697421,0.200000,0.950000,0.023530,12,0.400000
76,1.231255,7.518580,1.095383,0.0000,0.0000,0.000000,0.0000,0.606599,0.306011,0.000590,2.697421,0.200000,0.950000,0.023530,12,0.400000
77,1.222225,7.752535,1.100378,0.0000,0.0000,0.000000,0.0000,0.615538,0.307155,0.000867,2.697421,0.200000,0.950000,0.023530,12,0.400000
78,1.217762,7.754525,1.112676,0.0000,0.0000,0.000000,0.0000,0.623674,0.306381,0.000766,2.697421,0.200000,0.950000,0.023530,12,0.400000
79,1.213319,7.583827,1.060729,0.0000,0.0000,0.000000,0.0000,0.585011,0.306869,0.000290,2.697421,0.200000,0.950000,0.023530,12,0.400000
80,1.205391,7.856970,1.118804,0.0000,0.0000,0.000000,0.0000,0.631481,0.306783,0.000515,2.697421,0.200000,0.950000,0.023530,12,0.400000
81,1.202245,7.774233,1.081995,0.0000,0.0000,0.000000,0.0000,0.612162,0.306520,0.000626,2.697421,0.200000,0.950000,0.023530,12,0.400000
82,1.195970,7.762698,1.079639,0.0000,0.0000,0.000000,0.0000,0.606202,0.307738,0.001071,2.697421,0.200000,0.950000,0.023530,12,0.400000
83,1.184880,7.808725,1.070671,0.0000,0.0000,0.000000,0.0000,0.600127,0.306025,0.000102,2.697421,0.200000,0.950000,0.023530,12,0.400000
84,1.182869,7.884133,1.071100,0.0000,0.0000,0.000000,0.0000,0.603151,0.306623,0.000763,2.697421,0.200000,0.950000,0.023530,12,0.400000
85,1.175122,7.876515,1.076422,0.0000,0.0000,0.000000,0.0000,0.616713,0.306302,0.001048,2.697421,0.200000,0.950000,0.023530,12,0.400000
86,1.171392,7.819852,1.044711,0.0000,0.0000,0.000000,0.0000,0.590228,0.306279,0.000190,2.697421,0.200000,0.950000,0.023530,12,0.400000
87,1.161431,7.977004,1.063395,0.0000,0.0000,0.000000,0.0000,0.606748,0.306575,0.000034,2.697421,0.200000,0.950000,0.023530,12,0.400000
88,1.160318,7.947178,1.051256,0.0000,0.0000,0.000000,0.0000,0.596735,0.305644,0.000410,2.697421,0.200000,0.950000,0.023530,12,0.400000
89,1.155925,8.027763,1.062559,0.0000,0.0000,0.000000,0.0000,0.612266,0.306827,0.001026,2.697421,0.200000,0.950000,0.023530,12,0.400000
90,1.151408,7.964942,1.048677,0.0000,0.0000,0.000000,0.0000,0.598647,0.305777,0.000321,2.697421,0.200000,0.950000,0.023530,12,0.400000
91,1.149956,8.051411,1.064050,0.0000,0.0000,0.000000,0.0000,0.609373,0.305746,0.000534,2.697421,0.200000,0.950000,0.023530,12,0.400000
92,1.143797,7.996264,1.021427,0.0000,0.0000,0.000000,0.0000,0.584395,0.305767,0.000490,2.697421,0.200000,0.950000,0.023530,12,0.400000
93,1.138902,8.171351,1.060012,0.0000,0.0000,0.000000,0.0000,0.616575,0.304914,0.000224,2.697421,0.200000,0.950000,0.023530,12,0.400000
94,1.133294,8.100946,1.023862,0.0000,0.0000,0.000000,0.0000,0.584644,0.305032,0.000940,2.697421,0.200000,0.950000,0.023530,12,0.400000
95,1.127778,8.134376,1.037223,0.0000,0.0000,0.000000,0.0000,0.603260,0.305978,0.000949,2.697421,0.200000,0.950000,0.023530,12,0.400000
96,1.121544,8.170663,1.032007,0.0000,0.0000,0.000000,0.0000,0.607130,0.305031,0.000664,2.697421,0.200000,0.950000,0.023530,12,0.400000
97,1.118068,8.190178,1.021339,0.0000,0.0000,0.000000,0.0000,0.587176,0.306167,0.000437,2.697421,0.200000,0.950000,0.023530,12,0.400000
98,1.116409,8.302232,1.041936,0.0000,0.0000,0.000000,0.0000,0.612157,0.304885,0.000148,2.697421,0.200000,0.950000,0.023530,12,0.400000
99,1.110089,8.208983,1.000778,0.0000,0.0000,0.000000,0.0000,0.585071,0.304750,0.000719,2.697421,0.200000,0.950000,0.023530,12,0.400000
100,1.110455,8.214985,1.020279,0.0000,0.0000,0.000000,0.0000,0.601133,0.305331,0.000964,2.697421,0.200000,0.950000,0.023530,12,0.400000
101,1.104009,8.280755,1.016321,0.0000,0.0000,0.000000,0.0000,0.595616,0.304895,0.000672,2.697421,0.200000,0.950000,0.023530,12,0.400000
102,1.099549,8.521669,1.023029,0.0000,0.0000,0.000000,0.0000,0.606071,0.305898,0.000639,2.697421,0.200000,0.950000,0.023530,12,0.400000
103,1.096375,8.213503,1.006149,0.0000,0.0000,0.000000,0.0000,0.600549,0.305325,0.000670,2.697421,0.200000,0.950000,0.023530,12,0.400000
104,1.087742,8.252266,0.978477,0.0000,0.0000,0.000000,0.0000,0.588881,0.305671,0.000473,2.697421,0.200000,0.950000,0.023530,12,0.400000
105,1.085264,8.578136,1.017057,0.0000,0.0000,0.000000,0.0000,0.611767,0.304332,0.000583,2.697421,0.200000,0.950000,0.023530,12,0.400000
106,1.085808,8.266378,0.974933,0.0000,0.0000,0.000000,0.0000,0.581544,0.305116,0.000049,2.697421,0.200000,0.950000,0.023530,12,0.400000
107,1.076751,8.521192,1.002912,0.0000,0.0000,0.000000,0.0000,0.607068,0.304212,0.001144,2.697421,0.200000,0.950000,0.023530,12,0.400000
108,1.075106,8.407817,0.976951,0.0000,0.0000,0.000000,0.0000,0.590953,0.303640,0.001043,2.697421,0.200000,0.950000,0.023530,12,0.400000
109,1.077654,8.547955,0.997083,0.0000,0.0000,0.000000,0.0000,0.605873,0.303473,0.001120,2.697421,0.200000,0.950000,0.023530,12,0.400000
110,1.067465,8.692185,1.007902,0.0000,0.0000,0.000000,0.0000,0.625656,0.303641,0.000239,2.697421,0.200000,0.950000,0.023530,12,0.400000
111,1.065966,8.392077,0.956472,0.0000,0.0000,0.000000,0.0000,0.578819,0.303986,0.000480,2.697421,0.200000,0.950000,0.023530,12,0.400000
112,1.061068,8.618028,0.977973,0.0000,0.0000,0.000000,0.0000,0.602010,0.303809,0.000612,2.697421,0.200000,0.950000,0.023530,12,0.400000
113,1.060764,8.585079,0.962948,0.0000,0.0000,0.000000,0.0000,0.592723,0.304176,0.001663,2.697421,0.200000,0.950000,0.023530,12,0.400000
114,1.057737,8.786819,0.993723,0.0000,0.0000,0.000000,0.0000,0.617631,0.303974,0.000675,2.697421,0.200000,0.950000,0.023530,12,0.400000
115,1.052120,8.644982,0.945950,0.0000,0.0000,0.000000,0.0000,0.585188,0.303445,0.000416,2.697421,0.200000,0.950000,0.023530,12,0.400000
116,1.048125,8.771125,0.976166,0.0000,0.0000,0.000000,0.0000,0.616938,0.302551,0.000216,2.697421,0.200000,0.950000,0.023530,12,0.400000
117,1.049023,8.710139,0.964445,0.0000,0.0000,0.000000,0.0000,0.607022,0.304635,0.001003,2.697421,0.200000,0.950000,0.023530,12,0.400000
118,1.041477,8.808344,0.949299,0.0000,0.0000,0.000000,0.0000,0.595590,0.303619,0.000515,2.697421,0.200000,0.950000,0.023530,12,0.400000
119,1.036438,8.655066,0.939252,0.0000,0.0000,0.000000,0.0000,0.597131,0.303103,0.000558,2.697421,0.200000,0.950000,0.023530,12,0.400000
120,1.030925,8.948471,0.958163,0.0000,0.0000,0.000000,0.0000,0.615306,0.303826,0.000375,2.697421,0.200000,0.950000,0.023530,12,0.400000
121,1.030465,8.879613,0.935502,0.0000,0.0000,0.000000,0.0000,0.594926,0.302898,0.000705,2.697421,0.200000,0.950000,0.023530,12,0.400000
122,1.029561,8.886027,0.947874,0.0000,0.0000,0.000000,0.0000,0.608177,0.302808,0.000493,2.697421,0.200000,0.950000,0.023530,12,0.400000
123,1.026840,8.920862,0.949867,0.0000,0.0000,0.000000,0.0000,0.609372,0.302552,0.000467,2.697421,0.200000,0.950000,0.023530,12,0.400000
124,1.024745,8.924882,0.918702,0.0000,0.0000,0.000000,0.0000,0.591337,0.302755,0.000446,2.697421,0.200000,0.950000,0.023530,12,0.400000
125,1.022159,9.071537,0.953422,0.0000,0.0000,0.000000,0.0000,0.626162,0.303367,0.001210,2.697421,0.200000,0.950000,0.023530,12,0.400000
126,1.013755,9.066213,0.920579,0.0000,0.0000,0.000000,0.0000,0.603318,0.302841,0.000855,2.697421,0.200000,0.950000,0.023530,12,0.400000
127,1.013778,9.018421,0.918816,0.0000,0.0000,0.000000,0.0000,0.599926,0.302370,0.001041,2.697421,0.200000,0.950000,0.023530,12,0.400000
128,1.011668,9.111242,0.920460,0.0000,0.0000,0.000000,0.0000,0.601862,0.302238,0.000001,2.697421,0.200000,0.950000,0.023530,12,0.400000
129,1.007670,9.233299,0.938570,0.0000,0.0000,0.000000,0.0000,0.630605,0.302602,0.001535,2.697421,0.200000,0.950000,0.023530,12,0.400000
130,1.008665,8.989370,0.903788,0.0000,0.0000,0.000000,0.0000,0.596275,0.301903,0.001714,2.697421,0.200000,0.950000,0.023530,12,0.400000
131,1.000024,9.293833,0.919339,0.0000,0.0000,0.000000,0.0000,0.604166,0.302585,0.000469,2.697421,0.200000,0.950000,0.023530,12,0.400000
132,0.998900,9.317020,0.919184,0.0000,0.0000,0.000000,0.0000,0.615768,0.302092,0.000909,2.697421,0.200000,0.950000,0.023530,12,0.400000
133,0.996081,9.115377,0.896271,0.0000,0.0000,0.000000,0.0000,0.599316,0.302710,0.000550,2.697421,0.200000,0.950000,0.023530,12,0.400000
134,0.995767,9.420189,0.918053,0.0000,0.0000,0.000000,0.0000,0.619434,0.302500,0.000380,2.697421,0.200000,0.950000,0.023530,12,0.400000
135,0.990716,9.370183,0.905617,0.0000,0.0000,0.000000,0.0000,0.613700,0.301215,0.000109,2.697421,0.200000,0.950000,0.023530,12,0.400000
136,0.987449,9.359562,0.895494,0.0000,0.0000,0.000000,0.0000,0.598813,0.302166,0.001470,2.697421,0.200000,0.950000,0.023530,12,0.400000
137,0.984196,9.436555,0.900506,0.0000,0.0000,0.000000,0.0000,0.614243,0.301541,0.001184,2.697421,0.200000,0.950000,0.023530,12,0.400000
138,0.982770,9.431533,0.888393,0.0000,0.0000,0.000000,0.0000,0.608060,0.301196,0.000483,2.697421,0.200000,0.950000,0.023530,12,0.400000
139,0.980067,9.433988,0.897936,0.0000,0.0000,0.000000,0.0000,0.621459,0.302274,0.000424,2.697421,0.200000,0.950000,0.023530,12,0.400000
140,0.979886,9.361503,0.881831,0.0000,0.0000,0.000000,0.0000,0.606775,0.303648,0.000616,2.697421,0.200000,0.950000,0.023530,12,0.400000
141,0.976079,9.558167,0.897401,0.0000,0.0000,0.000000,0.0000,0.624304,0.301003,0.000821,2.697421,0.200000,0.950000,0.023530,12,0.400000
142,0.975077,9.375529,0.863147,0.0000,0.0000,0.000000,0.0000,0.592086,0.299882,0.001605,2.697421,0.200000,0.950000,0.023530,12,0.400000
143,0.974790,9.792083,0.902323,0.0000,0.0000,0.000000,0.0000,0.629384,0.300281,0.001323,2.697421,0.200000,0.950000,0.023530,12,0.400000
144,0.976098,9.753747,0.887464,0.0000,0.0000,0.000000,0.0000,0.616191,0.301892,0.000720,2.697421,0.200000,0.950000,0.023530,12,0.400000
145,0.968619,9.633577,0.875258,0.0000,0.0000,0.000000,0.0000,0.620690,0.299519,0.001356,2.697421,0.200000,0.950000,0.023530,12,0.400000
146,0.966353,9.633571,0.872783,0.0000,0.0000,0.000000,0.0000,0.621106,0.300264,0.000219,2.697421,0.200000,0.950000,0.023530,12,0.400000
147,0.965038,9.799765,0.891856,0.0000,0.0000,0.000000,0.0000,0.636375,0.300573,0.000075,2.697421,0.200000,0.950000,0.023530,12,0.400000
148,0.962023,9.747737,0.867683,0.0000,0.0000,0.000000,0.0000,0.616083,0.300833,0.000731,2.697421,0.200000,0.950000,0.023530,12,0.400000
149,0.961657,9.784213,0.864943,0.0000,0.0000,0.000000,0.0000,0.610247,0.299996,0.002071,2.697421,0.200000,0.950000,0.023530,12,0.400000
150,0.958432,9.841279,0.864483,0.0000,0.0000,0.000000,0.0000,0.616145,0.299732,0.000701,2.697421,0.200000,0.950000,0.023530,12,0.400000
151,0.953197,9.894001,0.876302,0.0000,0.0000,0.000000,0.0000,0.640963,0.299535,0.000163,2.697421,0.200000,0.950000,0.023530,12,0.400000
152,0.952766,9.826496,0.848198,0.0000,0.0000,0.000000,0.0000,0.605765,0.300642,0.000775,2.697421,0.200000,0.950000,0.023530,12,0.400000
153,0.948572,9.980614,0.859131,0.0000,0.0000,0.000000,0.0000,0.625967,0.300865,0.000542,2.697421,0.200000,0.950000,0.023530,12,0.400000
154,0.948631,9.962033,0.866726,0.0000,0.0000,0.000000,0.0000,0.638508,0.302243,0.001871,2.697421,0.200000,0.950000,0.023530,12,0.400000
155,0.946592,9.918522,0.845396,0.0000,0.0000,0.000000,0.0000,0.619458,0.301729,0.000694,2.697421,0.200000,0.950000,0.023530,12,0.400000
156,0.947476,10.043591,0.853773,0.0000,0.0000,0.000000,0.0000,0.621836,0.299036,0.001095,2.697421,0.200000,0.950000,0.023530,12,0.400000
157,0.944895,10.181621,0.857362,0.0000,0.0000,0.000000,0.0000,0.632198,0.298893,0.001416,2.697421,0.200000,0.950000,0.023530,12,0.400000
158,0.940725,10.009525,0.849016,0.0000,0.0000,0.000000,0.0000,0.637656,0.298831,0.001249,2.697421,0.200000,0.950000,0.023530,12,0.400000
159,0.939689,10.300003,0.857124,0.0000,0.0000,0.000000,0.0000,0.645598,0.299158,0.001216,2.697421,0.200000,0.950000,0.023530,12,0.400000
160,0.936262,10.138620,0.842355,0.0000,0.0000,0.000000,0.0000,0.634272,0.299773,0.000807,2.697421,0.200000,0.950000,0.023530,12,0.400000
161,0.937048,10.081781,0.833073,0.0000,0.0000,0.000000,0.0000,0.626079,0.299489,0.000202,2.697421,0.200000,0.950000,0.023530,12,0.400000
162,0.932425,10.396403,0.849476,0.0000,0.0000,0.000000,0.0000,0.640368,0.298872,0.001201,2.697421,0.200000,0.950000,0.023530,12,0.400000
163,0.931366,10.223857,0.832365,0.0000,0.0000,0.000000,0.0000,0.634015,0.300210,0.000691,2.697421,0.200000,0.950000,0.023530,12,0.400000
164,0.934369,10.259037,0.846355,0.0000,0.0000,0.000000,0.0000,0.642290,0.298929,0.000736,2.697421,0.200000,0.950000,0.023530,12,0.400000
165,0.927473,10.388598,0.822735,0.0000,0.0000,0.000000,0.0000,0.625588,0.299569,0.001204,2.697421,0.200000,0.950000,0.023530,12,0.400000
166,0.928727,10.373293,0.824181,0.0000,0.0000,0.000000,0.0000,0.621403,0.298961,0.000691,2.697421,0.200000,0.950000,0.023530,12,0.400000
167,0.923245,10.539078,0.845283,0.0000,0.0000,0.000000,0.0000,0.661006,0.298572,0.000966,2.697421,0.200000,0.950000,0.023530,12,0.400000
168,0.923121,10.336853,0.817590,0.0000,0.0000,0.000000,0.0000,0.628665,0.298651,0.000987,2.697421,0.200000,0.950000,0.023530,12,0.400000
169,0.922590,10.490669,0.823088,0.0000,0.0000,0.000000,0.0000,0.635127,0.300944,0.001115,2.697421,0.200000,0.950000,0.023530,12,0.400000
170,0.919388,10.646444,0.828731,0.0000,0.0000,0.000000,0.0000,0.647993,0.298566,0.001184,2.697421,0.200000,0.950000,0.023530,12,0.400000
171,0.920836,10.407334,0.814236,0.0000,0.0000,0.000000,0.0000,0.628814,0.298838,0.001619,2.697421,0.200000,0.950000,0.023530,12,0.400000
172,0.919273,10.734954,0.829463,0.0000,0.0000,0.000000,0.0000,0.646772,0.298093,0.001155,2.697421,0.200000,0.950000,0.023530,12,0.400000
173,0.918139,10.724222,0.825515,0.0000,0.0000,0.000000,0.0000,0.645187,0.297439,0.001015,2.697421,0.200000,0.950000,0.023530,12,0.400000
174,0.912904,10.609157,0.817760,0.0000,0.0000,0.000000,0.0000,0.645098,0.299476,0.000054,2.697421,0.200000,0.950000,0.023530,12,0.400000
175,0.915224,10.608764,0.805948,0.0000,0.0000,0.000000,0.0000,0.632025,0.297358,0.001335,2.697421,0.200000,0.950000,0.023530,12,0.400000
176,0.912739,10.625770,0.809011,0.0000,0.0000,0.000000,0.0000,0.631614,0.297738,0.000811,2.697421,0.200000,0.950000,0.023530,12,0.400000
177,0.910227,10.861047,0.827167,0.0000,0.0000,0.000000,0.0000,0.662465,0.298583,0.000459,2.697421,0.200000,0.950000,0.023530,12,0.400000
178,0.909031,10.787336,0.797970,0.0000,0.0000,0.000000,0.0000,0.629190,0.297811,0.001172,2.697421,0.200000,0.950000,0.023530,12,0.400000
179,0.908353,11.042827,0.833816,0.0000,0.0000,0.000000,0.0000,0.665406,0.297506,0.000477,2.697421,0.200000,0.950000,0.023530,12,0.400000
180,0.907092,10.996342,0.806524,0.0000,0.0000,0.000000,0.0000,0.648677,0.297975,0.000561,2.697421,0.200000,0.950000,0.023530,12,0.400000
181,0.906510,10.731352,0.803942,0.0000,0.0000,0.000000,0.0000,0.642012,0.297170,0.000828,2.697421,0.200000,0.950000,0.023530,12,0.400000
182,0.904190,11.060921,0.806101,0.0000,0.0000,0.000000,0.0000,0.655412,0.299240,0.001202,2.697421,0.200000,0.950000,0.023530,12,0.400000
183,0.905614,11.021108,0.802810,0.0000,0.0000,0.000000,0.0000,0.652202,0.299325,0.000462,2.697421,0.200000,0.950000,0.023530,12,0.400000
184,0.899890,11.086499,0.798419,0.0000,0.0000,0.000000,0.0000,0.652195,0.297577,0.001160,2.697421,0.200000,0.950000,0.023530,12,0.400000
185,0.900881,10.998649,0.812589,0.0000,0.0000,0.000000,0.0000,0.662141,0.297516,0.000805,2.697421,0.200000,0.950000,0.023530,12,0.400000
186,0.897453,11.277868,0.801867,0.0000,0.0000,0.000000,0.0000,0.653073,0.297766,0.000885,2.697421,0.200000,0.950000,0.023530,12,0.400000
187,0.893949,10.981672,0.783381,0.0000,0.0000,0.000000,0.0000,0.640205,0.295949,0.001255,2.697421,0.200000,0.950000,0.023530,12,0.400000
188,0.895345,11.346532,0.804229,0.0000,0.0000,0.000000,0.0000,0.666042,0.299234,0.000725,2.697421,0.200000,0.950000,0.023530,12,0.400000
189,0.890949,11.300632,0.791145,0.0000,0.0000,0.000000,0.0000,0.650806,0.297010,0.001324,2.697421,0.200000,0.950000,0.023530,12,0.400000
190,0.888872,11.343294,0.792307,0.0000,0.0000,0.000000,0.0000,0.653142,0.297036,0.000830,2.697421,0.200000,0.950000,0.023530,12,0.400000
191,0.891245,11.242438,0.787183,0.0000,0.0000,0.000000,0.0000,0.656131,0.296590,0.000757,2.697421,0.200000,0.950000,0.023530,12,0.400000
192,0.892619,11.361285,0.793396,0.0000,0.0000,0.000000,0.0000,0.659407,0.295842,0.000962,2.697421,0.200000,0.950000,0.023530,12,0.400000
193,0.888394,11.550115,0.797299,0.0000,0.0000,0.000000,0.0000,0.665195,0.295970,0.001243,2.697421,0.200000,0.950000,0.023530,12,0.400000
194,0.885214,11.355014,0.780979,0.0000,0.0000,0.000000,0.0000,0.648932,0.297017,0.001118,2.697421,0.200000,0.950000,0.023530,12,0.400000
195,0.887344,11.430194,0.780977,0.0000,0.0000,0.000000,0.0000,0.653242,0.296855,0.000389,2.697421,0.200000,0.950000,0.023530,12,0.400000
196,0.885873,11.670583,0.793547,0.0000,0.0000,0.000000,0.0000,0.666900,0.296027,0.001741,2.697421,0.200000,0.950000,0.023530,12,0.400000
197,0.884099,11.503128,0.778905,0.0000,0.0000,0.000000,0.0000,0.658751,0.295607,0.000654,2.697421,0.200000,0.950000,0.023530,12,0.400000
198,0.881394,11.448043,0.772355,0.0000,0.0000,0.000000,0.0000,0.657074,0.295656,0.000313,2.697421,0.200000,0.950000,0.023530,12,0.400000
199,0.881639,11.575449,0.784572,0.0000,0.0000,0.000000,0.0000,0.663124,0.295467,0.000788,2.697421,0.200000,0.950000,0.023530,12,0.400000
200,0.881234,11.751433,0.790625,0.0000,0.0000,0.000000,0.0000,0.672604,0.295276,0.000540,2.697421,0.200000,0.950000,0.023530,12,0.400000
201,0.879035,11.727368,0.780479,0.0000,0.0000,0.000000,0.0000,0.666913,0.295387,0.000769,2.697421,0.200000,0.950000,0.023530,12,0.400000
202,0.879380,11.541613,0.770318,0.0000,0.0000,0.000000,0.0000,0.653847,0.295271,0.001642,2.697421,0.200000,0.950000,0.023530,12,0.400000
203,0.880778,12.024714,0.795530,0.0000,0.0000,0.000000,0.0000,0.685128,0.294658,0.001084,2.697421,0.200000,0.950000,0.023530,12,0.400000
204,0.879239,11.526545,0.771401,0.0000,0.0000,0.000000,0.0000,0.656823,0.295641,0.000674,2.697421,0.200000,0.950000,0.023530,12,0.400000
205,0.877531,11.548739,0.756059,0.0000,0.0000,0.000000,0.0000,0.650214,0.296151,0.001071,2.697421,0.200000,0.950000,0.023530,12,0.400000
206,0.875711,12.173903,0.803206,0.0000,0.0000,0.000000,0.0000,0.704997,0.294723,0.001169,2.697421,0.200000,0.950000,0.023530,12,0.400000
207,0.877881,11.615354,0.739749,0.0000,0.0000,0.000000,0.0000,0.627350,0.294936,0.001393,2.697421,0.200000,0.950000,0.023530,12,0.400000
208,0.873926,11.985872,0.789545,0.0000,0.0000,0.000000,0.0000,0.683060,0.295966,0.000322,2.697421,0.200000,0.950000,0.023530,12,0.400000
209,0.870994,11.796924,0.765418,0.0000,0.0000,0.000000,0.0000,0.662497,0.294704,0.001739,2.697421,0.200000,0.950000,0.023530,12,0.400000
210,0.871727,12.020013,0.777962,0.0000,0.0000,0.000000,0.0000,0.677550,0.294133,0.001108,2.697421,0.200000,0.950000,0.023530,12,0.400000
211,0.869053,11.840539,0.762143,0.0000,0.0000,0.000000,0.0000,0.670504,0.295134,0.001394,2.697421,0.200000,0.950000,0.023530,12,0.400000
212,0.869871,12.012837,0.771750,0.0000,0.0000,0.000000,0.0000,0.677957,0.295779,0.001596,2.697421,0.200000,0.950000,0.023530,12,0.400000
213,0.868794,12.168084,0.767507,0.0000,0.0000,0.000000,0.0000,0.673116,0.295061,0.001057,2.697421,0.200000,0.950000,0.023530,12,0.400000
214,0.867264,12.211337,0.778022,0.0000,0.0000,0.000000,0.0000,0.681366,0.294763,0.000545,2.697421,0.200000,0.950000,0.023530,12,0.400000
215,0.864405,11.845530,0.751869,0.0000,0.0000,0.000000,0.0000,0.657823,0.294397,0.000955,2.697421,0.200000,0.950000,0.023530,12,0.400000
216,0.862856,12.193870,0.777120,0.0000,0.0000,0.000000,0.0000,0.690151,0.293822,0.000591,2.697421,0.200000,0.950000,0.023530,12,0.400000
217,0.860008,12.054918,0.739871,0.0000,0.0000,0.000000,0.0000,0.655408,0.294027,0.000788,2.697421,0.200000,0.950000,0.023530,12,0.400000
218,0.862957,12.309701,0.765791,0.0000,0.0000,0.000000,0.0000,0.684353,0.293025,0.002826,2.697421,0.200000,0.950000,0.023530,12,0.400000
219,0.862344,12.047910,0.757666,0.0000,0.0000,0.000000,0.0000,0.670294,0.296752,0.001080,2.697421,0.200000,0.950000,0.023530,12,0.400000
220,0.861573,12.220963,0.744378,0.0000,0.0000,0.000000,0.0000,0.657526,0.293954,0.001565,2.697421,0.200000,0.950000,0.023530,12,0.400000
221,0.858285,12.614323,0.779103,0.0000,0.0000,0.000000,0.0000,0.700916,0.293177,0.000389,2.697421,0.200000,0.950000,0.023530,12,0.400000
222,0.860961,12.254168,0.753983,0.0000,0.0000,0.000000,0.0000,0.680532,0.293028,0.000360,2.697421,0.200000,0.950000,0.023530,12,0.400000
223,0.856288,12.450086,0.752651,0.0000,0.0000,0.000000,0.0000,0.674962,0.294258,0.001236,2.697421,0.200000,0.950000,0.023530,12,0.400000
224,0.855676,12.535212,0.759846,0.0000,0.0000,0.000000,0.0000,0.685075,0.293908,0.000874,2.697421,0.200000,0.950000,0.023530,12,0.400000
225,0.857265,12.345438,0.747369,0.0000,0.0000,0.000000,0.0000,0.667084,0.293848,0.000603,2.697421,0.200000,0.950000,0.023530,12,0.400000
226,0.857041,12.563472,0.769276,0.0000,0.0000,0.000000,0.0000,0.701132,0.293667,0.000466,2.697421,0.200000,0.950000,0.023530,12,0.400000
227,0.854517,12.377049,0.742440,0.0000,0.0000,0.000000,0.0000,0.667380,0.293280,0.001759,2.697421,0.200000,0.950000,0.023530,12,0.400000
228,0.851085,12.591836,0.755253,0.0000,0.0000,0.000000,0.0000,0.687561,0.293589,0.000302,2.697421,0.200000,0.950000,0.023530,12,0.400000
229,0.857218,12.608551,0.760377,0.0000,0.0000,0.000000,0.0000,0.681762,0.293320,0.000949,2.697421,0.200000,0.950000,0.023530,12,0.400000
230,0.849082,12.568443,0.744977,0.0000,0.0000,0.000000,0.0000,0.678297,0.293351,0.001056,2.697421,0.200000,0.950000,0.023530,12,0.400000
231,0.855292,12.507206,0.758114,0.0000,0.0000,0.000000,0.0000,0.686729,0.293235,0.001200,2.697421,0.200000,0.950000,0.023530,12,0.400000
232,0.847525,12.518808,0.734627,0.0000,0.0000,0.000000,0.0000,0.668195,0.294589,0.001709,2.697421,0.200000,0.950000,0.023530,12,0.400000
233,0.845524,13.083891,0.760218,0.0000,0.0000,0.000000,0.0000,0.700965,0.294415,0.001121,2.697421,0.200000,0.950000,0.023530,12,0.400000
234,0.847648,12.771613,0.738581,0.0000,0.0000,0.000000,0.0000,0.670934,0.292321,0.002361,2.697421,0.200000,0.950000,0.023530,12,0.400000
235,0.843066,12.748331,0.746427,0.0000,0.0000,0.000000,0.0000,0.681713,0.292572,0.000589,2.697421,0.200000,0.950000,0.023530,12,0.400000
236,0.845874,12.728015,0.738741,0.0000,0.0000,0.000000,0.0000,0.682063,0.292677,0.000987,2.697421,0.200000,0.950000,0.023530,12,0.400000
237,0.845153,13.046820,0.738567,0.0000,0.0000,0.000000,0.0000,0.681877,0.291908,0.000670,2.697421,0.200000,0.950000,0.023530,12,0.400000
238,0.840639,12.705840,0.725933,0.0000,0.0000,0.000000,0.0000,0.669370,0.292147,0.000785,2.697421,0.200000,0.950000,0.023530,12,0.400000
239,0.844203,13.303671,0.769267,0.0000,0.0000,0.000000,0.0000,0.718893,0.292013,0.001017,2.697421,0.200000,0.950000,0.023530,12,0.400000
240,0.843417,13.008066,0.730659,0.0000,0.0000,0.000000,0.0000,0.676013,0.291408,0.000659,2.697421,0.200000,0.950000,0.023530,12,0.400000
241,0.844041,12.840104,0.737910,0.0000,0.0000,0.000000,0.0000,0.679651,0.291262,0.000492,2.697421,0.200000,0.950000,0.023530,12,0.400000
242,0.845486,13.147360,0.749113,0.0000,0.0000,0.000000,0.0000,0.703383,0.291448,0.000736,2.697421,0.200000,0.950000,0.023530,12,0.400000
243,0.839376,12.850179,0.722040,0.0000,0.0000,0.000000,0.0000,0.664894,0.291314,0.000854,2.697421,0.200000,0.950000,0.023530,12,0.400000
244,0.837164,13.565747,0.759413,0.0000,0.0000,0.000000,0.0000,0.711390,0.291344,0.001281,2.697421,0.200000,0.950000,0.023530,12,0.400000
245,0.837474,12.924259,0.718279,0.0000,0.0000,0.000000,0.0000,0.672663,0.290799,0.001639,2.697421,0.200000,0.950000,0.023530,12,0.400000
246,0.835661,13.328510,0.743048,0.0000,0.0000,0.000000,0.0000,0.700020,0.291493,0.000905,2.697421,0.200000,0.950000,0.023530,12,0.400000
247,0.838092,13.310107,0.729990,0.0000,0.0000,0.000000,0.0000,0.681181,0.292181,0.001368,2.697421,0.200000,0.950000,0.023530,12,0.400000
248,0.833194,13.386584,0.740735,0.0000,0.0000,0.000000,0.0000,0.707496,0.291470,0.001274,2.697421,0.200000,0.950000,0.023530,12,0.400000
249,0.836325,13.357505,0.726583,0.0000,0.0000,0.000000,0.0000,0.683206,0.290697,0.001009,2.697421,0.200000,0.950000,0.023530,12,0.400000
250,0.831205,13.189311,0.728041,0.0000,0.0000,0.000000,0.0000,0.678626,0.290763,0.000579,2.697421,0.200000,0.950000,0.023530,12,0.400000
251,0.832489,13.314699,0.731938,0.0000,0.0000,0.000000,0.0000,0.697682,0.291780,0.000450,2.697421,0.200000,0.950000,0.023530,12,0.400000
252,0.834370,13.323605,0.732279,0.0000,0.0000,0.000000,0.0000,0.683695,0.291596,0.000840,2.697421,0.200000,0.950000,0.023530,12,0.400000
253,0.834693,13.720725,0.724972,0.0000,0.0000,0.000000,0.0000,0.685811,0.291727,0.000815,2.697421,0.200000,0.950000,0.023530,12,0.400000
254,0.830022,13.461403,0.741486,0.0000,0.0000,0.000000,0.0000,0.696477,0.290854,0.000814,2.697421,0.200000,0.950000,0.023530,12,0.400000
255,0.830146,13.446207,0.713111,0.0000,0.0000,0.000000,0.0000,0.678792,0.289953,0.001342,2.697421,0.200000,0.950000,0.023530,12,0.400000
256,0.829154,13.750530,0.737979,0.0000,0.0000,0.000000,0.0000,0.715480,0.290717,0.000617,2.697421,0.200000,0.950000,0.023530,12,0.400000
257,0.826015,13.559068,0.720246,0.0000,0.0000,0.000000,0.0000,0.689654,0.289889,0.001227,2.697421,0.200000,0.950000,0.023530,12,0.400000
258,0.825452,13.470447,0.720295,0.0000,0.0000,0.000000,0.0000,0.690385,0.290098,0.001964,2.697421,0.200000,0.950000,0.023530,12,0.400000
259,0.826283,13.687524,0.725209,0.0000,0.0000,0.000000,0.0000,0.692446,0.291492,0.001379,2.697421,0.200000,0.950000,0.023530,12,0.400000
260,0.823064,13.823374,0.737224,0.0000,0.0000,0.000000,0.0000,0.714076,0.289379,0.001371,2.697421,0.200000,0.950000,0.023530,12,0.400000
261,0.823751,13.476069,0.716376,0.0000,0.0000,0.000000,0.0000,0.688609,0.290469,0.001257,2.697421,0.200000,0.950000,0.023530,12,0.400000
262,0.819785,13.640531,0.701026,0.0000,0.0000,0.000000,0.0000,0.672397,0.291230,0.000632,2.697421,0.200000,0.950000,0.023530,12,0.400000
263,0.823230,13.818484,0.731511,0.0000,0.0000,0.000000,0.0000,0.709557,0.290053,0.000625,2.697421,0.200000,0.950000,0.023530,12,0.400000
264,0.822197,13.783226,0.719150,0.0000,0.0000,0.000000,0.0000,0.693729,0.289109,0.000798,2.697421,0.200000,0.950000,0.023530,12,0.400000
265,0.818997,13.996519,0.723928,0.0000,0.0000,0.000000,0.0000,0.706495,0.290491,0.000790,2.697421,0.200000,0.950000,0.023530,12,0.400000
266,0.823869,14.017621,0.719387,0.0000,0.0000,0.000000,0.0000,0.700617,0.290958,0.001002,2.697421,0.200000,0.950000,0.023530,12,0.400000
267,0.819070,13.877843,0.714392,0.0000,0.0000,0.000000,0.0000,0.700081,0.288799,0.000522,2.697421,0.200000,0.950000,0.023530,12,0.400000
268,0.818818,13.908010,0.704778,0.0000,0.0000,0.000000,0.0000,0.691273,0.290406,0.001673,2.697421,0.200000,0.950000,0.023530,12,0.400000
269,0.816157,14.047849,0.721501,0.0000,0.0000,0.000000,0.0000,0.704068,0.289825,0.001598,2.697421,0.200000,0.950000,0.023530,12,0.400000
270,0.821242,13.949473,0.709748,0.0000,0.0000,0.000000,0.0000,0.689076,0.289716,0.000363,2.697421,0.200000,0.950000,0.023530,12,0.400000
271,0.814853,13.906485,0.717677,0.0000,0.0000,0.000000,0.0000,0.696918,0.288158,0.000512,2.697421,0.200000,0.950000,0.023530,12,0.400000
272,0.814640,14.223820,0.723624,0.0000,0.0000,0.000000,0.0000,0.714491,0.290247,0.001034,2.697421,0.200000,0.950000,0.023530,12,0.400000
273,0.817990,14.014628,0.705407,0.0000,0.0000,0.000000,0.0000,0.685978,0.288364,0.001765,2.697421,0.200000,0.950000,0.023530,12,0.400000
274,0.815238,14.069571,0.718252,0.0000,0.0000,0.000000,0.0000,0.707260,0.290078,0.001061,2.697421,0.200000,0.950000,0.023530,12,0.400000
275,0.816551,14.226173,0.711984,0.0000,0.0000,0.000000,0.0000,0.698072,0.290629,0.000845,2.697421,0.200000,0.950000,0.023530,12,0.400000
276,0.814269,14.104154,0.712674,0.0000,0.0000,0.000000,0.0000,0.704760,0.290004,0.000878,2.697421,0.200000,0.950000,0.023530,12,0.400000
277,0.817349,14.123961,0.714939,0.0000,0.0000,0.000000,0.0000,0.701229,0.287703,0.001086,2.697421,0.200000,0.950000,0.023530,12,0.400000
278,0.811135,14.423226,0.725095,0.0000,0.0000,0.000000,0.0000,0.719528,0.287784,0.001709,2.697421,0.200000,0.950000,0.023530,12,0.400000
279,0.809023,14.140634,0.698566,0.0000,0.0000,0.000000,0.0000,0.685367,0.288297,0.001455,2.697421,0.200000,0.950000,0.023530,12,0.400000
280,0.808662,14.399070,0.713460,0.0000,0.0000,0.000000,0.0000,0.711722,0.289616,0.001240,2.697421,0.200000,0.950000,0.023530,12,0.400000
