epoch,loss,g_pos,g_neg,hallucinate_ratio,gate_ratio,hall_hardness,hall_close_ratio,energy_penalty,risk_loss,portfolio_loss,dist_forward_loss,goodness_target_used,neg_mix_end_used,neg_gate_margin_used,hall_lr_used,hall_steps_used,hall_node_fraction_used,rank_aux_loss,time_neg_gen_s,time_hallucinate_s,time_forward_pos_s,time_forward_neg_s,time_loss_terms_s,time_optimizer_s
1,2.098912,0.998465,0.555804,0.0000,0.0000,0.000000,0.0000,0.000000,0.316926,0.000000,0.003870,2.300000,0.750000,0.650000,0.020000,1,0.200000,0.744459,0.000246,0.000000,0.125132,0.125132,0.020029,0.068269
2,1.582220,0.997035,0.338832,0.0000,0.0000,0.000000,0.0000,0.000000,0.312605,0.000000,0.010501,2.300000,0.750000,0.650000,0.020000,1,0.200000,0.743771,0.000208,0.000000,0.000790,0.000790,0.016553,0.017413
3,1.430064,0.995815,0.272827,0.0000,0.0000,0.000000,0.0000,0.000000,0.314440,0.000000,0.021415,2.300000,0.750000,0.650000,0.020000,1,0.200000,0.744127,0.000214,0.000000,0.000774,0.000774,0.016644,0.017234
4,1.360695,0.996268,0.253653,0.0000,0.0000,0.000000,0.0000,0.000000,0.313001,0.000000,0.019875,2.300000,0.750000,0.650000,0.020000,1,0.200000,0.743560,0.000223,0.000000,0.000810,0.000810,0.017033,0.018352
5,1.289975,0.996477,0.232500,0.0000,0.0000,0.000000,0.0000,0.000000,0.311132,0.000000,0.021126,2.300000,0.750000,0.650000,0.020000,1,0.200000,0.742989,0.000232,0.000000,0.001806,0.001806,0.022024,0.019161
6,1.220787,0.996338,0.214103,0.0000,0.0000,0.000000,0.0000,0.000000,0.311376,0.000000,0.020663,2.300000,0.750000,0.650000,0.020500,1,0.205000,0.742753,0.000253,0.000000,0.001137,0.001137,0.020413,0.019175
7,1.170490,0.996129,0.197257,0.0000,0.0000,0.000000,0.0000,0.000000,0.310245,0.000000,0.023364,2.300000,0.750000,0.650000,0.021000,1,0.210000,0.742068,0.000376,0.000000,0.001082,0.001082,0.018412,0.017944
8,1.128240,0.996233,0.182530,0.0000,0.0000,0.000000,0.0000,0.000000,0.310950,0.000000,0.025420,2.300000,0.750000,0.650000,0.021500,1,0.215000,0.741380,0.000194,0.000000,0.000721,0.000721,0.016558,0.017359
9,1.084760,0.996059,0.169634,0.0000,0.0000,0.000000,0.0000,0.000000,0.310500,0.000000,0.029412,2.300000,0.750000,0.650000,0.022000,1,0.220000,0.740618,0.000195,0.000000,0.000720,0.000720,0.016652,0.017370
10,1.033307,0.995884,0.151899,0.0000,0.0000,0.000000,0.0000,0.000000,0.311129,0.000000,0.032663,2.300000,0.750000,0.650000,0.022500,2,0.225000,0.740521,0.000204,0.000000,0.000726,0.000726,0.016576,0.017473
11,0.980674,0.995466,0.141397,0.0000,0.0000,0.000000,0.0000,0.000000,0.311723,0.000000,0.036863,2.300000,0.750000,0.650000,0.023000,2,0.230000,0.739254,0.000199,0.000000,0.000719,0.000719,0.016423,0.017137
12,0.935673,0.995396,0.122995,0.0000,0.0000,0.000000,0.0000,0.000000,0.310898,0.000000,0.042266,2.300000,0.750000,0.650000,0.023500,2,0.235000,0.738528,0.000191,0.000000,0.000714,0.000714,0.016345,0.017231
13,0.875764,0.995013,0.110718,0.0000,0.0000,0.000000,0.0000,0.000000,0.311534,0.000000,0.046605,2.300000,0.750000,0.650000,0.024000,2,0.240000,0.736788,0.000199,0.000000,0.000728,0.000728,0.016908,0.017337
14,0.817961,0.994455,0.094700,0.0000,0.0000,0.000000,0.0000,0.000000,0.310524,0.000000,0.048461,2.300000,0.750000,0.650000,0.024500,2,0.245000,0.735472,0.000201,0.000000,0.000749,0.000749,0.017013,0.017434
15,0.770878,0.993617,0.082681,0.0000,0.0000,0.000000,0.0000,0.000000,0.310770,0.000000,0.054969,2.300000,0.750000,0.650000,0.025000,2,0.250000,0.733445,0.000214,0.000000,0.000748,0.000748,0.016502,0.017264
16,0.725205,0.993129,0.070988,0.0000,0.0000,0.000000,0.0000,0.000000,0.311168,0.000000,0.057579,2.300000,0.750000,0.650000,0.025500,2,0.255000,0.731587,0.000193,0.000000,0.000718,0.000718,0.016472,0.017379
17,0.671368,0.992257,0.061240,0.0000,0.0000,0.000000,0.0000,0.000000,0.309574,0.000000,0.060405,2.300000,0.750000,0.650000,0.026000,2,0.260000,0.726609,0.000210,0.000000,0.000746,0.000746,0.016522,0.017254
18,0.626886,0.991385,0.055474,0.0000,0.0000,0.000000,0.0000,0.000000,0.310884,0.000000,0.063429,2.300000,0.750000,0.650000,0.026500,2,0.265000,0.721641,0.000224,0.000000,0.000957,0.000957,0.018179,0.017863
19,0.591891,0.989572,0.049116,0.0000,0.0000,0.000000,0.0000,0.000000,0.311309,0.000000,0.065592,2.300000,0.750000,0.650000,0.027000,2,0.270000,0.722052,0.000239,0.000000,0.001534,0.001534,0.020875,0.018672
20,0.553564,0.988665,0.045068,0.0000,0.0000,0.000000,0.0000,0.000000,0.310142,0.000000,0.068038,2.300000,0.750000,0.650000,0.027500,2,0.275000,0.716606,0.000267,0.000000,0.001488,0.001488,0.021912,0.019348
21,0.533789,0.986398,0.043339,0.0000,0.0000,0.000000,0.0000,0.000000,0.310087,0.000000,0.068569,2.300000,0.750000,0.650000,0.028000,3,0.280000,0.711110,0.000219,0.000000,0.000743,0.000743,0.017031,0.017471
22,0.516896,0.986328,0.042932,0.0000,0.0000,0.000000,0.0000,0.000000,0.310522,0.000000,0.068475,2.300000,0.750000,0.650000,0.028500,3,0.285000,0.711148,0.000216,0.000000,0.000775,0.000775,0.016874,0.017385
23,0.508737,0.986084,0.042504,0.0000,0.0000,0.000000,0.0000,0.000000,0.310971,0.000000,0.069426,2.300000,0.750000,0.650000,0.029000,3,0.290000,0.701010,0.000201,0.000000,0.000723,0.000723,0.016633,0.017286
24,0.488955,0.985770,0.041526,0.0000,0.0000,0.000000,0.0000,0.000000,0.310409,0.000000,0.069701,2.300000,0.750000,0.650000,0.029500,3,0.295000,0.697743,0.000203,0.000000,0.000729,0.000729,0.016826,0.017258
25,0.474503,0.985840,0.040205,0.0000,0.0000,0.000000,0.0000,0.000000,0.310957,0.000000,0.070206,2.300000,0.750000,0.650000,0.030000,3,0.300000,0.687205,0.000185,0.000000,0.000701,0.000701,0.016894,0.017273
26,0.474386,0.984549,0.039211,0.0000,0.0000,0.000000,0.0000,0.000000,0.310571,0.000000,0.070153,2.300000,0.750000,0.650000,0.030500,3,0.305000,0.680976,0.000192,0.000000,0.000771,0.000771,0.016630,0.017209
27,0.471266,0.983747,0.039461,0.0000,0.0000,0.000000,0.0000,0.000000,0.309909,0.000000,0.070252,2.300000,0.750000,0.650000,0.031000,3,0.310000,0.663290,0.000210,0.000000,0.000723,0.000723,0.016628,0.017201
28,0.457528,0.985038,0.041920,0.0000,0.0000,0.000000,0.0000,0.000000,0.310958,0.000000,0.069930,2.300000,0.750000,0.650000,0.031500,3,0.315000,0.654527,0.000217,0.000000,0.000745,0.000745,0.016923,0.017539
29,0.446893,0.986014,0.042182,0.0000,0.0000,0.000000,0.0000,0.000000,0.310733,0.000000,0.070339,2.300000,0.750000,0.650000,0.032000,3,0.320000,0.644606,0.000194,0.000000,0.000708,0.000708,0.016415,0.017289
30,0.443964,0.986258,0.042777,0.0000,0.0000,0.000000,0.0000,0.000000,0.311018,0.000000,0.070296,2.300000,0.750000,0.650000,0.032500,4,0.325000,0.620027,0.000200,0.000000,0.000707,0.000707,0.016646,0.017323
31,0.440860,0.986572,0.041663,0.0000,0.0000,0.000000,0.0000,0.000000,0.310238,0.000000,0.069785,2.300000,0.750000,0.650000,0.033000,4,0.330000,0.588710,0.000216,0.000000,0.000815,0.000815,0.016537,0.017330
32,0.430609,0.986956,0.042696,0.0000,0.0000,0.000000,0.0000,0.000000,0.309768,0.000000,0.069953,2.300000,0.750000,0.650000,0.033500,4,0.335000,0.577357,0.000223,0.000000,0.001126,0.001126,0.019763,0.018024
33,0.428261,0.985352,0.041491,0.0000,0.0000,0.000000,0.0000,0.000000,0.310227,0.000000,0.070832,2.300000,0.750000,0.650000,0.034000,4,0.340000,0.583023,0.000400,0.000000,0.001495,0.001495,0.022423,0.018907
34,0.424999,0.984375,0.041227,0.0000,0.0000,0.000000,0.0000,0.000000,0.311680,0.000000,0.070156,2.300000,0.750000,0.650000,0.034500,4,0.345000,0.540565,0.000234,0.000000,0.001243,0.001243,0.020403,0.018939
35,0.418401,0.985631,0.043862,0.0000,0.0000,0.000000,0.0000,0.000000,0.309895,0.000000,0.070793,2.300000,0.750000,0.650000,0.035000,4,0.350000,0.512293,0.000200,0.000000,0.000748,0.000748,0.016701,0.017394
36,0.409772,0.985526,0.043084,0.0000,0.0000,0.000000,0.0000,0.000000,0.310224,0.000000,0.070974,2.300000,0.750000,0.650000,0.035000,4,0.350000,0.492856,0.000195,0.000000,0.000715,0.000715,0.016753,0.017347
37,0.409016,0.985317,0.042330,0.0000,0.0000,0.000000,0.0000,0.000000,0.310103,0.000000,0.070761,2.300000,0.750000,0.650000,0.035000,4,0.350000,0.459864,0.000336,0.000000,0.000680,0.000680,0.016598,0.017235
38,0.405096,0.985491,0.043985,0.0000,0.0000,0.000000,0.0000,0.000000,0.310847,0.000000,0.070544,2.300000,0.750000,0.650000,0.035000,4,0.350000,0.433627,0.000196,0.000000,0.000716,0.000716,0.016758,0.017292
39,0.400955,0.985421,0.044874,0.0000,0.0000,0.000000,0.0000,0.000000,0.310181,0.000000,0.070550,2.300000,0.750000,0.650000,0.035000,4,0.350000,0.419163,0.000209,0.000000,0.000733,0.000733,0.016666,0.017433
40,0.398195,0.985003,0.043213,0.0000,0.0000,0.000000,0.0000,0.000000,0.310366,0.000000,0.071308,2.300000,0.750000,0.650000,0.035000,4,0.350000,0.392137,0.000206,0.000000,0.000719,0.000719,0.016582,0.017375
41,0.392154,0.985875,0.043254,0.0000,0.0000,0.000000,0.0000,0.000000,0.309946,0.000000,0.070808,2.300000,0.750000,0.650000,0.035000,4,0.350000,0.363354,0.000191,0.000000,0.000699,0.000699,0.016660,0.017287
42,0.392326,0.986956,0.044290,0.0000,0.0000,0.000000,0.0000,0.000000,0.311038,0.000000,0.070801,2.300000,0.750000,0.650000,0.035000,4,0.350000,0.322227,0.000194,0.000000,0.000702,0.000702,0.016892,0.017342
43,0.393757,0.985282,0.046014,0.0000,0.0000,0.000000,0.0000,0.000000,0.310527,0.000000,0.071091,2.300000,0.750000,0.650000,0.035000,4,0.350000,0.318298,0.000197,0.000000,0.000699,0.000699,0.016861,0.017320
44,0.386826,0.984724,0.044179,0.0000,0.0000,0.000000,0.0000,0.000000,0.310690,0.000000,0.070512,2.300000,0.750000,0.650000,0.035000,4,0.350000,0.281423,0.000190,0.000000,0.000678,0.000678,0.016864,0.017532
45,0.387729,0.985317,0.047246,0.0000,0.0000,0.000000,0.0000,0.000000,0.310811,0.000000,0.070625,2.300000,0.750000,0.650000,0.035000,4,0.350000,0.264802,0.000206,0.000000,0.000707,0.000707,0.016861,0.017554
46,0.380174,0.986154,0.046193,0.0000,0.0000,0.000000,0.0000,0.000000,0.310098,0.000000,0.070836,2.300000,0.750000,0.650000,0.035000,4,0.350000,0.239995,0.000276,0.000000,0.000967,0.000967,0.018019,0.018269
47,0.377882,0.985177,0.046402,0.0000,0.0000,0.000000,0.0000,0.000000,0.310859,0.000000,0.070669,2.300000,0.750000,0.650000,0.035000,4,0.350000,0.254507,0.000403,0.000000,0.001319,0.001319,0.021218,0.019026
48,0.368916,0.984270,0.044782,0.0000,0.0000,0.000000,0.0000,0.000000,0.310198,0.000000,0.071366,2.300000,0.750000,0.650000,0.035000,4,0.350000,0.214603,0.000232,0.000000,0.001375,0.001375,0.021624,0.019296
49,0.381512,0.982840,0.044745,0.0000,0.0000,0.000000,0.0000,0.000000,0.309736,0.000000,0.071341,2.300000,0.750000,0.650000,0.035000,4,0.350000,0.224557,0.000195,0.000000,0.000697,0.000697,0.016844,0.017646
50,0.369912,0.985735,0.045731,0.0000,0.0000,0.000000,0.0000,0.000000,0.309264,0.000000,0.071469,2.300000,0.750000,0.650000,0.035000,4,0.350000,0.157306,0.000198,0.000000,0.000701,0.000701,0.016633,0.017251
51,0.371840,0.984828,0.045020,0.0000,0.0000,0.000000,0.0000,0.000000,0.310571,0.000000,0.071147,2.300000,0.750000,0.650000,0.035000,4,0.350000,0.202211,0.000203,0.000000,0.000708,0.000708,0.016679,0.017394
52,0.368190,0.983887,0.044922,0.0000,0.0000,0.000000,0.0000,0.000000,0.310407,0.000000,0.071266,2.300000,0.750000,0.650000,0.035000,4,0.350000,0.149752,0.000206,0.000000,0.000730,0.000730,0.016322,0.017225
53,0.373512,0.982492,0.043494,0.0000,0.0000,0.000000,0.0000,0.000000,0.310034,0.000000,0.071570,2.300000,0.750000,0.650000,0.035000,4,0.350000,0.136504,0.000213,0.000000,0.000754,0.000754,0.017079,0.018039
54,0.369339,0.984689,0.045803,0.0000,0.0000,0.000000,0.0000,0.000000,0.310784,0.000000,0.070993,2.300000,0.750000,0.650000,0.035000,4,0.350000,0.161686,0.000203,0.000000,0.000699,0.000699,0.016349,0.017397
55,0.365705,0.984759,0.046864,0.0000,0.0000,0.000000,0.0000,0.000000,0.309401,0.000000,0.070943,2.300000,0.750000,0.650000,0.035000,4,0.350000,0.118072,0.000197,0.000000,0.000698,0.000698,0.016583,0.017522
56,0.368837,0.984270,0.049901,0.0000,0.0000,0.000000,0.0000,0.000000,0.310453,0.000000,0.070568,2.300000,0.750000,0.650000,0.035000,4,0.350000,0.120479,0.000204,0.000000,0.000750,0.000750,0.016936,0.017475
57,0.365534,0.984863,0.048728,0.0000,0.0000,0.000000,0.0000,0.000000,0.310626,0.000000,0.070836,2.300000,0.750000,0.650000,0.035000,4,0.350000,0.112538,0.000201,0.000000,0.000738,0.000738,0.016662,0.017299
58,0.358815,0.986991,0.047413,0.0000,0.0000,0.000000,0.0000,0.000000,0.309904,0.000000,0.071031,2.300000,0.750000,0.650000,0.035000,4,0.350000,0.112885,0.000202,0.000000,0.000704,0.000704,0.016534,0.017212
59,0.362421,0.983119,0.048645,0.0000,0.0000,0.000000,0.0000,0.000000,0.309962,0.000000,0.071489,2.300000,0.750000,0.650000,0.035000,4,0.350000,0.108281,0.000208,0.000000,0.000716,0.000716,0.016558,0.017353
60,0.357810,0.984201,0.048109,0.0000,0.0000,0.000000,0.0000,0.000000,0.310461,0.000000,0.071225,2.300000,0.750000,0.650000,0.035000,4,0.350000,0.114109,0.000380,0.000000,0.001277,0.001277,0.019091,0.018959
61,0.364276,0.984061,0.049258,0.0000,0.0000,0.000000,0.0000,0.000000,0.311002,0.000000,0.071532,2.300000,0.750000,0.650000,0.035000,4,0.350000,0.080638,0.000251,0.000000,0.001618,0.001618,0.022550,0.018991
62,0.356573,0.985317,0.048165,0.0000,0.0000,0.000000,0.0000,0.000000,0.309451,0.000000,0.071248,2.300000,0.750000,0.650000,0.035000,4,0.350000,0.094512,0.000229,0.000000,0.001299,0.001299,0.019873,0.018383
63,0.351247,0.982631,0.045959,0.0000,0.0000,0.000000,0.0000,0.000000,0.310036,0.000000,0.071730,2.300000,0.750000,0.650000,0.035000,4,0.350000,0.081054,0.000202,0.000000,0.000732,0.000732,0.016464,0.017226
64,0.357423,0.982247,0.045489,0.0000,0.0000,0.000000,0.0000,0.000000,0.309806,0.000000,0.071640,2.300000,0.750000,0.650000,0.035000,4,0.350000,0.076157,0.000202,0.000000,0.000710,0.000710,0.016791,0.017322
65,0.358326,0.983398,0.048885,0.0000,0.0000,0.000000,0.0000,0.000000,0.311397,0.000000,0.071250,2.300000,0.750000,0.650000,0.035000,4,0.350000,0.061345,0.000198,0.000000,0.000699,0.000699,0.017221,0.017363
66,0.354828,0.982282,0.048473,0.0000,0.0000,0.000000,0.0000,0.000000,0.309838,0.000000,0.071094,2.300000,0.750000,0.650000,0.035000,4,0.350000,0.067150,0.000217,0.000000,0.000743,0.000743,0.017130,0.017316
67,0.348190,0.985421,0.049606,0.0000,0.0000,0.000000,0.0000,0.000000,0.310569,0.000000,0.071492,2.300000,0.750000,0.650000,0.035000,4,0.350000,0.061047,0.000190,0.000000,0.000702,0.000702,0.016819,0.017218
68,0.350246,0.984131,0.049007,0.0000,0.0000,0.000000,0.0000,0.000000,0.310258,0.000000,0.071406,2.300000,0.750000,0.650000,0.035000,4,0.350000,0.098324,0.000203,0.000000,0.000707,0.000707,0.016722,0.017495
69,0.352890,0.983817,0.049336,0.0000,0.0000,0.000000,0.0000,0.000000,0.309999,0.000000,0.071913,2.300000,0.750000,0.650000,0.035000,4,0.350000,0.067170,0.000193,0.000000,0.000691,0.000691,0.016376,0.017058
70,0.346408,0.985526,0.048189,0.0000,0.0000,0.000000,0.0000,0.000000,0.310634,0.000000,0.071693,2.300000,0.750000,0.650000,0.035000,4,0.350000,0.069369,0.000189,0.000000,0.000675,0.000675,0.016405,0.017285
71,0.348163,0.983817,0.046991,0.0000,0.0000,0.000000,0.0000,0.000000,0.310344,0.000000,0.071997,2.300000,0.750000,0.650000,0.035000,4,0.350000,0.063135,0.000272,0.000000,0.000698,0.000698,0.016656,0.017517
72,0.346630,0.983294,0.047597,0.0000,0.0000,0.000000,0.0000,0.000000,0.310695,0.000000,0.071837,2.300000,0.750000,0.650000,0.035000,4,0.350000,0.069173,0.000195,0.000000,0.000702,0.000702,0.016463,0.017251
73,0.354635,0.982527,0.047518,0.0000,0.0000,0.000000,0.0000,0.000000,0.310611,0.000000,0.071708,2.300000,0.750000,0.650000,0.035000,4,0.350000,0.061906,0.000202,0.000000,0.000707,0.000707,0.016518,0.017285
74,0.347892,0.983991,0.048837,0.0000,0.0000,0.000000,0.0000,0.000000,0.310991,0.000000,0.072338,2.300000,0.750000,0.650000,0.035000,4,0.350000,0.072623,0.000247,0.000000,0.001448,0.001448,0.020865,0.018893
75,0.348722,0.980259,0.046897,0.0000,0.0000,0.000000,0.0000,0.000000,0.310555,0.000000,0.071699,2.300000,0.750000,0.650000,0.035000,4,0.350000,0.061345,0.000241,0.000000,0.001403,0.001403,0.021666,0.018869
76,0.354708,0.979980,0.049364,0.0000,0.0000,0.000000,0.0000,0.000000,0.310164,0.000000,0.071579,2.300000,0.750000,0.650000,0.035000,4,0.350000,0.077928,0.000206,0.000000,0.001016,0.001016,0.018245,0.017963
77,0.350319,0.982457,0.048717,0.0000,0.0000,0.000000,0.0000,0.000000,0.310410,0.000000,0.071953,2.300000,0.750000,0.650000,0.035000,4,0.350000,0.060171,0.000186,0.000000,0.000686,0.000686,0.016412,0.017166
78,0.342967,0.984201,0.050129,0.0000,0.0000,0.000000,0.0000,0.000000,0.310659,0.000000,0.071459,2.300000,0.750000,0.650000,0.035000,4,0.350000,0.063902,0.000195,0.000000,0.000702,0.000702,0.016309,0.017112
79,0.345554,0.982422,0.048373,0.0000,0.0000,0.000000,0.0000,0.000000,0.311375,0.000000,0.071862,2.300000,0.750000,0.650000,0.035000,4,0.350000,0.070254,0.000208,0.000000,0.000703,0.000703,0.016839,0.017320
80,0.343921,0.982561,0.047403,0.0000,0.0000,0.000000,0.0000,0.000000,0.310560,0.000000,0.071643,2.300000,0.750000,0.650000,0.035000,4,0.350000,0.052059,0.000196,0.000000,0.000692,0.000692,0.016502,0.017293
81,0.345677,0.982980,0.048102,0.0000,0.0000,0.000000,0.0000,0.000000,0.310205,0.000000,0.071826,2.300000,0.750000,0.650000,0.035000,4,0.350000,0.053887,0.000187,0.000000,0.000679,0.000679,0.016242,0.017036
82,0.342714,0.982317,0.048482,0.0000,0.0000,0.000000,0.0000,0.000000,0.311423,0.000000,0.071908,2.300000,0.750000,0.650000,0.035000,4,0.350000,0.063206,0.000185,0.000000,0.000684,0.000684,0.016405,0.017330
83,0.345046,0.982910,0.050489,0.0000,0.0000,0.000000,0.0000,0.000000,0.310903,0.000000,0.071517,2.300000,0.750000,0.650000,0.035000,4,0.350000,0.044113,0.000188,0.000000,0.000731,0.000731,0.016097,0.017087
84,0.349826,0.981166,0.048752,0.0000,0.0000,0.000000,0.0000,0.000000,0.310423,0.000000,0.071890,2.300000,0.750000,0.650000,0.035000,4,0.350000,0.048480,0.000193,0.000000,0.000693,0.000693,0.016477,0.017144
85,0.341295,0.982178,0.049942,0.0000,0.0000,0.000000,0.0000,0.000000,0.309204,0.000000,0.071575,2.300000,0.750000,0.650000,0.035000,4,0.350000,0.029866,0.000201,0.000000,0.000711,0.000711,0.016461,0.017231
86,0.343484,0.983573,0.049659,0.0000,0.0000,0.000000,0.0000,0.000000,0.310554,0.000000,0.071398,2.300000,0.750000,0.650000,0.035000,4,0.350000,0.028295,0.000208,0.000000,0.000766,0.000766,0.016771,0.017171
87,0.338014,0.984131,0.048671,0.0000,0.0000,0.000000,0.0000,0.000000,0.309967,0.000000,0.071746,2.300000,0.750000,0.650000,0.035000,4,0.350000,0.034389,0.000199,0.000000,0.000699,0.000699,0.016887,0.017157
88,0.348682,0.979946,0.050603,0.0000,0.0000,0.000000,0.0000,0.000000,0.310225,0.000000,0.071613,2.300000,0.750000,0.650000,0.035000,4,0.350000,0.033670,0.000232,0.000000,0.001352,0.001352,0.021412,0.018713
89,0.338236,0.984235,0.050871,0.0000,0.0000,0.000000,0.0000,0.000000,0.311070,0.000000,0.071982,2.300000,0.750000,0.650000,0.035000,4,0.350000,0.049635,0.000231,0.000000,0.001783,0.001783,0.022857,0.018793
90,0.336786,0.983573,0.049890,0.0000,0.0000,0.000000,0.0000,0.000000,0.310576,0.000000,0.071765,2.300000,0.750000,0.650000,0.035000,4,0.350000,0.033121,0.000227,0.000000,0.000840,0.000840,0.017924,0.018272
91,0.343456,0.981655,0.049310,0.0000,0.0000,0.000000,0.0000,0.000000,0.310818,0.000000,0.071880,2.300000,0.750000,0.650000,0.035000,4,0.350000,0.046663,0.000201,0.000000,0.000731,0.000731,0.016802,0.017304
92,0.337089,0.982492,0.047808,0.0000,0.0000,0.000000,0.0000,0.000000,0.310870,0.000000,0.071717,2.300000,0.750000,0.650000,0.035000,4,0.350000,0.063382,0.000195,0.000000,0.000701,0.000701,0.016337,0.017167
93,0.432550,0.982631,0.049323,0.0000,0.0000,0.000000,0.0000,0.000000,0.310383,0.000000,0.071839,2.300000,0.750000,0.650000,0.035000,4,0.350000,0.058569,0.000707,0.000000,0.000703,0.001519,0.023814,0.024591
94,0.411611,0.986782,0.061696,0.0000,0.0000,0.000000,0.0000,0.000000,0.310206,0.000000,0.071208,2.300000,0.750000,0.650000,0.035000,4,0.350000,0.036984,0.000734,0.000000,0.000706,0.001588,0.023871,0.024018
95,0.400397,0.987688,0.064416,0.0000,0.0000,0.000000,0.0000,0.000000,0.309055,0.000000,0.070851,2.300000,0.750000,0.650000,0.035000,4,0.350000,0.062468,0.000666,0.000000,0.000694,0.001532,0.023697,0.024048
96,0.390786,0.988735,0.065497,0.0000,0.0000,0.000000,0.0000,0.000000,0.310810,0.000000,0.071079,2.300000,0.750000,0.650000,0.035000,4,0.350000,0.125049,0.000687,0.000000,0.000701,0.001534,0.023647,0.023981
97,0.383820,0.989014,0.066419,0.0000,0.0000,0.000000,0.0000,0.000000,0.309621,0.000000,0.071336,2.300000,0.750000,0.650000,0.035000,4,0.350000,0.053498,0.000675,0.000000,0.000669,0.001480,0.023901,0.023941
98,0.371200,0.988386,0.063908,0.0000,0.0000,0.000000,0.0000,0.000000,0.310818,0.000000,0.071743,2.300000,0.750000,0.650000,0.035000,4,0.350000,0.065504,0.000671,0.000000,0.000697,0.001500,0.023716,0.023976
99,0.371872,0.986921,0.063483,0.0000,0.0000,0.000000,0.0000,0.000000,0.310133,0.000000,0.071792,2.300000,0.750000,0.650000,0.035000,4,0.350000,0.093394,0.000724,0.000000,0.000716,0.001591,0.024162,0.024025
100,0.371871,0.986677,0.064896,0.0000,0.0000,0.000000,0.0000,0.000000,0.309604,0.000000,0.071712,2.300000,0.750000,0.650000,0.035000,4,0.350000,0.069992,0.000988,0.000000,0.001050,0.002211,0.025712,0.024562
101,0.368464,0.988037,0.064261,0.0000,0.0000,0.000000,0.0000,0.000000,0.311763,0.000000,0.071267,2.300000,0.750000,0.650000,0.035000,4,0.350000,0.122528,0.001031,0.000000,0.001558,0.003883,0.028130,0.024918
102,0.364659,0.987898,0.063448,0.0000,0.0000,0.000000,0.0000,0.000000,0.310271,0.000000,0.071446,2.300000,0.750000,0.650000,0.035000,4,0.350000,0.066684,0.000758,0.000000,0.000883,0.001793,0.025252,0.024471
103,0.360409,0.986886,0.061558,0.0000,0.0000,0.000000,0.0000,0.000000,0.309864,0.000000,0.072073,2.300000,0.750000,0.650000,0.035000,4,0.350000,0.052648,0.000848,0.000000,0.000718,0.001601,0.023971,0.024039
104,0.357678,0.987444,0.060538,0.0000,0.0000,0.000000,0.0000,0.000000,0.310441,0.000000,0.072174,2.300000,0.750000,0.650000,0.035000,4,0.350000,0.057571,0.000674,0.000000,0.000695,0.001509,0.023759,0.023897
105,0.360202,0.987026,0.060277,0.0000,0.0000,0.000000,0.0000,0.000000,0.310276,0.000000,0.071843,2.300000,0.750000,0.650000,0.035000,4,0.350000,0.057809,0.000722,0.000000,0.000705,0.001566,0.024299,0.023990
106,0.357374,0.987723,0.062042,0.0000,0.0000,0.000000,0.0000,0.000000,0.311008,0.000000,0.071876,2.300000,0.750000,0.650000,0.035000,4,0.350000,0.033829,0.000671,0.000000,0.000692,0.001477,0.023921,0.023943
107,0.355210,0.987200,0.059010,0.0000,0.0000,0.000000,0.0000,0.000000,0.311153,0.000000,0.072068,2.300000,0.750000,0.650000,0.035000,4,0.350000,0.023429,0.000689,0.000000,0.000672,0.001472,0.024298,0.024051
108,0.354833,0.987165,0.058605,0.0000,0.0000,0.000000,0.0000,0.000000,0.309573,0.000000,0.072181,2.300000,0.750000,0.650000,0.035000,4,0.350000,0.047119,0.000682,0.000000,0.000678,0.001458,0.023830,0.024027
109,0.353653,0.988316,0.059908,0.0000,0.0000,0.000000,0.0000,0.000000,0.310246,0.000000,0.072012,2.300000,0.750000,0.650000,0.035000,4,0.350000,0.042288,0.000696,0.000000,0.000699,0.001502,0.024084,0.024069
110,0.349443,0.987549,0.058796,0.0000,0.0000,0.000000,0.0000,0.000000,0.310084,0.000000,0.072143,2.300000,0.750000,0.650000,0.035000,4,0.350000,0.031307,0.000680,0.000000,0.000696,0.001493,0.023631,0.024006
111,0.350528,0.986712,0.057870,0.0000,0.0000,0.000000,0.0000,0.000000,0.310980,0.000000,0.072277,2.300000,0.750000,0.650000,0.035000,4,0.350000,0.063230,0.000789,0.000000,0.001247,0.002772,0.026539,0.024262
112,0.352053,0.987095,0.059448,0.0000,0.0000,0.000000,0.0000,0.000000,0.309885,0.000000,0.072092,2.300000,0.750000,0.650000,0.035000,4,0.350000,0.024490,0.001258,0.000000,0.001236,0.002668,0.027386,0.024445
113,0.348833,0.987619,0.059662,0.0000,0.0000,0.000000,0.0000,0.000000,0.311041,0.000000,0.072110,2.300000,0.750000,0.650000,0.035000,4,0.350000,0.032560,0.000881,0.000000,0.001015,0.001944,0.026052,0.024460
114,0.344931,0.986921,0.056870,0.0000,0.0000,0.000000,0.0000,0.000000,0.310617,0.000000,0.072448,2.300000,0.750000,0.650000,0.035000,4,0.350000,0.067506,0.000681,0.000000,0.000685,0.001475,0.024261,0.023893
115,0.343733,0.986991,0.057155,0.0000,0.0000,0.000000,0.0000,0.000000,0.309976,0.000000,0.072321,2.300000,0.750000,0.650000,0.035000,4,0.350000,0.024616,0.000701,0.000000,0.000670,0.001475,0.024029,0.024083
116,0.345544,0.987200,0.056950,0.0000,0.0000,0.000000,0.0000,0.000000,0.310556,0.000000,0.072683,2.300000,0.750000,0.650000,0.035000,4,0.350000,0.030017,0.000681,0.000000,0.000696,0.001491,0.023909,0.023975
117,0.348954,0.987793,0.058188,0.0000,0.0000,0.000000,0.0000,0.000000,0.310425,0.000000,0.072126,2.300000,0.750000,0.650000,0.035000,4,0.350000,0.032147,0.000712,0.000000,0.000689,0.001551,0.024139,0.023982
118,0.344180,0.987270,0.056854,0.0000,0.0000,0.000000,0.0000,0.000000,0.310854,0.000000,0.072447,2.300000,0.750000,0.650000,0.035000,4,0.350000,0.038174,0.000677,0.000000,0.000694,0.001509,0.023680,0.024002
119,0.348896,0.985700,0.056041,0.0000,0.0000,0.000000,0.0000,0.000000,0.310472,0.000000,0.072416,2.300000,0.750000,0.650000,0.035000,4,0.350000,0.036630,0.000668,0.000000,0.000676,0.001452,0.024131,0.024153
120,0.349757,0.985875,0.058932,0.0000,0.0000,0.000000,0.0000,0.000000,0.310543,0.000000,0.072389,2.300000,0.750000,0.650000,0.035000,4,0.350000,0.033304,0.000689,0.000000,0.000671,0.001475,0.023974,0.023976
121,0.340238,0.986712,0.056702,0.0000,0.0000,0.000000,0.0000,0.000000,0.309470,0.000000,0.072733,2.300000,0.750000,0.650000,0.035000,4,0.350000,0.033128,0.000686,0.000000,0.000682,0.001476,0.024118,0.024019
122,0.343711,0.986677,0.056983,0.0000,0.0000,0.000000,0.0000,0.000000,0.310125,0.000000,0.072545,2.300000,0.750000,0.650000,0.035000,4,0.350000,0.027139,0.000791,0.000000,0.000938,0.001878,0.025376,0.024348
123,0.344079,0.986433,0.057724,0.0000,0.0000,0.000000,0.0000,0.000000,0.309221,0.000000,0.072501,2.300000,0.750000,0.650000,0.035000,4,0.350000,0.018758,0.001168,0.000000,0.001776,0.003427,0.027876,0.024606
124,0.338034,0.986642,0.054522,0.0000,0.0000,0.000000,0.0000,0.000000,0.309889,0.000000,0.072448,2.300000,0.750000,0.650000,0.035000,4,0.350000,0.016008,0.000997,0.000000,0.001023,0.002022,0.025738,0.024523
125,0.343911,0.986328,0.054400,0.0000,0.0000,0.000000,0.0000,0.000000,0.311078,0.000000,0.072605,2.300000,0.750000,0.650000,0.035000,4,0.350000,0.088764,0.000743,0.000000,0.000713,0.001514,0.024092,0.024108
126,0.336313,0.986782,0.055076,0.0000,0.0000,0.000000,0.0000,0.000000,0.309848,0.000000,0.072596,2.300000,0.750000,0.650000,0.035000,4,0.350000,0.036867,0.000720,0.000000,0.000731,0.001591,0.023767,0.024148
127,0.339895,0.987061,0.054960,0.0000,0.0000,0.000000,0.0000,0.000000,0.310384,0.000000,0.072621,2.300000,0.750000,0.650000,0.035000,4,0.350000,0.026890,0.000686,0.000000,0.000686,0.001452,0.023775,0.024100
128,0.344113,0.986816,0.056220,0.0000,0.0000,0.000000,0.0000,0.000000,0.309959,0.000000,0.072564,2.300000,0.750000,0.650000,0.035000,4,0.350000,0.205282,0.000680,0.000000,0.000670,0.001459,0.024217,0.023959
129,0.340239,0.986747,0.055871,0.0000,0.0000,0.000000,0.0000,0.000000,0.309968,0.000000,0.072644,2.300000,0.750000,0.650000,0.035000,4,0.350000,0.021190,0.000653,0.000000,0.000658,0.001369,0.023662,0.023913
130,0.341607,0.985526,0.056451,0.0000,0.0000,0.000000,0.0000,0.000000,0.309916,0.000000,0.072675,2.300000,0.750000,0.650000,0.035000,4,0.350000,0.012847,0.000680,0.000000,0.000754,0.001524,0.024135,0.024030
131,0.342158,0.985770,0.055457,0.0000,0.0000,0.000000,0.0000,0.000000,0.310031,0.000000,0.072592,2.300000,0.750000,0.650000,0.035000,4,0.350000,0.020464,0.000695,0.000000,0.000696,0.001516,0.024053,0.024103
132,0.337640,0.986607,0.055891,0.0000,0.0000,0.000000,0.0000,0.000000,0.309756,0.000000,0.072625,2.300000,0.750000,0.650000,0.035000,4,0.350000,0.027316,0.000690,0.000000,0.000676,0.001496,0.023770,0.023970
133,0.343448,0.985979,0.055169,0.0000,0.0000,0.000000,0.0000,0.000000,0.310065,0.000000,0.072478,2.300000,0.750000,0.650000,0.035000,4,0.350000,0.027828,0.000824,0.000000,0.000829,0.001700,0.024082,0.023963
134,0.340262,0.984898,0.055387,0.0000,0.0000,0.000000,0.0000,0.000000,0.309456,0.000000,0.072568,2.300000,0.750000,0.650000,0.035000,4,0.350000,0.020562,0.001177,0.000000,0.001428,0.002786,0.027692,0.025240
135,0.337366,0.985979,0.055570,0.0000,0.0000,0.000000,0.0000,0.000000,0.310054,0.000000,0.072883,2.300000,0.750000,0.650000,0.035000,4,0.350000,0.024767,0.001254,0.000000,0.001420,0.002518,0.028074,0.024474
136,0.338117,0.985421,0.055082,0.0000,0.0000,0.000000,0.0000,0.000000,0.309858,0.000000,0.072803,2.300000,0.750000,0.650000,0.035000,4,0.350000,0.048659,0.000687,0.000000,0.000675,0.001435,0.023870,0.023986
137,0.336007,0.985979,0.053353,0.0000,0.0000,0.000000,0.0000,0.000000,0.310848,0.000000,0.072795,2.300000,0.750000,0.650000,0.035000,4,0.350000,0.036651,0.000654,0.000000,0.000644,0.001347,0.023629,0.023908
138,0.337272,0.985875,0.054646,0.0000,0.0000,0.000000,0.0000,0.000000,0.310593,0.000000,0.072786,2.300000,0.750000,0.650000,0.035000,4,0.350000,0.073366,0.000663,0.000000,0.000647,0.001403,0.023858,0.023948
139,0.338149,0.985805,0.054515,0.0000,0.0000,0.000000,0.0000,0.000000,0.310123,0.000000,0.072946,2.300000,0.750000,0.650000,0.035000,4,0.350000,0.032738,0.000664,0.000000,0.000665,0.001393,0.023727,0.023903
140,0.333945,0.986747,0.053833,0.0000,0.0000,0.000000,0.0000,0.000000,0.310239,0.000000,0.072872,2.300000,0.750000,0.650000,0.035000,4,0.350000,0.011221,0.000674,0.000000,0.000676,0.001425,0.023928,0.024008
141,0.338011,0.984968,0.055095,0.0000,0.0000,0.000000,0.0000,0.000000,0.309508,0.000000,0.072805,2.300000,0.750000,0.650000,0.035000,4,0.350000,0.012209,0.000696,0.000000,0.000669,0.001447,0.023680,0.023921
142,0.333372,0.986014,0.053526,0.0000,0.0000,0.000000,0.0000,0.000000,0.309762,0.000000,0.072957,2.300000,0.750000,0.650000,0.035000,4,0.350000,0.034781,0.000704,0.000000,0.000725,0.001538,0.024110,0.023997
143,0.339598,0.985142,0.054520,0.0000,0.0000,0.000000,0.0000,0.000000,0.310280,0.000000,0.072709,2.300000,0.750000,0.650000,0.035000,4,0.350000,0.009950,0.000668,0.000000,0.000686,0.001451,0.023715,0.023888
144,0.338375,0.985107,0.054999,0.0000,0.0000,0.000000,0.0000,0.000000,0.310767,0.000000,0.072762,2.300000,0.750000,0.650000,0.035000,4,0.350000,0.026672,0.000701,0.000000,0.000724,0.001522,0.023664,0.023962
145,0.334443,0.985875,0.054640,0.0000,0.0000,0.000000,0.0000,0.000000,0.310305,0.000000,0.072685,2.300000,0.750000,0.650000,0.035000,4,0.350000,0.018625,0.000782,0.000000,0.000837,0.001939,0.025375,0.025055
146,0.338472,0.985596,0.054504,0.0000,0.0000,0.000000,0.0000,0.000000,0.311137,0.000000,0.072693,2.300000,0.750000,0.650000,0.035000,4,0.350000,0.020794,0.001034,0.000000,0.001405,0.002496,0.026635,0.024434
147,0.335678,0.985805,0.054661,0.0000,0.0000,0.000000,0.0000,0.000000,0.309613,0.000000,0.072983,2.300000,0.750000,0.650000,0.035000,4,0.350000,0.010776,0.000853,0.000000,0.001087,0.002113,0.026075,0.024663
148,0.336609,0.985875,0.055028,0.0000,0.0000,0.000000,0.0000,0.000000,0.310716,0.000000,0.072588,2.300000,0.750000,0.650000,0.035000,4,0.350000,0.032830,0.000699,0.000000,0.000664,0.001445,0.024323,0.023902
149,0.336164,0.985910,0.053826,0.0000,0.0000,0.000000,0.0000,0.000000,0.311503,0.000000,0.072967,2.300000,0.750000,0.650000,0.035000,4,0.350000,0.015630,0.000678,0.000000,0.000692,0.001477,0.023517,0.024005
150,0.336826,0.985142,0.053796,0.0000,0.0000,0.000000,0.0000,0.000000,0.310284,0.000000,0.072808,2.300000,0.750000,0.650000,0.035000,4,0.350000,0.027587,0.000666,0.000000,0.000683,0.001464,0.023658,0.023929
151,0.332483,0.986258,0.054500,0.0000,0.0000,0.000000,0.0000,0.000000,0.309394,0.000000,0.072779,2.300000,0.750000,0.650000,0.035000,4,0.350000,0.021731,0.000695,0.000000,0.000666,0.001435,0.023976,0.023932
152,0.333972,0.986014,0.054759,0.0000,0.0000,0.000000,0.0000,0.000000,0.309472,0.000000,0.072863,2.300000,0.750000,0.650000,0.035000,4,0.350000,0.024460,0.000677,0.000000,0.000667,0.001421,0.023853,0.023868
153,0.334933,0.985561,0.054108,0.0000,0.0000,0.000000,0.0000,0.000000,0.310456,0.000000,0.072789,2.300000,0.750000,0.650000,0.035000,4,0.350000,0.018772,0.000689,0.000000,0.000683,0.001518,0.023841,0.024057
154,0.329847,0.985910,0.054051,0.0000,0.0000,0.000000,0.0000,0.000000,0.310705,0.000000,0.072725,2.300000,0.750000,0.650000,0.035000,4,0.350000,0.036573,0.000693,0.000000,0.000706,0.001504,0.023731,0.023911
155,0.332840,0.986119,0.055250,0.0000,0.0000,0.000000,0.0000,0.000000,0.311052,0.000000,0.072760,2.300000,0.750000,0.650000,0.035000,4,0.350000,0.015067,0.000700,0.000000,0.000710,0.001534,0.023660,0.024030
156,0.333158,0.987340,0.054149,0.0000,0.0000,0.000000,0.0000,0.000000,0.311084,0.000000,0.072781,2.300000,0.750000,0.650000,0.035000,4,0.350000,0.021125,0.000859,0.000000,0.000945,0.001862,0.025014,0.024288
157,0.334596,0.985317,0.054901,0.0000,0.0000,0.000000,0.0000,0.000000,0.310152,0.000000,0.072927,2.300000,0.750000,0.650000,0.035000,4,0.350000,0.008258,0.001241,0.000000,0.001610,0.003249,0.027734,0.024974
158,0.334976,0.986433,0.052726,0.0000,0.0000,0.000000,0.0000,0.000000,0.309739,0.000000,0.072877,2.300000,0.750000,0.650000,0.035000,4,0.350000,0.023308,0.001376,0.000000,0.001366,0.002457,0.026298,0.024324
159,0.330043,0.986398,0.053591,0.0000,0.0000,0.000000,0.0000,0.000000,0.311073,0.000000,0.072919,2.300000,0.750000,0.650000,0.035000,4,0.350000,0.014272,0.000679,0.000000,0.000662,0.001388,0.024229,0.023921
160,0.332363,0.986223,0.053637,0.0000,0.0000,0.000000,0.0000,0.000000,0.310503,0.000000,0.072654,2.300000,0.750000,0.650000,0.035000,4,0.350000,0.014797,0.000660,0.000000,0.000665,0.001385,0.023813,0.023921
161,0.330680,0.984898,0.053153,0.0000,0.0000,0.000000,0.0000,0.000000,0.310658,0.000000,0.073043,2.300000,0.750000,0.650000,0.035000,4,0.350000,0.036378,0.000676,0.000000,0.000694,0.001440,0.023649,0.023934
162,0.329567,0.986154,0.052606,0.0000,0.0000,0.000000,0.0000,0.000000,0.310378,0.000000,0.073014,2.300000,0.750000,0.650000,0.035000,4,0.350000,0.014690,0.000684,0.000000,0.000696,0.001488,0.023732,0.023940
163,0.335741,0.983991,0.051158,0.0000,0.0000,0.000000,0.0000,0.000000,0.309924,0.000000,0.073077,2.300000,0.750000,0.650000,0.035000,4,0.350000,0.022252,0.000675,0.000000,0.000679,0.001417,0.023969,0.023951
164,0.328831,0.986084,0.053826,0.0000,0.0000,0.000000,0.0000,0.000000,0.309294,0.000000,0.072854,2.300000,0.750000,0.650000,0.035000,4,0.350000,0.009350,0.000665,0.000000,0.000678,0.001410,0.023535,0.023881
165,0.330467,0.986293,0.053227,0.0000,0.0000,0.000000,0.0000,0.000000,0.310936,0.000000,0.073060,2.300000,0.750000,0.650000,0.035000,4,0.350000,0.019281,0.000733,0.000000,0.000703,0.001531,0.023953,0.023984
166,0.327473,0.986433,0.052139,0.0000,0.0000,0.000000,0.0000,0.000000,0.310191,0.000000,0.072839,2.300000,0.750000,0.650000,0.035000,4,0.350000,0.013422,0.000673,0.000000,0.000689,0.001434,0.023755,0.024048
167,0.330987,0.986328,0.053571,0.0000,0.0000,0.000000,0.0000,0.000000,0.310115,0.000000,0.072972,2.300000,0.750000,0.650000,0.035000,4,0.350000,0.011159,0.000802,0.000000,0.000793,0.001639,0.024660,0.024177
168,0.328065,0.986014,0.052510,0.0000,0.0000,0.000000,0.0000,0.000000,0.310346,0.000000,0.072833,2.300000,0.750000,0.650000,0.035000,4,0.350000,0.079974,0.001792,0.000000,0.001564,0.002791,0.028941,0.024903
169,0.329302,0.985979,0.051947,0.0000,0.0000,0.000000,0.0000,0.000000,0.309855,0.000000,0.072895,2.300000,0.750000,0.650000,0.035000,4,0.350000,0.009926,0.001222,0.000000,0.001233,0.002585,0.027574,0.024511
170,0.330795,0.985770,0.052495,0.0000,0.0000,0.000000,0.0000,0.000000,0.311307,0.000000,0.072931,2.300000,0.750000,0.650000,0.035000,4,0.350000,0.005129,0.000695,0.000000,0.000673,0.001452,0.023706,0.023969
171,0.325978,0.985421,0.052311,0.0000,0.0000,0.000000,0.0000,0.000000,0.310743,0.000000,0.072890,2.300000,0.750000,0.650000,0.035000,4,0.350000,0.011027,0.000698,0.000000,0.000765,0.001538,0.023890,0.023937
172,0.332497,0.985282,0.052148,0.0000,0.0000,0.000000,0.0000,0.000000,0.310414,0.000000,0.072957,2.300000,0.750000,0.650000,0.035000,4,0.350000,0.009128,0.000640,0.000000,0.000653,0.001364,0.023543,0.023893
173,0.329635,0.986293,0.052200,0.0000,0.0000,0.000000,0.0000,0.000000,0.310753,0.000000,0.072876,2.300000,0.750000,0.650000,0.035000,4,0.350000,0.017965,0.000680,0.000000,0.000737,0.001497,0.023912,0.024004
174,0.328392,0.986468,0.052815,0.0000,0.0000,0.000000,0.0000,0.000000,0.309913,0.000000,0.073023,2.300000,0.750000,0.650000,0.035000,4,0.350000,0.020970,0.000670,0.000000,0.000691,0.001444,0.023650,0.024030
175,0.331208,0.985979,0.053064,0.0000,0.0000,0.000000,0.0000,0.000000,0.311411,0.000000,0.072915,2.300000,0.750000,0.650000,0.035000,4,0.350000,0.012745,0.000687,0.000000,0.000741,0.001541,0.023761,0.024045
176,0.328956,0.985247,0.051522,0.0000,0.0000,0.000000,0.0000,0.000000,0.309876,0.000000,0.072907,2.300000,0.750000,0.650000,0.035000,4,0.350000,0.011209,0.000705,0.000000,0.000742,0.001561,0.023975,0.023914
177,0.330611,0.985840,0.052316,0.0000,0.0000,0.000000,0.0000,0.000000,0.311191,0.000000,0.072932,2.300000,0.750000,0.650000,0.035000,4,0.350000,0.013617,0.000686,0.000000,0.000675,0.001454,0.024339,0.023952
178,0.327095,0.985631,0.051420,0.0000,0.0000,0.000000,0.0000,0.000000,0.310186,0.000000,0.072942,2.300000,0.750000,0.650000,0.035000,4,0.350000,0.008430,0.000688,0.000000,0.000688,0.001497,0.023995,0.024121
179,0.327241,0.985282,0.051743,0.0000,0.0000,0.000000,0.0000,0.000000,0.311102,0.000000,0.072853,2.300000,0.750000,0.650000,0.035000,4,0.350000,0.033191,0.000931,0.000000,0.001230,0.002625,0.027971,0.024439
180,0.332115,0.984968,0.052665,0.0000,0.0000,0.000000,0.0000,0.000000,0.310812,0.000000,0.072907,2.300000,0.750000,0.650000,0.035000,4,0.350000,0.050089,0.000914,0.000000,0.001055,0.002040,0.025622,0.024477
181,0.324702,0.985107,0.051110,0.0000,0.0000,0.000000,0.0000,0.000000,0.310316,0.000000,0.073205,2.300000,0.750000,0.650000,0.035000,4,0.350000,0.004753,0.000804,0.000000,0.000868,0.001656,0.024463,0.024066
182,0.326146,0.985979,0.051575,0.0000,0.0000,0.000000,0.0000,0.000000,0.310780,0.000000,0.073195,2.300000,0.750000,0.650000,0.035000,4,0.350000,0.010231,0.000657,0.000000,0.000676,0.001410,0.023843,0.023951
183,0.326256,0.986363,0.051355,0.0000,0.0000,0.000000,0.0000,0.000000,0.310726,0.000000,0.072976,2.300000,0.750000,0.650000,0.035000,4,0.350000,0.015544,0.000673,0.000000,0.000693,0.001473,0.023682,0.023938
184,0.328207,0.984828,0.050422,0.0000,0.0000,0.000000,0.0000,0.000000,0.310567,0.000000,0.073048,2.300000,0.750000,0.650000,0.035000,4,0.350000,0.009802,0.000710,0.000000,0.000695,0.001466,0.023830,0.023987
185,0.324798,0.986049,0.050195,0.0000,0.0000,0.000000,0.0000,0.000000,0.310532,0.000000,0.073146,2.300000,0.750000,0.650000,0.035000,4,0.350000,0.006161,0.000675,0.000000,0.000667,0.001369,0.023712,0.023931
186,0.328471,0.986154,0.052588,0.0000,0.0000,0.000000,0.0000,0.000000,0.311634,0.000000,0.073134,2.300000,0.750000,0.650000,0.035000,4,0.350000,0.009812,0.000673,0.000000,0.000700,0.001463,0.023683,0.023781
187,0.323263,0.986991,0.050565,0.0000,0.0000,0.000000,0.0000,0.000000,0.309952,0.000000,0.073024,2.300000,0.750000,0.650000,0.035000,4,0.350000,0.008581,0.000718,0.000000,0.000716,0.001528,0.024202,0.023888
188,0.318568,0.985561,0.049268,0.0000,0.0000,0.000000,0.0000,0.000000,0.310218,0.000000,0.073225,2.300000,0.750000,0.650000,0.035000,4,0.350000,0.030809,0.000671,0.000000,0.000666,0.001376,0.023565,0.023774
189,0.319027,0.984689,0.050038,0.0000,0.0000,0.000000,0.0000,0.000000,0.310275,0.000000,0.073096,2.300000,0.750000,0.650000,0.035000,4,0.350000,0.012158,0.000745,0.000000,0.000690,0.001469,0.024079,0.023936
190,0.319884,0.985665,0.049225,0.0000,0.0000,0.000000,0.0000,0.000000,0.310035,0.000000,0.073200,2.300000,0.750000,0.650000,0.035000,4,0.350000,0.005612,0.001175,0.000000,0.001131,0.002393,0.026700,0.024813
191,0.319036,0.985317,0.050587,0.0000,0.0000,0.000000,0.0000,0.000000,0.309317,0.000000,0.072976,2.300000,0.750000,0.650000,0.035000,4,0.350000,0.015911,0.001209,0.000000,0.001199,0.002194,0.027126,0.025551
192,0.319563,0.985003,0.051150,0.0000,0.0000,0.000000,0.0000,0.000000,0.312411,0.000000,0.073086,2.300000,0.750000,0.650000,0.035000,4,0.350000,0.013097,0.000760,0.000000,0.000799,0.001751,0.025104,0.024137
193,0.322580,0.985282,0.051679,0.0000,0.0000,0.000000,0.0000,0.000000,0.309884,0.000000,0.073045,2.300000,0.750000,0.650000,0.035000,4,0.350000,0.009173,0.000698,0.000000,0.000728,0.001510,0.023954,0.023877
194,0.315895,0.984759,0.049927,0.0000,0.0000,0.000000,0.0000,0.000000,0.310180,0.000000,0.073140,2.300000,0.750000,0.650000,0.035000,4,0.350000,0.010824,0.000649,0.000000,0.000666,0.001395,0.023532,0.023925
195,0.320642,0.986084,0.051250,0.0000,0.0000,0.000000,0.0000,0.000000,0.311783,0.000000,0.073126,2.300000,0.750000,0.650000,0.035000,4,0.350000,0.009597,0.000673,0.000000,0.000730,0.001461,0.023865,0.024015
196,0.316844,0.985282,0.050546,0.0000,0.0000,0.000000,0.0000,0.000000,0.309768,0.000000,0.073007,2.300000,0.750000,0.650000,0.035000,4,0.350000,0.013379,0.000705,0.000000,0.000697,0.001460,0.023677,0.023969
197,0.315659,0.985979,0.048615,0.0000,0.0000,0.000000,0.0000,0.000000,0.310690,0.000000,0.073236,2.300000,0.750000,0.650000,0.035000,4,0.350000,0.010159,0.000689,0.000000,0.000702,0.001451,0.023524,0.023863
198,0.321977,0.984689,0.049741,0.0000,0.0000,0.000000,0.0000,0.000000,0.309681,0.000000,0.073146,2.300000,0.750000,0.650000,0.035000,4,0.350000,0.004740,0.000664,0.000000,0.000663,0.001394,0.023933,0.023932
199,0.319130,0.984270,0.049537,0.0000,0.0000,0.000000,0.0000,0.000000,0.309952,0.000000,0.073112,2.300000,0.750000,0.650000,0.035000,4,0.350000,0.025338,0.000668,0.000000,0.000652,0.001370,0.023554,0.023811
200,0.318735,0.986084,0.049279,0.0000,0.0000,0.000000,0.0000,0.000000,0.309704,0.000000,0.073021,2.300000,0.750000,0.650000,0.035000,4,0.350000,0.028760,0.000702,0.000000,0.000690,0.001476,0.023937,0.023948
201,0.319803,0.985735,0.050415,0.0000,0.0000,0.000000,0.0000,0.000000,0.310047,0.000000,0.073141,2.300000,0.750000,0.650000,0.035000,4,0.350000,0.025598,0.001117,0.000000,0.001024,0.002057,0.025164,0.024107
202,0.319233,0.985491,0.049343,0.0000,0.0000,0.000000,0.0000,0.000000,0.310500,0.000000,0.072971,2.300000,0.750000,0.650000,0.035000,4,0.350000,0.008068,0.001655,0.000000,0.001445,0.002783,0.026792,0.024756
203,0.315114,0.985282,0.049112,0.0000,0.0000,0.000000,0.0000,0.000000,0.310687,0.000000,0.073108,2.300000,0.750000,0.650000,0.035000,4,0.350000,0.003471,0.000982,0.000000,0.001115,0.002073,0.026859,0.024653
204,0.319793,0.985735,0.049329,0.0000,0.0000,0.000000,0.0000,0.000000,0.309934,0.000000,0.073144,2.300000,0.750000,0.650000,0.035000,4,0.350000,0.006072,0.000685,0.000000,0.000676,0.001562,0.023797,0.023948
205,0.316279,0.985073,0.049598,0.0000,0.0000,0.000000,0.0000,0.000000,0.309993,0.000000,0.073056,2.300000,0.750000,0.650000,0.035000,4,0.350000,0.007371,0.000721,0.000000,0.000677,0.001417,0.023667,0.023867
206,0.317941,0.985561,0.050899,0.0000,0.0000,0.000000,0.0000,0.000000,0.310556,0.000000,0.073062,2.300000,0.750000,0.650000,0.035000,4,0.350000,0.005006,0.000801,0.000000,0.000687,0.001449,0.023869,0.023902
207,0.316901,0.985177,0.048719,0.0000,0.0000,0.000000,0.0000,0.000000,0.309989,0.000000,0.073155,2.300000,0.750000,0.650000,0.035000,4,0.350000,0.021270,0.000735,0.000000,0.000697,0.001496,0.023949,0.023964
208,0.315299,0.985596,0.049037,0.0000,0.0000,0.000000,0.0000,0.000000,0.311167,0.000000,0.073074,2.300000,0.750000,0.650000,0.035000,4,0.350000,0.014899,0.000668,0.000000,0.000679,0.001408,0.023672,0.023951
209,0.316323,0.985596,0.048272,0.0000,0.0000,0.000000,0.0000,0.000000,0.311624,0.000000,0.073166,2.300000,0.750000,0.650000,0.035000,4,0.350000,0.009792,0.000662,0.000000,0.000661,0.001404,0.023733,0.023970
210,0.317333,0.985631,0.050252,0.0000,0.0000,0.000000,0.0000,0.000000,0.310574,0.000000,0.073114,2.300000,0.750000,0.650000,0.035000,4,0.350000,0.009912,0.000690,0.000000,0.000697,0.001471,0.024041,0.023905
211,0.315498,0.985840,0.049364,0.0000,0.0000,0.000000,0.0000,0.000000,0.310119,0.000000,0.073175,2.300000,0.750000,0.650000,0.035000,4,0.350000,0.004540,0.000675,0.000000,0.000682,0.001474,0.023771,0.024042
212,0.319601,0.985212,0.050020,0.0000,0.0000,0.000000,0.0000,0.000000,0.311723,0.000000,0.073061,2.300000,0.750000,0.650000,0.035000,4,0.350000,0.012895,0.000711,0.000000,0.000672,0.001467,0.024563,0.024209
213,0.316414,0.985840,0.050703,0.0000,0.0000,0.000000,0.0000,0.000000,0.310874,0.000000,0.072956,2.300000,0.750000,0.650000,0.035000,4,0.350000,0.008764,0.001422,0.000000,0.001398,0.002563,0.027546,0.024355
214,0.319862,0.986049,0.050600,0.0000,0.0000,0.000000,0.0000,0.000000,0.309609,0.000000,0.072900,2.300000,0.750000,0.650000,0.035000,4,0.350000,0.011011,0.001290,0.000000,0.001506,0.002645,0.027957,0.024401
215,0.319454,0.985107,0.049940,0.0000,0.0000,0.000000,0.0000,0.000000,0.309580,0.000000,0.073004,2.300000,0.750000,0.650000,0.035000,4,0.350000,0.038398,0.000681,0.000000,0.000812,0.001601,0.023884,0.024022
216,0.321354,0.986119,0.050884,0.0000,0.0000,0.000000,0.0000,0.000000,0.310800,0.000000,0.073093,2.300000,0.750000,0.650000,0.035000,4,0.350000,0.021882,0.000661,0.000000,0.000681,0.001438,0.023894,0.023893
217,0.318347,0.985665,0.050552,0.0000,0.0000,0.000000,0.0000,0.000000,0.311671,0.000000,0.072779,2.300000,0.750000,0.650000,0.035000,4,0.350000,0.020654,0.000716,0.000000,0.000690,0.001505,0.024165,0.023987
218,0.317473,0.984689,0.049500,0.0000,0.0000,0.000000,0.0000,0.000000,0.309373,0.000000,0.073128,2.300000,0.750000,0.650000,0.035000,4,0.350000,0.012983,0.000688,0.000000,0.000672,0.001438,0.023822,0.023962
219,0.317406,0.985073,0.050001,0.0000,0.0000,0.000000,0.0000,0.000000,0.309535,0.000000,0.073030,2.300000,0.750000,0.650000,0.035000,4,0.350000,0.005732,0.000671,0.000000,0.000674,0.001404,0.023611,0.023912
220,0.315678,0.986258,0.049868,0.0000,0.0000,0.000000,0.0000,0.000000,0.309768,0.000000,0.073036,2.300000,0.750000,0.650000,0.035000,4,0.350000,0.010750,0.000697,0.000000,0.000695,0.001469,0.023955,0.024092
221,0.317047,0.985282,0.049443,0.0000,0.0000,0.000000,0.0000,0.000000,0.310591,0.000000,0.073208,2.300000,0.750000,0.650000,0.035000,4,0.350000,0.009403,0.000652,0.000000,0.000661,0.001384,0.023624,0.023890
222,0.317872,0.984968,0.048900,0.0000,0.0000,0.000000,0.0000,0.000000,0.310072,0.000000,0.073141,2.300000,0.750000,0.650000,0.035000,4,0.350000,0.014862,0.000670,0.000000,0.000674,0.001416,0.023855,0.023977
223,0.319913,0.984619,0.048562,0.0000,0.0000,0.000000,0.0000,0.000000,0.310547,0.000000,0.073124,2.300000,0.750000,0.650000,0.035000,4,0.350000,0.027443,0.000665,0.000000,0.000657,0.001361,0.023544,0.023883
224,0.318805,0.985910,0.050498,0.0000,0.0000,0.000000,0.0000,0.000000,0.310103,0.000000,0.073070,2.300000,0.750000,0.650000,0.035000,4,0.350000,0.002802,0.001045,0.000000,0.001668,0.003424,0.028855,0.024973
225,0.311697,0.986119,0.049229,0.0000,0.0000,0.000000,0.0000,0.000000,0.310436,0.000000,0.073074,2.300000,0.750000,0.650000,0.035000,4,0.350000,0.016048,0.001485,0.000000,0.001240,0.002462,0.028297,0.025072
226,0.316183,0.984828,0.049918,0.0000,0.0000,0.000000,0.0000,0.000000,0.311484,0.000000,0.072989,2.300000,0.750000,0.650000,0.035000,4,0.350000,0.007582,0.000703,0.000000,0.000712,0.001493,0.023867,0.023960
227,0.315936,0.984794,0.049441,0.0000,0.0000,0.000000,0.0000,0.000000,0.310245,0.000000,0.073105,2.300000,0.750000,0.650000,0.035000,4,0.350000,0.008835,0.000726,0.000000,0.000706,0.001519,0.023908,0.023920
228,0.316547,0.983538,0.048933,0.0000,0.0000,0.000000,0.0000,0.000000,0.310514,0.000000,0.073024,2.300000,0.750000,0.650000,0.035000,4,0.350000,0.016950,0.000736,0.000000,0.000717,0.001559,0.024188,0.024083
229,0.316353,0.986398,0.048569,0.0000,0.0000,0.000000,0.0000,0.000000,0.310315,0.000000,0.072929,2.300000,0.750000,0.650000,0.035000,4,0.350000,0.002390,0.000679,0.000000,0.000668,0.001431,0.023683,0.023883
230,0.317439,0.985038,0.049434,0.0000,0.0000,0.000000,0.0000,0.000000,0.310248,0.000000,0.072922,2.300000,0.750000,0.650000,0.035000,4,0.350000,0.005000,0.000681,0.000000,0.000715,0.001495,0.023800,0.023818
231,0.318658,0.985282,0.048137,0.0000,0.0000,0.000000,0.0000,0.000000,0.310050,0.000000,0.072984,2.300000,0.750000,0.650000,0.035000,4,0.350000,0.012355,0.000662,0.000000,0.000669,0.001388,0.023809,0.023863
232,0.315320,0.986119,0.049977,0.0000,0.0000,0.000000,0.0000,0.000000,0.310365,0.000000,0.073128,2.300000,0.750000,0.650000,0.035000,4,0.350000,0.005941,0.000669,0.000000,0.000654,0.001396,0.023921,0.023899
233,0.313913,0.985805,0.050585,0.0000,0.0000,0.000000,0.0000,0.000000,0.311451,0.000000,0.073076,2.300000,0.750000,0.650000,0.035000,4,0.350000,0.006391,0.000664,0.000000,0.000693,0.001462,0.023552,0.023936
234,0.310977,0.985421,0.047736,0.0000,0.0000,0.000000,0.0000,0.000000,0.309978,0.000000,0.073121,2.300000,0.750000,0.650000,0.035000,4,0.350000,0.016204,0.000680,0.000000,0.000666,0.001419,0.024303,0.023903
235,0.315774,0.984549,0.048244,0.0000,0.0000,0.000000,0.0000,0.000000,0.310464,0.000000,0.073249,2.300000,0.750000,0.650000,0.035000,4,0.350000,0.003238,0.000818,0.000000,0.001393,0.002644,0.027121,0.024856
236,0.312682,0.985003,0.048246,0.0000,0.0000,0.000000,0.0000,0.000000,0.310514,0.000000,0.073105,2.300000,0.750000,0.650000,0.035000,4,0.350000,0.012439,0.001029,0.000000,0.001299,0.002665,0.028013,0.024707
237,0.319352,0.984933,0.048985,0.0000,0.0000,0.000000,0.0000,0.000000,0.310329,0.000000,0.073009,2.300000,0.750000,0.650000,0.035000,4,0.350000,0.003457,0.000752,0.000000,0.000810,0.001693,0.024686,0.024146
238,0.315641,0.986014,0.049717,0.0000,0.0000,0.000000,0.0000,0.000000,0.310570,0.000000,0.072974,2.300000,0.750000,0.650000,0.035000,4,0.350000,0.005643,0.000742,0.000000,0.000751,0.001608,0.023736,0.023980
239,0.314940,0.985212,0.048859,0.0000,0.0000,0.000000,0.0000,0.000000,0.310930,0.000000,0.073098,2.300000,0.750000,0.650000,0.035000,4,0.350000,0.015673,0.000659,0.000000,0.000705,0.001450,0.023637,0.024001
240,0.309625,0.986851,0.047836,0.0000,0.0000,0.000000,0.0000,0.000000,0.310635,0.000000,0.072994,2.300000,0.750000,0.650000,0.035000,4,0.350000,0.003453,0.000648,0.000000,0.000660,0.001376,0.023691,0.023852
241,0.316860,0.985840,0.048658,0.0000,0.0000,0.000000,0.0000,0.000000,0.310733,0.000000,0.073142,2.300000,0.750000,0.650000,0.035000,4,0.350000,0.005050,0.000701,0.000000,0.000685,0.001419,0.023913,0.023980
242,0.314210,0.985805,0.048357,0.0000,0.0000,0.000000,0.0000,0.000000,0.311263,0.000000,0.073175,2.300000,0.750000,0.650000,0.035000,4,0.350000,0.002807,0.000661,0.000000,0.000672,0.001419,0.023574,0.023990
243,0.315640,0.985735,0.048475,0.0000,0.0000,0.000000,0.0000,0.000000,0.309407,0.000000,0.073080,2.300000,0.750000,0.650000,0.035000,4,0.350000,0.002210,0.000670,0.000000,0.000671,0.001436,0.024135,0.023977
244,0.318316,0.986119,0.049925,0.0000,0.0000,0.000000,0.0000,0.000000,0.311057,0.000000,0.073043,2.300000,0.750000,0.650000,0.035000,4,0.350000,0.006548,0.000662,0.000000,0.000682,0.001430,0.023762,0.024037
245,0.318258,0.985317,0.047291,0.0000,0.0000,0.000000,0.0000,0.000000,0.310692,0.000000,0.073099,2.300000,0.750000,0.650000,0.035000,4,0.350000,0.004124,0.000709,0.000000,0.000750,0.001533,0.023671,0.023937
246,0.318427,0.986328,0.050371,0.0000,0.0000,0.000000,0.0000,0.000000,0.309607,0.000000,0.072927,2.300000,0.750000,0.650000,0.035000,4,0.350000,0.003422,0.001186,0.000000,0.000997,0.002097,0.026606,0.024368
247,0.315422,0.986084,0.048824,0.0000,0.0000,0.000000,0.0000,0.000000,0.310696,0.000000,0.072941,2.300000,0.750000,0.650000,0.035000,4,0.350000,0.006014,0.001256,0.000000,0.001459,0.003004,0.028792,0.024873
248,0.314360,0.986433,0.049055,0.0000,0.0000,0.000000,0.0000,0.000000,0.309960,0.000000,0.072891,2.300000,0.750000,0.650000,0.035000,4,0.350000,0.007493,0.000854,0.000000,0.000943,0.002113,0.025555,0.024060
249,0.312310,0.986503,0.048268,0.0000,0.0000,0.000000,0.0000,0.000000,0.309482,0.000000,0.073090,2.300000,0.750000,0.650000,0.035000,4,0.350000,0.003515,0.000723,0.000000,0.000776,0.001604,0.024564,0.023963
250,0.314226,0.986014,0.048327,0.0000,0.0000,0.000000,0.0000,0.000000,0.309712,0.000000,0.073102,2.300000,0.750000,0.650000,0.035000,4,0.350000,0.008064,0.000676,0.000000,0.000716,0.001454,0.023726,0.023907
251,0.313846,0.986258,0.049249,0.0000,0.0000,0.000000,0.0000,0.000000,0.309649,0.000000,0.073112,2.300000,0.750000,0.650000,0.035000,4,0.350000,0.015259,0.000665,0.000000,0.000663,0.001390,0.023765,0.024027
252,0.314499,0.985107,0.048706,0.0000,0.0000,0.000000,0.0000,0.000000,0.309855,0.000000,0.073075,2.300000,0.750000,0.650000,0.035000,4,0.350000,0.007661,0.000670,0.000000,0.000672,0.001401,0.023740,0.023907
253,0.311343,0.985770,0.048298,0.0000,0.0000,0.000000,0.0000,0.000000,0.310862,0.000000,0.073001,2.300000,0.750000,0.650000,0.035000,4,0.350000,0.004508,0.000727,0.000000,0.000718,0.001500,0.024193,0.024122
254,0.310222,0.985700,0.046095,0.0000,0.0000,0.000000,0.0000,0.000000,0.310022,0.000000,0.073239,2.300000,0.750000,0.650000,0.035000,4,0.350000,0.005445,0.000685,0.000000,0.000691,0.001481,0.023628,0.023874
255,0.311756,0.985596,0.047248,0.0000,0.0000,0.000000,0.0000,0.000000,0.311225,0.000000,0.073013,2.300000,0.750000,0.650000,0.035000,4,0.350000,0.015803,0.000654,0.000000,0.000670,0.001393,0.023679,0.023926
256,0.311015,0.985003,0.047095,0.0000,0.0000,0.000000,0.0000,0.000000,0.310166,0.000000,0.072948,2.300000,0.750000,0.650000,0.035000,4,0.350000,0.007237,0.000686,0.000000,0.000711,0.001485,0.023884,0.023929
257,0.318404,0.985142,0.048349,0.0000,0.0000,0.000000,0.0000,0.000000,0.309974,0.000000,0.073030,2.300000,0.750000,0.650000,0.035000,4,0.350000,0.013303,0.000812,0.000000,0.001040,0.002038,0.026031,0.024583
258,0.312716,0.986049,0.047795,0.0000,0.0000,0.000000,0.0000,0.000000,0.309927,0.000000,0.073003,2.300000,0.750000,0.650000,0.035000,4,0.350000,0.004481,0.000944,0.000000,0.001316,0.002760,0.027791,0.024927
259,0.312476,0.985735,0.048224,0.0000,0.0000,0.000000,0.0000,0.000000,0.310666,0.000000,0.073140,2.300000,0.750000,0.650000,0.035000,4,0.350000,0.012067,0.000971,0.000000,0.001099,0.002142,0.026632,0.024279
260,0.311992,0.986328,0.048486,0.0000,0.0000,0.000000,0.0000,0.000000,0.310999,0.000000,0.073024,2.300000,0.750000,0.650000,0.035000,4,0.350000,0.009325,0.000751,0.000000,0.000730,0.001621,0.024452,0.024221
261,0.313841,0.985665,0.047677,0.0000,0.0000,0.000000,0.0000,0.000000,0.309988,0.000000,0.072998,2.300000,0.750000,0.650000,0.035000,4,0.350000,0.005859,0.000709,0.000000,0.000730,0.001542,0.024053,0.024016
262,0.313325,0.985979,0.047923,0.0000,0.0000,0.000000,0.0000,0.000000,0.310293,0.000000,0.073153,2.300000,0.750000,0.650000,0.035000,4,0.350000,0.020564,0.000709,0.000000,0.000726,0.001542,0.023993,0.024018
263,0.311060,0.985491,0.047932,0.0000,0.0000,0.000000,0.0000,0.000000,0.309604,0.000000,0.073163,2.300000,0.750000,0.650000,0.035000,4,0.350000,0.003419,0.000710,0.000000,0.000720,0.001604,0.023926,0.023905
264,0.312273,0.985770,0.047488,0.0000,0.0000,0.000000,0.0000,0.000000,0.310588,0.000000,0.073126,2.300000,0.750000,0.650000,0.035000,4,0.350000,0.003480,0.000682,0.000000,0.000670,0.001414,0.023699,0.024037
265,0.313980,0.985142,0.047876,0.0000,0.0000,0.000000,0.0000,0.000000,0.310196,0.000000,0.073117,2.300000,0.750000,0.650000,0.035000,4,0.350000,0.003731,0.000707,0.000000,0.000732,0.001559,0.023946,0.023933
266,0.316754,0.985282,0.049395,0.0000,0.0000,0.000000,0.0000,0.000000,0.309575,0.000000,0.072976,2.300000,0.750000,0.650000,0.035000,4,0.350000,0.018355,0.000779,0.000000,0.000724,0.001514,0.023519,0.023864
267,0.312530,0.986537,0.048296,0.0000,0.0000,0.000000,0.0000,0.000000,0.309732,0.000000,0.073007,2.300000,0.750000,0.650000,0.035000,4,0.350000,0.003649,0.000671,0.000000,0.000658,0.001497,0.023654,0.023938
268,0.314781,0.986642,0.047450,0.0000,0.0000,0.000000,0.0000,0.000000,0.309549,0.000000,0.073100,2.300000,0.750000,0.650000,0.035000,4,0.350000,0.007975,0.000751,0.000000,0.000908,0.001879,0.025220,0.024629
269,0.310429,0.986223,0.047590,0.0000,0.0000,0.000000,0.0000,0.000000,0.310642,0.000000,0.073134,2.300000,0.750000,0.650000,0.035000,4,0.350000,0.006610,0.001668,0.000000,0.001488,0.003015,0.027717,0.025094
270,0.314545,0.985944,0.048320,0.0000,0.0000,0.000000,0.0000,0.000000,0.310137,0.000000,0.073183,2.300000,0.750000,0.650000,0.035000,4,0.350000,0.002817,0.001092,0.000000,0.001285,0.002442,0.027080,0.024254
271,0.316587,0.984863,0.048120,0.0000,0.0000,0.000000,0.0000,0.000000,0.309801,0.000000,0.073029,2.300000,0.750000,0.650000,0.035000,4,0.350000,0.010077,0.000666,0.000000,0.000694,0.001437,0.023520,0.023897
272,0.312979,0.985631,0.048584,0.0000,0.0000,0.000000,0.0000,0.000000,0.309550,0.000000,0.073171,2.300000,0.750000,0.650000,0.035000,4,0.350000,0.006687,0.000674,0.000000,0.000658,0.001404,0.023934,0.023922
273,0.314845,0.985840,0.047359,0.0000,0.0000,0.000000,0.0000,0.000000,0.310916,0.000000,0.072984,2.300000,0.750000,0.650000,0.035000,4,0.350000,0.003648,0.000631,0.000000,0.000653,0.001371,0.023486,0.023865
274,0.315063,0.985805,0.048305,0.0000,0.0000,0.000000,0.0000,0.000000,0.311305,0.000000,0.073044,2.300000,0.750000,0.650000,0.035000,4,0.350000,0.037319,0.000694,0.000000,0.000705,0.001525,0.024258,0.023940
275,0.313811,0.985456,0.048580,0.0000,0.0000,0.000000,0.0000,0.000000,0.310191,0.000000,0.073148,2.300000,0.750000,0.650000,0.035000,4,0.350000,0.008166,0.000691,0.000000,0.000676,0.001464,0.023758,0.023971
276,0.315693,0.986189,0.048261,0.0000,0.0000,0.000000,0.0000,0.000000,0.310879,0.000000,0.073028,2.300000,0.750000,0.650000,0.035000,4,0.350000,0.006241,0.000698,0.000000,0.000691,0.001479,0.023729,0.023942
277,0.309501,0.986119,0.046629,0.0000,0.0000,0.000000,0.0000,0.000000,0.309148,0.000000,0.073007,2.300000,0.750000,0.650000,0.035000,4,0.350000,0.003347,0.000665,0.000000,0.000680,0.001439,0.023805,0.023810
278,0.310353,0.985386,0.047213,0.0000,0.0000,0.000000,0.0000,0.000000,0.309871,0.000000,0.072993,2.300000,0.750000,0.650000,0.035000,4,0.350000,0.005645,0.000683,0.000000,0.000691,0.001443,0.023687,0.023924
279,0.314204,0.985840,0.048331,0.0000,0.0000,0.000000,0.0000,0.000000,0.310070,0.000000,0.072997,2.300000,0.750000,0.650000,0.035000,4,0.350000,0.025044,0.000737,0.000000,0.000683,0.001468,0.024652,0.024335
280,0.314123,0.986747,0.049050,0.0000,0.0000,0.000000,0.0000,0.000000,0.310609,0.000000,0.072992,2.300000,0.750000,0.650000,0.035000,4,0.350000,0.003509,0.000888,0.000000,0.001152,0.002237,0.027156,0.024453
